[eval_policy_wrapper] RoboTwin commit=0aeea2d669c0 eval_policy.py sha256=8b16c766a9c40116
[eval_policy_wrapper] runtime_root=/root/data/robot/experiment3/manifests/1_episodes/beat_block_hammer/demo_clean/runtime
[eval_policy_wrapper] prewarmed CUDA/Curobo before SAPIEN import
[eval_policy_wrapper] patched warp.torch compatibility namespace
/root/data/miniconda3/envs/robotwin-openwam/lib/python3.10/site-packages/sapien/__init__.py:2: UserWarning: pkg_resources is deprecated as an API. See https://setuptools.pypa.io/en/latest/pkg_resources.html. The pkg_resources package is slated for removal as early as 2025-11-30. Refrain from using this package or pin to Setuptools<81.
  import pkg_resources
============= Config =============

[95mMessy Table:[0m False
[95mRandom Background:[0m False
[95mRandom Light:[0m False
[95mRandom Table Height:[0m 0
[95mRandom Head Camera Distance:[0m 0
[94mHead Camera Config:[0m D435, True
[94mWrist Camera Config:[0m D435, True
[94mEmbodiment Config:[0m aloha-agilex

==================================
missing pytorch3d
[eval_policy_wrapper] overriding RoboTwin eval test_num=1
[eval_policy_wrapper] exception in beat_block_hammer.setup_demo
Traceback (most recent call last):
  File "/root/data/robot/OpenWAM/benchmarks/robotwin/eval_policy_wrapper.py", line 218, in wrapped
    return method(*args, **kwargs)
  File "/root/data/robot/work/RoboTwin-openwam-verified/envs/beat_block_hammer.py", line 10, in setup_demo
    super()._init_task_env_(**kwags)
  File "/root/data/robot/work/RoboTwin-openwam-verified/envs/_base_task.py", line 90, in _init_task_env_
    self.setup_scene()
  File "/root/data/robot/work/RoboTwin-openwam-verified/envs/_base_task.py", line 210, in setup_scene
    self.renderer = sapien.SapienRenderer()
  File "/root/data/miniconda3/envs/robotwin-openwam/lib/python3.10/site-packages/sapien/wrapper/renderer.py", line 9, in __init__
    super().__init__()
RuntimeError: vk::PhysicalDevice::createDeviceUnique: ErrorExtensionNotPresent
[eval_policy_wrapper] expert check skipped seed=100000: RuntimeError
[eval_policy_wrapper] exception in beat_block_hammer.setup_demo
Traceback (most recent call last):
  File "/root/data/robot/OpenWAM/benchmarks/robotwin/eval_policy_wrapper.py", line 218, in wrapped
    return method(*args, **kwargs)
  File "/root/data/robot/work/RoboTwin-openwam-verified/envs/beat_block_hammer.py", line 10, in setup_demo
    super()._init_task_env_(**kwags)
  File "/root/data/robot/work/RoboTwin-openwam-verified/envs/_base_task.py", line 90, in _init_task_env_
    self.setup_scene()
  File "/root/data/robot/work/RoboTwin-openwam-verified/envs/_base_task.py", line 210, in setup_scene
    self.renderer = sapien.SapienRenderer()
  File "/root/data/miniconda3/envs/robotwin-openwam/lib/python3.10/site-packages/sapien/wrapper/renderer.py", line 9, in __init__
    super().__init__()
RuntimeError: vk::PhysicalDevice::createDeviceUnique: ErrorExtensionNotPresent
[eval_policy_wrapper] expert check skipped seed=100001: RuntimeError
[eval_policy_wrapper] exception in beat_block_hammer.setup_demo
Traceback (most recent call last):
  File "/root/data/robot/OpenWAM/benchmarks/robotwin/eval_policy_wrapper.py", line 218, in wrapped
    return method(*args, **kwargs)
  File "/root/data/robot/work/RoboTwin-openwam-verified/envs/beat_block_hammer.py", line 10, in setup_demo
    super()._init_task_env_(**kwags)
  File "/root/data/robot/work/RoboTwin-openwam-verified/envs/_base_task.py", line 90, in _init_task_env_
    self.setup_scene()
  File "/root/data/robot/work/RoboTwin-openwam-verified/envs/_base_task.py", line 210, in setup_scene
    self.renderer = sapien.SapienRenderer()
  File "/root/data/miniconda3/envs/robotwin-openwam/lib/python3.10/site-packages/sapien/wrapper/renderer.py", line 9, in __init__
    super().__init__()
RuntimeError: vk::PhysicalDevice::createDeviceUnique: ErrorExtensionNotPresent
[eval_policy_wrapper] expert check skipped seed=100002: RuntimeError
[eval_policy_wrapper] exception in beat_block_hammer.setup_demo
Traceback (most recent call last):
  File "/root/data/robot/OpenWAM/benchmarks/robotwin/eval_policy_wrapper.py", line 218, in wrapped
    return method(*args, **kwargs)
  File "/root/data/robot/work/RoboTwin-openwam-verified/envs/beat_block_hammer.py", line 10, in setup_demo
    super()._init_task_env_(**kwags)
  File "/root/data/robot/work/RoboTwin-openwam-verified/envs/_base_task.py", line 90, in _init_task_env_
    self.setup_scene()
  File "/root/data/robot/work/RoboTwin-openwam-verified/envs/_base_task.py", line 210, in setup_scene
    self.renderer = sapien.SapienRenderer()
  File "/root/data/miniconda3/envs/robotwin-openwam/lib/python3.10/site-packages/sapien/wrapper/renderer.py", line 9, in __init__
    super().__init__()
RuntimeError: vk::PhysicalDevice::createDeviceUnique: ErrorExtensionNotPresent
[eval_policy_wrapper] expert check skipped seed=100003: RuntimeError
[eval_policy_wrapper] exception in beat_block_hammer.setup_demo
Traceback (most recent call last):
  File "/root/data/robot/OpenWAM/benchmarks/robotwin/eval_policy_wrapper.py", line 218, in wrapped
    return method(*args, **kwargs)
  File "/root/data/robot/work/RoboTwin-openwam-verified/envs/beat_block_hammer.py", line 10, in setup_demo
    super()._init_task_env_(**kwags)
  File "/root/data/robot/work/RoboTwin-openwam-verified/envs/_base_task.py", line 90, in _init_task_env_
    self.setup_scene()
  File "/root/data/robot/work/RoboTwin-openwam-verified/envs/_base_task.py", line 210, in setup_scene
    self.renderer = sapien.SapienRenderer()
  File "/root/data/miniconda3/envs/robotwin-openwam/lib/python3.10/site-packages/sapien/wrapper/renderer.py", line 9, in __init__
    super().__init__()
RuntimeError: vk::PhysicalDevice::createDeviceUnique: ErrorExtensionNotPresent
[eval_policy_wrapper] expert check skipped seed=100004: RuntimeError
[eval_policy_wrapper] exception in beat_block_hammer.setup_demo
Traceback (most recent call last):
  File "/root/data/robot/OpenWAM/benchmarks/robotwin/eval_policy_wrapper.py", line 218, in wrapped
    return method(*args, **kwargs)
  File "/root/data/robot/work/RoboTwin-openwam-verified/envs/beat_block_hammer.py", line 10, in setup_demo
    super()._init_task_env_(**kwags)
  File "/root/data/robot/work/RoboTwin-openwam-verified/envs/_base_task.py", line 90, in _init_task_env_
    self.setup_scene()
  File "/root/data/robot/work/RoboTwin-openwam-verified/envs/_base_task.py", line 210, in setup_scene
    self.renderer = sapien.SapienRenderer()
  File "/root/data/miniconda3/envs/robotwin-openwam/lib/python3.10/site-packages/sapien/wrapper/renderer.py", line 9, in __init__
    super().__init__()
RuntimeError: vk::PhysicalDevice::createDeviceUnique: ErrorExtensionNotPresent
[eval_policy_wrapper] expert check skipped seed=100005: RuntimeError
[eval_policy_wrapper] exception in beat_block_hammer.setup_demo
Traceback (most recent call last):
  File "/root/data/robot/OpenWAM/benchmarks/robotwin/eval_policy_wrapper.py", line 218, in wrapped
    return method(*args, **kwargs)
  File "/root/data/robot/work/RoboTwin-openwam-verified/envs/beat_block_hammer.py", line 10, in setup_demo
    super()._init_task_env_(**kwags)
  File "/root/data/robot/work/RoboTwin-openwam-verified/envs/_base_task.py", line 90, in _init_task_env_
    self.setup_scene()
  File "/root/data/robot/work/RoboTwin-openwam-verified/envs/_base_task.py", line 210, in setup_scene
    self.renderer = sapien.SapienRenderer()
  File "/root/data/miniconda3/envs/robotwin-openwam/lib/python3.10/site-packages/sapien/wrapper/renderer.py", line 9, in __init__
    super().__init__()
RuntimeError: vk::PhysicalDevice::createDeviceUnique: ErrorExtensionNotPresent
[eval_policy_wrapper] expert check skipped seed=100006: RuntimeError
[eval_policy_wrapper] exception in beat_block_hammer.setup_demo
Traceback (most recent call last):
  File "/root/data/robot/OpenWAM/benchmarks/robotwin/eval_policy_wrapper.py", line 218, in wrapped
    return method(*args, **kwargs)
  File "/root/data/robot/work/RoboTwin-openwam-verified/envs/beat_block_hammer.py", line 10, in setup_demo
    super()._init_task_env_(**kwags)
  File "/root/data/robot/work/RoboTwin-openwam-verified/envs/_base_task.py", line 90, in _init_task_env_
    self.setup_scene()
  File "/root/data/robot/work/RoboTwin-openwam-verified/envs/_base_task.py", line 210, in setup_scene
    self.renderer = sapien.SapienRenderer()
  File "/root/data/miniconda3/envs/robotwin-openwam/lib/python3.10/site-packages/sapien/wrapper/renderer.py", line 9, in __init__
    super().__init__()
RuntimeError: vk::PhysicalDevice::createDeviceUnique: ErrorExtensionNotPresent
[eval_policy_wrapper] expert check skipped seed=100007: RuntimeError
[eval_policy_wrapper] exception in beat_block_hammer.setup_demo
Traceback (most recent call last):
  File "/root/data/robot/OpenWAM/benchmarks/robotwin/eval_policy_wrapper.py", line 218, in wrapped
    return method(*args, **kwargs)
  File "/root/data/robot/work/RoboTwin-openwam-verified/envs/beat_block_hammer.py", line 10, in setup_demo
    super()._init_task_env_(**kwags)
  File "/root/data/robot/work/RoboTwin-openwam-verified/envs/_base_task.py", line 90, in _init_task_env_
    self.setup_scene()
  File "/root/data/robot/work/RoboTwin-openwam-verified/envs/_base_task.py", line 210, in setup_scene
    self.renderer = sapien.SapienRenderer()
  File "/root/data/miniconda3/envs/robotwin-openwam/lib/python3.10/site-packages/sapien/wrapper/renderer.py", line 9, in __init__
    super().__init__()
RuntimeError: vk::PhysicalDevice::createDeviceUnique: ErrorExtensionNotPresent
[eval_policy_wrapper] expert check skipped seed=100008: RuntimeError
[eval_policy_wrapper] exception in beat_block_hammer.setup_demo
Traceback (most recent call last):
  File "/root/data/robot/OpenWAM/benchmarks/robotwin/eval_policy_wrapper.py", line 218, in wrapped
    return method(*args, **kwargs)
  File "/root/data/robot/work/RoboTwin-openwam-verified/envs/beat_block_hammer.py", line 10, in setup_demo
    super()._init_task_env_(**kwags)
  File "/root/data/robot/work/RoboTwin-openwam-verified/envs/_base_task.py", line 90, in _init_task_env_
    self.setup_scene()
  File "/root/data/robot/work/RoboTwin-openwam-verified/envs/_base_task.py", line 210, in setup_scene
    self.renderer = sapien.SapienRenderer()
  File "/root/data/miniconda3/envs/robotwin-openwam/lib/python3.10/site-packages/sapien/wrapper/renderer.py", line 9, in __init__
    super().__init__()
RuntimeError: vk::PhysicalDevice::createDeviceUnique: ErrorExtensionNotPresent
[eval_policy_wrapper] expert check skipped seed=100009: RuntimeError
[eval_policy_wrapper] exception in beat_block_hammer.setup_demo
Traceback (most recent call last):
  File "/root/data/robot/OpenWAM/benchmarks/robotwin/eval_policy_wrapper.py", line 218, in wrapped
    return method(*args, **kwargs)
  File "/root/data/robot/work/RoboTwin-openwam-verified/envs/beat_block_hammer.py", line 10, in setup_demo
    super()._init_task_env_(**kwags)
  File "/root/data/robot/work/RoboTwin-openwam-verified/envs/_base_task.py", line 90, in _init_task_env_
    self.setup_scene()
  File "/root/data/robot/work/RoboTwin-openwam-verified/envs/_base_task.py", line 210, in setup_scene
    self.renderer = sapien.SapienRenderer()
  File "/root/data/miniconda3/envs/robotwin-openwam/lib/python3.10/site-packages/sapien/wrapper/renderer.py", line 9, in __init__
    super().__init__()
RuntimeError: vk::PhysicalDevice::createDeviceUnique: ErrorExtensionNotPresent
[eval_policy_wrapper] expert check skipped seed=100010: RuntimeError
[eval_policy_wrapper] exception in beat_block_hammer.setup_demo
Traceback (most recent call last):
  File "/root/data/robot/OpenWAM/benchmarks/robotwin/eval_policy_wrapper.py", line 218, in wrapped
    return method(*args, **kwargs)
  File "/root/data/robot/work/RoboTwin-openwam-verified/envs/beat_block_hammer.py", line 10, in setup_demo
    super()._init_task_env_(**kwags)
  File "/root/data/robot/work/RoboTwin-openwam-verified/envs/_base_task.py", line 90, in _init_task_env_
    self.setup_scene()
  File "/root/data/robot/work/RoboTwin-openwam-verified/envs/_base_task.py", line 210, in setup_scene
    self.renderer = sapien.SapienRenderer()
  File "/root/data/miniconda3/envs/robotwin-openwam/lib/python3.10/site-packages/sapien/wrapper/renderer.py", line 9, in __init__
    super().__init__()
RuntimeError: vk::PhysicalDevice::createDeviceUnique: ErrorExtensionNotPresent
[eval_policy_wrapper] expert check skipped seed=100011: RuntimeError
[eval_policy_wrapper] exception in beat_block_hammer.setup_demo
Traceback (most recent call last):
  File "/root/data/robot/OpenWAM/benchmarks/robotwin/eval_policy_wrapper.py", line 218, in wrapped
    return method(*args, **kwargs)
  File "/root/data/robot/work/RoboTwin-openwam-verified/envs/beat_block_hammer.py", line 10, in setup_demo
    super()._init_task_env_(**kwags)
  File "/root/data/robot/work/RoboTwin-openwam-verified/envs/_base_task.py", line 90, in _init_task_env_
    self.setup_scene()
  File "/root/data/robot/work/RoboTwin-openwam-verified/envs/_base_task.py", line 210, in setup_scene
    self.renderer = sapien.SapienRenderer()
  File "/root/data/miniconda3/envs/robotwin-openwam/lib/python3.10/site-packages/sapien/wrapper/renderer.py", line 9, in __init__
    super().__init__()
RuntimeError: vk::PhysicalDevice::createDeviceUnique: ErrorExtensionNotPresent
[eval_policy_wrapper] expert check skipped seed=100012: RuntimeError
[eval_policy_wrapper] exception in beat_block_hammer.setup_demo
Traceback (most recent call last):
  File "/root/data/robot/OpenWAM/benchmarks/robotwin/eval_policy_wrapper.py", line 218, in wrapped
    return method(*args, **kwargs)
  File "/root/data/robot/work/RoboTwin-openwam-verified/envs/beat_block_hammer.py", line 10, in setup_demo
    super()._init_task_env_(**kwags)
  File "/root/data/robot/work/RoboTwin-openwam-verified/envs/_base_task.py", line 90, in _init_task_env_
    self.setup_scene()
  File "/root/data/robot/work/RoboTwin-openwam-verified/envs/_base_task.py", line 210, in setup_scene
    self.renderer = sapien.SapienRenderer()
  File "/root/data/miniconda3/envs/robotwin-openwam/lib/python3.10/site-packages/sapien/wrapper/renderer.py", line 9, in __init__
    super().__init__()
RuntimeError: vk::PhysicalDevice::createDeviceUnique: ErrorExtensionNotPresent
[eval_policy_wrapper] expert check skipped seed=100013: RuntimeError
[eval_policy_wrapper] exception in beat_block_hammer.setup_demo
Traceback (most recent call last):
  File "/root/data/robot/OpenWAM/benchmarks/robotwin/eval_policy_wrapper.py", line 218, in wrapped
    return method(*args, **kwargs)
  File "/root/data/robot/work/RoboTwin-openwam-verified/envs/beat_block_hammer.py", line 10, in setup_demo
    super()._init_task_env_(**kwags)
  File "/root/data/robot/work/RoboTwin-openwam-verified/envs/_base_task.py", line 90, in _init_task_env_
    self.setup_scene()
  File "/root/data/robot/work/RoboTwin-openwam-verified/envs/_base_task.py", line 210, in setup_scene
    self.renderer = sapien.SapienRenderer()
  File "/root/data/miniconda3/envs/robotwin-openwam/lib/python3.10/site-packages/sapien/wrapper/renderer.py", line 9, in __init__
    super().__init__()
RuntimeError: vk::PhysicalDevice::createDeviceUnique: ErrorExtensionNotPresent
[eval_policy_wrapper] expert check skipped seed=100014: RuntimeError
[eval_policy_wrapper] exception in beat_block_hammer.setup_demo
Traceback (most recent call last):
  File "/root/data/robot/OpenWAM/benchmarks/robotwin/eval_policy_wrapper.py", line 218, in wrapped
    return method(*args, **kwargs)
  File "/root/data/robot/work/RoboTwin-openwam-verified/envs/beat_block_hammer.py", line 10, in setup_demo
    super()._init_task_env_(**kwags)
  File "/root/data/robot/work/RoboTwin-openwam-verified/envs/_base_task.py", line 90, in _init_task_env_
    self.setup_scene()
  File "/root/data/robot/work/RoboTwin-openwam-verified/envs/_base_task.py", line 210, in setup_scene
    self.renderer = sapien.SapienRenderer()
  File "/root/data/miniconda3/envs/robotwin-openwam/lib/python3.10/site-packages/sapien/wrapper/renderer.py", line 9, in __init__
    super().__init__()
RuntimeError: vk::PhysicalDevice::createDeviceUnique: ErrorExtensionNotPresent
[eval_policy_wrapper] expert check skipped seed=100015: RuntimeError
[eval_policy_wrapper] exception in beat_block_hammer.setup_demo
Traceback (most recent call last):
  File "/root/data/robot/OpenWAM/benchmarks/robotwin/eval_policy_wrapper.py", line 218, in wrapped
    return method(*args, **kwargs)
  File "/root/data/robot/work/RoboTwin-openwam-verified/envs/beat_block_hammer.py", line 10, in setup_demo
    super()._init_task_env_(**kwags)
  File "/root/data/robot/work/RoboTwin-openwam-verified/envs/_base_task.py", line 90, in _init_task_env_
    self.setup_scene()
  File "/root/data/robot/work/RoboTwin-openwam-verified/envs/_base_task.py", line 210, in setup_scene
    self.renderer = sapien.SapienRenderer()
  File "/root/data/miniconda3/envs/robotwin-openwam/lib/python3.10/site-packages/sapien/wrapper/renderer.py", line 9, in __init__
    super().__init__()
RuntimeError: vk::PhysicalDevice::createDeviceUnique: ErrorExtensionNotPresent
[eval_policy_wrapper] expert check skipped seed=100016: RuntimeError
[eval_policy_wrapper] exception in beat_block_hammer.setup_demo
Traceback (most recent call last):
  File "/root/data/robot/OpenWAM/benchmarks/robotwin/eval_policy_wrapper.py", line 218, in wrapped
    return method(*args, **kwargs)
  File "/root/data/robot/work/RoboTwin-openwam-verified/envs/beat_block_hammer.py", line 10, in setup_demo
    super()._init_task_env_(**kwags)
  File "/root/data/robot/work/RoboTwin-openwam-verified/envs/_base_task.py", line 90, in _init_task_env_
    self.setup_scene()
  File "/root/data/robot/work/RoboTwin-openwam-verified/envs/_base_task.py", line 210, in setup_scene
    self.renderer = sapien.SapienRenderer()
  File "/root/data/miniconda3/envs/robotwin-openwam/lib/python3.10/site-packages/sapien/wrapper/renderer.py", line 9, in __init__
    super().__init__()
RuntimeError: vk::PhysicalDevice::createDeviceUnique: ErrorExtensionNotPresent
[eval_policy_wrapper] expert check skipped seed=100017: RuntimeError
[eval_policy_wrapper] exception in beat_block_hammer.setup_demo
Traceback (most recent call last):
  File "/root/data/robot/OpenWAM/benchmarks/robotwin/eval_policy_wrapper.py", line 218, in wrapped
    return method(*args, **kwargs)
  File "/root/data/robot/work/RoboTwin-openwam-verified/envs/beat_block_hammer.py", line 10, in setup_demo
    super()._init_task_env_(**kwags)
  File "/root/data/robot/work/RoboTwin-openwam-verified/envs/_base_task.py", line 90, in _init_task_env_
    self.setup_scene()
  File "/root/data/robot/work/RoboTwin-openwam-verified/envs/_base_task.py", line 210, in setup_scene
    self.renderer = sapien.SapienRenderer()
  File "/root/data/miniconda3/envs/robotwin-openwam/lib/python3.10/site-packages/sapien/wrapper/renderer.py", line 9, in __init__
    super().__init__()
RuntimeError: vk::PhysicalDevice::createDeviceUnique: ErrorExtensionNotPresent
[eval_policy_wrapper] expert check skipped seed=100018: RuntimeError
[eval_policy_wrapper] exception in beat_block_hammer.setup_demo
Traceback (most recent call last):
  File "/root/data/robot/OpenWAM/benchmarks/robotwin/eval_policy_wrapper.py", line 218, in wrapped
    return method(*args, **kwargs)
  File "/root/data/robot/work/RoboTwin-openwam-verified/envs/beat_block_hammer.py", line 10, in setup_demo
    super()._init_task_env_(**kwags)
  File "/root/data/robot/work/RoboTwin-openwam-verified/envs/_base_task.py", line 90, in _init_task_env_
    self.setup_scene()
  File "/root/data/robot/work/RoboTwin-openwam-verified/envs/_base_task.py", line 210, in setup_scene
    self.renderer = sapien.SapienRenderer()
  File "/root/data/miniconda3/envs/robotwin-openwam/lib/python3.10/site-packages/sapien/wrapper/renderer.py", line 9, in __init__
    super().__init__()
RuntimeError: vk::PhysicalDevice::createDeviceUnique: ErrorExtensionNotPresent
[eval_policy_wrapper] expert check skipped seed=100019: RuntimeError
[eval_policy_wrapper] exception in beat_block_hammer.setup_demo
Traceback (most recent call last):
  File "/root/data/robot/OpenWAM/benchmarks/robotwin/eval_policy_wrapper.py", line 218, in wrapped
    return method(*args, **kwargs)
  File "/root/data/robot/work/RoboTwin-openwam-verified/envs/beat_block_hammer.py", line 10, in setup_demo
    super()._init_task_env_(**kwags)
  File "/root/data/robot/work/RoboTwin-openwam-verified/envs/_base_task.py", line 90, in _init_task_env_
    self.setup_scene()
  File "/root/data/robot/work/RoboTwin-openwam-verified/envs/_base_task.py", line 210, in setup_scene
    self.renderer = sapien.SapienRenderer()
  File "/root/data/miniconda3/envs/robotwin-openwam/lib/python3.10/site-packages/sapien/wrapper/renderer.py", line 9, in __init__
    super().__init__()
RuntimeError: vk::PhysicalDevice::createDeviceUnique: ErrorExtensionNotPresent
[eval_policy_wrapper] expert check skipped seed=100020: RuntimeError
[eval_policy_wrapper] exception in beat_block_hammer.setup_demo
Traceback (most recent call last):
  File "/root/data/robot/OpenWAM/benchmarks/robotwin/eval_policy_wrapper.py", line 218, in wrapped
    return method(*args, **kwargs)
  File "/root/data/robot/work/RoboTwin-openwam-verified/envs/beat_block_hammer.py", line 10, in setup_demo
    super()._init_task_env_(**kwags)
  File "/root/data/robot/work/RoboTwin-openwam-verified/envs/_base_task.py", line 90, in _init_task_env_
    self.setup_scene()
  File "/root/data/robot/work/RoboTwin-openwam-verified/envs/_base_task.py", line 210, in setup_scene
    self.renderer = sapien.SapienRenderer()
  File "/root/data/miniconda3/envs/robotwin-openwam/lib/python3.10/site-packages/sapien/wrapper/renderer.py", line 9, in __init__
    super().__init__()
RuntimeError: vk::PhysicalDevice::createDeviceUnique: ErrorExtensionNotPresent
[eval_policy_wrapper] expert check skipped seed=100021: RuntimeError
[eval_policy_wrapper] exception in beat_block_hammer.setup_demo
Traceback (most recent call last):
  File "/root/data/robot/OpenWAM/benchmarks/robotwin/eval_policy_wrapper.py", line 218, in wrapped
    return method(*args, **kwargs)
  File "/root/data/robot/work/RoboTwin-openwam-verified/envs/beat_block_hammer.py", line 10, in setup_demo
    super()._init_task_env_(**kwags)
  File "/root/data/robot/work/RoboTwin-openwam-verified/envs/_base_task.py", line 90, in _init_task_env_
    self.setup_scene()
  File "/root/data/robot/work/RoboTwin-openwam-verified/envs/_base_task.py", line 210, in setup_scene
    self.renderer = sapien.SapienRenderer()
  File "/root/data/miniconda3/envs/robotwin-openwam/lib/python3.10/site-packages/sapien/wrapper/renderer.py", line 9, in __init__
    super().__init__()
RuntimeError: vk::PhysicalDevice::createDeviceUnique: ErrorExtensionNotPresent
[eval_policy_wrapper] expert check skipped seed=100022: RuntimeError
[eval_policy_wrapper] exception in beat_block_hammer.setup_demo
Traceback (most recent call last):
  File "/root/data/robot/OpenWAM/benchmarks/robotwin/eval_policy_wrapper.py", line 218, in wrapped
    return method(*args, **kwargs)
  File "/root/data/robot/work/RoboTwin-openwam-verified/envs/beat_block_hammer.py", line 10, in setup_demo
    super()._init_task_env_(**kwags)
  File "/root/data/robot/work/RoboTwin-openwam-verified/envs/_base_task.py", line 90, in _init_task_env_
    self.setup_scene()
  File "/root/data/robot/work/RoboTwin-openwam-verified/envs/_base_task.py", line 210, in setup_scene
    self.renderer = sapien.SapienRenderer()
  File "/root/data/miniconda3/envs/robotwin-openwam/lib/python3.10/site-packages/sapien/wrapper/renderer.py", line 9, in __init__
    super().__init__()
RuntimeError: vk::PhysicalDevice::createDeviceUnique: ErrorExtensionNotPresent
[eval_policy_wrapper] expert check skipped seed=100023: RuntimeError
[eval_policy_wrapper] exception in beat_block_hammer.setup_demo
Traceback (most recent call last):
  File "/root/data/robot/OpenWAM/benchmarks/robotwin/eval_policy_wrapper.py", line 218, in wrapped
    return method(*args, **kwargs)
  File "/root/data/robot/work/RoboTwin-openwam-verified/envs/beat_block_hammer.py", line 10, in setup_demo
    super()._init_task_env_(**kwags)
  File "/root/data/robot/work/RoboTwin-openwam-verified/envs/_base_task.py", line 90, in _init_task_env_
    self.setup_scene()
  File "/root/data/robot/work/RoboTwin-openwam-verified/envs/_base_task.py", line 210, in setup_scene
    self.renderer = sapien.SapienRenderer()
  File "/root/data/miniconda3/envs/robotwin-openwam/lib/python3.10/site-packages/sapien/wrapper/renderer.py", line 9, in __init__
    super().__init__()
RuntimeError: vk::PhysicalDevice::createDeviceUnique: ErrorExtensionNotPresent
[eval_policy_wrapper] expert check skipped seed=100024: RuntimeError
[eval_policy_wrapper] exception in beat_block_hammer.setup_demo
Traceback (most recent call last):
  File "/root/data/robot/OpenWAM/benchmarks/robotwin/eval_policy_wrapper.py", line 218, in wrapped
    return method(*args, **kwargs)
  File "/root/data/robot/work/RoboTwin-openwam-verified/envs/beat_block_hammer.py", line 10, in setup_demo
    super()._init_task_env_(**kwags)
  File "/root/data/robot/work/RoboTwin-openwam-verified/envs/_base_task.py", line 90, in _init_task_env_
    self.setup_scene()
  File "/root/data/robot/work/RoboTwin-openwam-verified/envs/_base_task.py", line 210, in setup_scene
    self.renderer = sapien.SapienRenderer()
  File "/root/data/miniconda3/envs/robotwin-openwam/lib/python3.10/site-packages/sapien/wrapper/renderer.py", line 9, in __init__
    super().__init__()
RuntimeError: vk::PhysicalDevice::createDeviceUnique: ErrorExtensionNotPresent
[eval_policy_wrapper] expert check skipped seed=100025: RuntimeError
[eval_policy_wrapper] exception in beat_block_hammer.setup_demo
Traceback (most recent call last):
  File "/root/data/robot/OpenWAM/benchmarks/robotwin/eval_policy_wrapper.py", line 218, in wrapped
    return method(*args, **kwargs)
  File "/root/data/robot/work/RoboTwin-openwam-verified/envs/beat_block_hammer.py", line 10, in setup_demo
    super()._init_task_env_(**kwags)
  File "/root/data/robot/work/RoboTwin-openwam-verified/envs/_base_task.py", line 90, in _init_task_env_
    self.setup_scene()
  File "/root/data/robot/work/RoboTwin-openwam-verified/envs/_base_task.py", line 210, in setup_scene
    self.renderer = sapien.SapienRenderer()
  File "/root/data/miniconda3/envs/robotwin-openwam/lib/python3.10/site-packages/sapien/wrapper/renderer.py", line 9, in __init__
    super().__init__()
RuntimeError: vk::PhysicalDevice::createDeviceUnique: ErrorExtensionNotPresent
[eval_policy_wrapper] expert check skipped seed=100026: RuntimeError
[eval_policy_wrapper] exception in beat_block_hammer.setup_demo
Traceback (most recent call last):
  File "/root/data/robot/OpenWAM/benchmarks/robotwin/eval_policy_wrapper.py", line 218, in wrapped
    return method(*args, **kwargs)
  File "/root/data/robot/work/RoboTwin-openwam-verified/envs/beat_block_hammer.py", line 10, in setup_demo
    super()._init_task_env_(**kwags)
  File "/root/data/robot/work/RoboTwin-openwam-verified/envs/_base_task.py", line 90, in _init_task_env_
    self.setup_scene()
  File "/root/data/robot/work/RoboTwin-openwam-verified/envs/_base_task.py", line 210, in setup_scene
    self.renderer = sapien.SapienRenderer()
  File "/root/data/miniconda3/envs/robotwin-openwam/lib/python3.10/site-packages/sapien/wrapper/renderer.py", line 9, in __init__
    super().__init__()
RuntimeError: vk::PhysicalDevice::createDeviceUnique: ErrorExtensionNotPresent
[eval_policy_wrapper] expert check skipped seed=100027: RuntimeError
[eval_policy_wrapper] exception in beat_block_hammer.setup_demo
Traceback (most recent call last):
  File "/root/data/robot/OpenWAM/benchmarks/robotwin/eval_policy_wrapper.py", line 218, in wrapped
    return method(*args, **kwargs)
  File "/root/data/robot/work/RoboTwin-openwam-verified/envs/beat_block_hammer.py", line 10, in setup_demo
    super()._init_task_env_(**kwags)
  File "/root/data/robot/work/RoboTwin-openwam-verified/envs/_base_task.py", line 90, in _init_task_env_
    self.setup_scene()
  File "/root/data/robot/work/RoboTwin-openwam-verified/envs/_base_task.py", line 210, in setup_scene
    self.renderer = sapien.SapienRenderer()
  File "/root/data/miniconda3/envs/robotwin-openwam/lib/python3.10/site-packages/sapien/wrapper/renderer.py", line 9, in __init__
    super().__init__()
RuntimeError: vk::PhysicalDevice::createDeviceUnique: ErrorExtensionNotPresent
[eval_policy_wrapper] expert check skipped seed=100028: RuntimeError
[eval_policy_wrapper] exception in beat_block_hammer.setup_demo
Traceback (most recent call last):
  File "/root/data/robot/OpenWAM/benchmarks/robotwin/eval_policy_wrapper.py", line 218, in wrapped
    return method(*args, **kwargs)
  File "/root/data/robot/work/RoboTwin-openwam-verified/envs/beat_block_hammer.py", line 10, in setup_demo
    super()._init_task_env_(**kwags)
  File "/root/data/robot/work/RoboTwin-openwam-verified/envs/_base_task.py", line 90, in _init_task_env_
    self.setup_scene()
  File "/root/data/robot/work/RoboTwin-openwam-verified/envs/_base_task.py", line 210, in setup_scene
    self.renderer = sapien.SapienRenderer()
  File "/root/data/miniconda3/envs/robotwin-openwam/lib/python3.10/site-packages/sapien/wrapper/renderer.py", line 9, in __init__
    super().__init__()
RuntimeError: vk::PhysicalDevice::createDeviceUnique: ErrorExtensionNotPresent
[eval_policy_wrapper] expert check skipped seed=100029: RuntimeError
[eval_policy_wrapper] exception in beat_block_hammer.setup_demo
Traceback (most recent call last):
  File "/root/data/robot/OpenWAM/benchmarks/robotwin/eval_policy_wrapper.py", line 218, in wrapped
    return method(*args, **kwargs)
  File "/root/data/robot/work/RoboTwin-openwam-verified/envs/beat_block_hammer.py", line 10, in setup_demo
    super()._init_task_env_(**kwags)
  File "/root/data/robot/work/RoboTwin-openwam-verified/envs/_base_task.py", line 90, in _init_task_env_
    self.setup_scene()
  File "/root/data/robot/work/RoboTwin-openwam-verified/envs/_base_task.py", line 210, in setup_scene
    self.renderer = sapien.SapienRenderer()
  File "/root/data/miniconda3/envs/robotwin-openwam/lib/python3.10/site-packages/sapien/wrapper/renderer.py", line 9, in __init__
    super().__init__()
RuntimeError: vk::PhysicalDevice::createDeviceUnique: ErrorExtensionNotPresent
[eval_policy_wrapper] expert check skipped seed=100030: RuntimeError
[eval_policy_wrapper] exception in beat_block_hammer.setup_demo
Traceback (most recent call last):
  File "/root/data/robot/OpenWAM/benchmarks/robotwin/eval_policy_wrapper.py", line 218, in wrapped
    return method(*args, **kwargs)
  File "/root/data/robot/work/RoboTwin-openwam-verified/envs/beat_block_hammer.py", line 10, in setup_demo
    super()._init_task_env_(**kwags)
  File "/root/data/robot/work/RoboTwin-openwam-verified/envs/_base_task.py", line 90, in _init_task_env_
    self.setup_scene()
  File "/root/data/robot/work/RoboTwin-openwam-verified/envs/_base_task.py", line 210, in setup_scene
    self.renderer = sapien.SapienRenderer()
  File "/root/data/miniconda3/envs/robotwin-openwam/lib/python3.10/site-packages/sapien/wrapper/renderer.py", line 9, in __init__
    super().__init__()
RuntimeError: vk::PhysicalDevice::createDeviceUnique: ErrorExtensionNotPresent
[eval_policy_wrapper] expert check skipped seed=100031: RuntimeError
[eval_policy_wrapper] exception in beat_block_hammer.setup_demo
Traceback (most recent call last):
  File "/root/data/robot/OpenWAM/benchmarks/robotwin/eval_policy_wrapper.py", line 218, in wrapped
    return method(*args, **kwargs)
  File "/root/data/robot/work/RoboTwin-openwam-verified/envs/beat_block_hammer.py", line 10, in setup_demo
    super()._init_task_env_(**kwags)
  File "/root/data/robot/work/RoboTwin-openwam-verified/envs/_base_task.py", line 90, in _init_task_env_
    self.setup_scene()
  File "/root/data/robot/work/RoboTwin-openwam-verified/envs/_base_task.py", line 210, in setup_scene
    self.renderer = sapien.SapienRenderer()
  File "/root/data/miniconda3/envs/robotwin-openwam/lib/python3.10/site-packages/sapien/wrapper/renderer.py", line 9, in __init__
    super().__init__()
RuntimeError: vk::PhysicalDevice::createDeviceUnique: ErrorExtensionNotPresent
[eval_policy_wrapper] expert check skipped seed=100032: RuntimeError
[eval_policy_wrapper] exception in beat_block_hammer.setup_demo
Traceback (most recent call last):
  File "/root/data/robot/OpenWAM/benchmarks/robotwin/eval_policy_wrapper.py", line 218, in wrapped
    return method(*args, **kwargs)
  File "/root/data/robot/work/RoboTwin-openwam-verified/envs/beat_block_hammer.py", line 10, in setup_demo
    super()._init_task_env_(**kwags)
  File "/root/data/robot/work/RoboTwin-openwam-verified/envs/_base_task.py", line 90, in _init_task_env_
    self.setup_scene()
  File "/root/data/robot/work/RoboTwin-openwam-verified/envs/_base_task.py", line 210, in setup_scene
    self.renderer = sapien.SapienRenderer()
  File "/root/data/miniconda3/envs/robotwin-openwam/lib/python3.10/site-packages/sapien/wrapper/renderer.py", line 9, in __init__
    super().__init__()
RuntimeError: vk::PhysicalDevice::createDeviceUnique: ErrorExtensionNotPresent
[eval_policy_wrapper] expert check skipped seed=100033: RuntimeError
[eval_policy_wrapper] exception in beat_block_hammer.setup_demo
Traceback (most recent call last):
  File "/root/data/robot/OpenWAM/benchmarks/robotwin/eval_policy_wrapper.py", line 218, in wrapped
    return method(*args, **kwargs)
  File "/root/data/robot/work/RoboTwin-openwam-verified/envs/beat_block_hammer.py", line 10, in setup_demo
    super()._init_task_env_(**kwags)
  File "/root/data/robot/work/RoboTwin-openwam-verified/envs/_base_task.py", line 90, in _init_task_env_
    self.setup_scene()
  File "/root/data/robot/work/RoboTwin-openwam-verified/envs/_base_task.py", line 210, in setup_scene
    self.renderer = sapien.SapienRenderer()
  File "/root/data/miniconda3/envs/robotwin-openwam/lib/python3.10/site-packages/sapien/wrapper/renderer.py", line 9, in __init__
    super().__init__()
RuntimeError: vk::PhysicalDevice::createDeviceUnique: ErrorExtensionNotPresent
[eval_policy_wrapper] expert check skipped seed=100034: RuntimeError
[eval_policy_wrapper] exception in beat_block_hammer.setup_demo
Traceback (most recent call last):
  File "/root/data/robot/OpenWAM/benchmarks/robotwin/eval_policy_wrapper.py", line 218, in wrapped
    return method(*args, **kwargs)
  File "/root/data/robot/work/RoboTwin-openwam-verified/envs/beat_block_hammer.py", line 10, in setup_demo
    super()._init_task_env_(**kwags)
  File "/root/data/robot/work/RoboTwin-openwam-verified/envs/_base_task.py", line 90, in _init_task_env_
    self.setup_scene()
  File "/root/data/robot/work/RoboTwin-openwam-verified/envs/_base_task.py", line 210, in setup_scene
    self.renderer = sapien.SapienRenderer()
  File "/root/data/miniconda3/envs/robotwin-openwam/lib/python3.10/site-packages/sapien/wrapper/renderer.py", line 9, in __init__
    super().__init__()
RuntimeError: vk::PhysicalDevice::createDeviceUnique: ErrorExtensionNotPresent
[eval_policy_wrapper] expert check skipped seed=100035: RuntimeError
[eval_policy_wrapper] exception in beat_block_hammer.setup_demo
Traceback (most recent call last):
  File "/root/data/robot/OpenWAM/benchmarks/robotwin/eval_policy_wrapper.py", line 218, in wrapped
    return method(*args, **kwargs)
  File "/root/data/robot/work/RoboTwin-openwam-verified/envs/beat_block_hammer.py", line 10, in setup_demo
    super()._init_task_env_(**kwags)
  File "/root/data/robot/work/RoboTwin-openwam-verified/envs/_base_task.py", line 90, in _init_task_env_
    self.setup_scene()
  File "/root/data/robot/work/RoboTwin-openwam-verified/envs/_base_task.py", line 210, in setup_scene
    self.renderer = sapien.SapienRenderer()
  File "/root/data/miniconda3/envs/robotwin-openwam/lib/python3.10/site-packages/sapien/wrapper/renderer.py", line 9, in __init__
    super().__init__()
RuntimeError: vk::PhysicalDevice::createDeviceUnique: ErrorExtensionNotPresent
[eval_policy_wrapper] expert check skipped seed=100036: RuntimeError
[eval_policy_wrapper] exception in beat_block_hammer.setup_demo
Traceback (most recent call last):
  File "/root/data/robot/OpenWAM/benchmarks/robotwin/eval_policy_wrapper.py", line 218, in wrapped
    return method(*args, **kwargs)
  File "/root/data/robot/work/RoboTwin-openwam-verified/envs/beat_block_hammer.py", line 10, in setup_demo
    super()._init_task_env_(**kwags)
  File "/root/data/robot/work/RoboTwin-openwam-verified/envs/_base_task.py", line 90, in _init_task_env_
    self.setup_scene()
  File "/root/data/robot/work/RoboTwin-openwam-verified/envs/_base_task.py", line 210, in setup_scene
    self.renderer = sapien.SapienRenderer()
  File "/root/data/miniconda3/envs/robotwin-openwam/lib/python3.10/site-packages/sapien/wrapper/renderer.py", line 9, in __init__
    super().__init__()
RuntimeError: vk::PhysicalDevice::createDeviceUnique: ErrorExtensionNotPresent
[eval_policy_wrapper] expert check skipped seed=100037: RuntimeError
[eval_policy_wrapper] exception in beat_block_hammer.setup_demo
Traceback (most recent call last):
  File "/root/data/robot/OpenWAM/benchmarks/robotwin/eval_policy_wrapper.py", line 218, in wrapped
    return method(*args, **kwargs)
  File "/root/data/robot/work/RoboTwin-openwam-verified/envs/beat_block_hammer.py", line 10, in setup_demo
    super()._init_task_env_(**kwags)
  File "/root/data/robot/work/RoboTwin-openwam-verified/envs/_base_task.py", line 90, in _init_task_env_
    self.setup_scene()
  File "/root/data/robot/work/RoboTwin-openwam-verified/envs/_base_task.py", line 210, in setup_scene
    self.renderer = sapien.SapienRenderer()
  File "/root/data/miniconda3/envs/robotwin-openwam/lib/python3.10/site-packages/sapien/wrapper/renderer.py", line 9, in __init__
    super().__init__()
RuntimeError: vk::PhysicalDevice::createDeviceUnique: ErrorExtensionNotPresent
[eval_policy_wrapper] expert check skipped seed=100038: RuntimeError
[eval_policy_wrapper] exception in beat_block_hammer.setup_demo
Traceback (most recent call last):
  File "/root/data/robot/OpenWAM/benchmarks/robotwin/eval_policy_wrapper.py", line 218, in wrapped
    return method(*args, **kwargs)
  File "/root/data/robot/work/RoboTwin-openwam-verified/envs/beat_block_hammer.py", line 10, in setup_demo
    super()._init_task_env_(**kwags)
  File "/root/data/robot/work/RoboTwin-openwam-verified/envs/_base_task.py", line 90, in _init_task_env_
    self.setup_scene()
  File "/root/data/robot/work/RoboTwin-openwam-verified/envs/_base_task.py", line 210, in setup_scene
    self.renderer = sapien.SapienRenderer()
  File "/root/data/miniconda3/envs/robotwin-openwam/lib/python3.10/site-packages/sapien/wrapper/renderer.py", line 9, in __init__
    super().__init__()
RuntimeError: vk::PhysicalDevice::createDeviceUnique: ErrorExtensionNotPresent
[eval_policy_wrapper] expert check skipped seed=100039: RuntimeError
[eval_policy_wrapper] exception in beat_block_hammer.setup_demo
Traceback (most recent call last):
  File "/root/data/robot/OpenWAM/benchmarks/robotwin/eval_policy_wrapper.py", line 218, in wrapped
    return method(*args, **kwargs)
  File "/root/data/robot/work/RoboTwin-openwam-verified/envs/beat_block_hammer.py", line 10, in setup_demo
    super()._init_task_env_(**kwags)
  File "/root/data/robot/work/RoboTwin-openwam-verified/envs/_base_task.py", line 90, in _init_task_env_
    self.setup_scene()
  File "/root/data/robot/work/RoboTwin-openwam-verified/envs/_base_task.py", line 210, in setup_scene
    self.renderer = sapien.SapienRenderer()
  File "/root/data/miniconda3/envs/robotwin-openwam/lib/python3.10/site-packages/sapien/wrapper/renderer.py", line 9, in __init__
    super().__init__()
RuntimeError: vk::PhysicalDevice::createDeviceUnique: ErrorExtensionNotPresent
[eval_policy_wrapper] expert check skipped seed=100040: RuntimeError
[eval_policy_wrapper] exception in beat_block_hammer.setup_demo
Traceback (most recent call last):
  File "/root/data/robot/OpenWAM/benchmarks/robotwin/eval_policy_wrapper.py", line 218, in wrapped
    return method(*args, **kwargs)
  File "/root/data/robot/work/RoboTwin-openwam-verified/envs/beat_block_hammer.py", line 10, in setup_demo
    super()._init_task_env_(**kwags)
  File "/root/data/robot/work/RoboTwin-openwam-verified/envs/_base_task.py", line 90, in _init_task_env_
    self.setup_scene()
  File "/root/data/robot/work/RoboTwin-openwam-verified/envs/_base_task.py", line 210, in setup_scene
    self.renderer = sapien.SapienRenderer()
  File "/root/data/miniconda3/envs/robotwin-openwam/lib/python3.10/site-packages/sapien/wrapper/renderer.py", line 9, in __init__
    super().__init__()
RuntimeError: vk::PhysicalDevice::createDeviceUnique: ErrorExtensionNotPresent
[eval_policy_wrapper] expert check skipped seed=100041: RuntimeError
[eval_policy_wrapper] exception in beat_block_hammer.setup_demo
Traceback (most recent call last):
  File "/root/data/robot/OpenWAM/benchmarks/robotwin/eval_policy_wrapper.py", line 218, in wrapped
    return method(*args, **kwargs)
  File "/root/data/robot/work/RoboTwin-openwam-verified/envs/beat_block_hammer.py", line 10, in setup_demo
    super()._init_task_env_(**kwags)
  File "/root/data/robot/work/RoboTwin-openwam-verified/envs/_base_task.py", line 90, in _init_task_env_
    self.setup_scene()
  File "/root/data/robot/work/RoboTwin-openwam-verified/envs/_base_task.py", line 210, in setup_scene
    self.renderer = sapien.SapienRenderer()
  File "/root/data/miniconda3/envs/robotwin-openwam/lib/python3.10/site-packages/sapien/wrapper/renderer.py", line 9, in __init__
    super().__init__()
RuntimeError: vk::PhysicalDevice::createDeviceUnique: ErrorExtensionNotPresent
[eval_policy_wrapper] expert check skipped seed=100042: RuntimeError
[eval_policy_wrapper] exception in beat_block_hammer.setup_demo
Traceback (most recent call last):
  File "/root/data/robot/OpenWAM/benchmarks/robotwin/eval_policy_wrapper.py", line 218, in wrapped
    return method(*args, **kwargs)
  File "/root/data/robot/work/RoboTwin-openwam-verified/envs/beat_block_hammer.py", line 10, in setup_demo
    super()._init_task_env_(**kwags)
  File "/root/data/robot/work/RoboTwin-openwam-verified/envs/_base_task.py", line 90, in _init_task_env_
    self.setup_scene()
  File "/root/data/robot/work/RoboTwin-openwam-verified/envs/_base_task.py", line 210, in setup_scene
    self.renderer = sapien.SapienRenderer()
  File "/root/data/miniconda3/envs/robotwin-openwam/lib/python3.10/site-packages/sapien/wrapper/renderer.py", line 9, in __init__
    super().__init__()
RuntimeError: vk::PhysicalDevice::createDeviceUnique: ErrorExtensionNotPresent
[eval_policy_wrapper] expert check skipped seed=100043: RuntimeError
[eval_policy_wrapper] exception in beat_block_hammer.setup_demo
Traceback (most recent call last):
  File "/root/data/robot/OpenWAM/benchmarks/robotwin/eval_policy_wrapper.py", line 218, in wrapped
    return method(*args, **kwargs)
  File "/root/data/robot/work/RoboTwin-openwam-verified/envs/beat_block_hammer.py", line 10, in setup_demo
    super()._init_task_env_(**kwags)
  File "/root/data/robot/work/RoboTwin-openwam-verified/envs/_base_task.py", line 90, in _init_task_env_
    self.setup_scene()
  File "/root/data/robot/work/RoboTwin-openwam-verified/envs/_base_task.py", line 210, in setup_scene
    self.renderer = sapien.SapienRenderer()
  File "/root/data/miniconda3/envs/robotwin-openwam/lib/python3.10/site-packages/sapien/wrapper/renderer.py", line 9, in __init__
    super().__init__()
RuntimeError: vk::PhysicalDevice::createDeviceUnique: ErrorExtensionNotPresent
[eval_policy_wrapper] expert check skipped seed=100044: RuntimeError
[eval_policy_wrapper] exception in beat_block_hammer.setup_demo
Traceback (most recent call last):
  File "/root/data/robot/OpenWAM/benchmarks/robotwin/eval_policy_wrapper.py", line 218, in wrapped
    return method(*args, **kwargs)
  File "/root/data/robot/work/RoboTwin-openwam-verified/envs/beat_block_hammer.py", line 10, in setup_demo
    super()._init_task_env_(**kwags)
  File "/root/data/robot/work/RoboTwin-openwam-verified/envs/_base_task.py", line 90, in _init_task_env_
    self.setup_scene()
  File "/root/data/robot/work/RoboTwin-openwam-verified/envs/_base_task.py", line 210, in setup_scene
    self.renderer = sapien.SapienRenderer()
  File "/root/data/miniconda3/envs/robotwin-openwam/lib/python3.10/site-packages/sapien/wrapper/renderer.py", line 9, in __init__
    super().__init__()
RuntimeError: vk::PhysicalDevice::createDeviceUnique: ErrorExtensionNotPresent
[eval_policy_wrapper] expert check skipped seed=100045: RuntimeError
[eval_policy_wrapper] exception in beat_block_hammer.setup_demo
Traceback (most recent call last):
  File "/root/data/robot/OpenWAM/benchmarks/robotwin/eval_policy_wrapper.py", line 218, in wrapped
    return method(*args, **kwargs)
  File "/root/data/robot/work/RoboTwin-openwam-verified/envs/beat_block_hammer.py", line 10, in setup_demo
    super()._init_task_env_(**kwags)
  File "/root/data/robot/work/RoboTwin-openwam-verified/envs/_base_task.py", line 90, in _init_task_env_
    self.setup_scene()
  File "/root/data/robot/work/RoboTwin-openwam-verified/envs/_base_task.py", line 210, in setup_scene
    self.renderer = sapien.SapienRenderer()
  File "/root/data/miniconda3/envs/robotwin-openwam/lib/python3.10/site-packages/sapien/wrapper/renderer.py", line 9, in __init__
    super().__init__()
RuntimeError: vk::PhysicalDevice::createDeviceUnique: ErrorExtensionNotPresent
[eval_policy_wrapper] expert check skipped seed=100046: RuntimeError
[eval_policy_wrapper] exception in beat_block_hammer.setup_demo
Traceback (most recent call last):
  File "/root/data/robot/OpenWAM/benchmarks/robotwin/eval_policy_wrapper.py", line 218, in wrapped
    return method(*args, **kwargs)
  File "/root/data/robot/work/RoboTwin-openwam-verified/envs/beat_block_hammer.py", line 10, in setup_demo
    super()._init_task_env_(**kwags)
  File "/root/data/robot/work/RoboTwin-openwam-verified/envs/_base_task.py", line 90, in _init_task_env_
    self.setup_scene()
  File "/root/data/robot/work/RoboTwin-openwam-verified/envs/_base_task.py", line 210, in setup_scene
    self.renderer = sapien.SapienRenderer()
  File "/root/data/miniconda3/envs/robotwin-openwam/lib/python3.10/site-packages/sapien/wrapper/renderer.py", line 9, in __init__
    super().__init__()
RuntimeError: vk::PhysicalDevice::createDeviceUnique: ErrorExtensionNotPresent
[eval_policy_wrapper] expert check skipped seed=100047: RuntimeError
[eval_policy_wrapper] exception in beat_block_hammer.setup_demo
Traceback (most recent call last):
  File "/root/data/robot/OpenWAM/benchmarks/robotwin/eval_policy_wrapper.py", line 218, in wrapped
    return method(*args, **kwargs)
  File "/root/data/robot/work/RoboTwin-openwam-verified/envs/beat_block_hammer.py", line 10, in setup_demo
    super()._init_task_env_(**kwags)
  File "/root/data/robot/work/RoboTwin-openwam-verified/envs/_base_task.py", line 90, in _init_task_env_
    self.setup_scene()
  File "/root/data/robot/work/RoboTwin-openwam-verified/envs/_base_task.py", line 210, in setup_scene
    self.renderer = sapien.SapienRenderer()
  File "/root/data/miniconda3/envs/robotwin-openwam/lib/python3.10/site-packages/sapien/wrapper/renderer.py", line 9, in __init__
    super().__init__()
RuntimeError: vk::PhysicalDevice::createDeviceUnique: ErrorExtensionNotPresent
[eval_policy_wrapper] expert check skipped seed=100048: RuntimeError
[eval_policy_wrapper] exception in beat_block_hammer.setup_demo
Traceback (most recent call last):
  File "/root/data/robot/OpenWAM/benchmarks/robotwin/eval_policy_wrapper.py", line 218, in wrapped
    return method(*args, **kwargs)
  File "/root/data/robot/work/RoboTwin-openwam-verified/envs/beat_block_hammer.py", line 10, in setup_demo
    super()._init_task_env_(**kwags)
  File "/root/data/robot/work/RoboTwin-openwam-verified/envs/_base_task.py", line 90, in _init_task_env_
    self.setup_scene()
  File "/root/data/robot/work/RoboTwin-openwam-verified/envs/_base_task.py", line 210, in setup_scene
    self.renderer = sapien.SapienRenderer()
  File "/root/data/miniconda3/envs/robotwin-openwam/lib/python3.10/site-packages/sapien/wrapper/renderer.py", line 9, in __init__
    super().__init__()
RuntimeError: vk::PhysicalDevice::createDeviceUnique: ErrorExtensionNotPresent
[eval_policy_wrapper] expert check skipped seed=100049: RuntimeError
[eval_policy_wrapper] exception in beat_block_hammer.setup_demo
Traceback (most recent call last):
  File "/root/data/robot/OpenWAM/benchmarks/robotwin/eval_policy_wrapper.py", line 218, in wrapped
    return method(*args, **kwargs)
  File "/root/data/robot/work/RoboTwin-openwam-verified/envs/beat_block_hammer.py", line 10, in setup_demo
    super()._init_task_env_(**kwags)
  File "/root/data/robot/work/RoboTwin-openwam-verified/envs/_base_task.py", line 90, in _init_task_env_
    self.setup_scene()
  File "/root/data/robot/work/RoboTwin-openwam-verified/envs/_base_task.py", line 210, in setup_scene
    self.renderer = sapien.SapienRenderer()
  File "/root/data/miniconda3/envs/robotwin-openwam/lib/python3.10/site-packages/sapien/wrapper/renderer.py", line 9, in __init__
    super().__init__()
RuntimeError: vk::PhysicalDevice::createDeviceUnique: ErrorExtensionNotPresent
[eval_policy_wrapper] expert check skipped seed=100050: RuntimeError
[eval_policy_wrapper] exception in beat_block_hammer.setup_demo
Traceback (most recent call last):
  File "/root/data/robot/OpenWAM/benchmarks/robotwin/eval_policy_wrapper.py", line 218, in wrapped
    return method(*args, **kwargs)
  File "/root/data/robot/work/RoboTwin-openwam-verified/envs/beat_block_hammer.py", line 10, in setup_demo
    super()._init_task_env_(**kwags)
  File "/root/data/robot/work/RoboTwin-openwam-verified/envs/_base_task.py", line 90, in _init_task_env_
    self.setup_scene()
  File "/root/data/robot/work/RoboTwin-openwam-verified/envs/_base_task.py", line 210, in setup_scene
    self.renderer = sapien.SapienRenderer()
  File "/root/data/miniconda3/envs/robotwin-openwam/lib/python3.10/site-packages/sapien/wrapper/renderer.py", line 9, in __init__
    super().__init__()
RuntimeError: vk::PhysicalDevice::createDeviceUnique: ErrorExtensionNotPresent
[eval_policy_wrapper] expert check skipped seed=100051: RuntimeError
[eval_policy_wrapper] exception in beat_block_hammer.setup_demo
Traceback (most recent call last):
  File "/root/data/robot/OpenWAM/benchmarks/robotwin/eval_policy_wrapper.py", line 218, in wrapped
    return method(*args, **kwargs)
  File "/root/data/robot/work/RoboTwin-openwam-verified/envs/beat_block_hammer.py", line 10, in setup_demo
    super()._init_task_env_(**kwags)
  File "/root/data/robot/work/RoboTwin-openwam-verified/envs/_base_task.py", line 90, in _init_task_env_
    self.setup_scene()
  File "/root/data/robot/work/RoboTwin-openwam-verified/envs/_base_task.py", line 210, in setup_scene
    self.renderer = sapien.SapienRenderer()
  File "/root/data/miniconda3/envs/robotwin-openwam/lib/python3.10/site-packages/sapien/wrapper/renderer.py", line 9, in __init__
    super().__init__()
RuntimeError: vk::PhysicalDevice::createDeviceUnique: ErrorExtensionNotPresent
[eval_policy_wrapper] expert check skipped seed=100052: RuntimeError
[eval_policy_wrapper] exception in beat_block_hammer.setup_demo
Traceback (most recent call last):
  File "/root/data/robot/OpenWAM/benchmarks/robotwin/eval_policy_wrapper.py", line 218, in wrapped
    return method(*args, **kwargs)
  File "/root/data/robot/work/RoboTwin-openwam-verified/envs/beat_block_hammer.py", line 10, in setup_demo
    super()._init_task_env_(**kwags)
  File "/root/data/robot/work/RoboTwin-openwam-verified/envs/_base_task.py", line 90, in _init_task_env_
    self.setup_scene()
  File "/root/data/robot/work/RoboTwin-openwam-verified/envs/_base_task.py", line 210, in setup_scene
    self.renderer = sapien.SapienRenderer()
  File "/root/data/miniconda3/envs/robotwin-openwam/lib/python3.10/site-packages/sapien/wrapper/renderer.py", line 9, in __init__
    super().__init__()
RuntimeError: vk::PhysicalDevice::createDeviceUnique: ErrorExtensionNotPresent
[eval_policy_wrapper] expert check skipped seed=100053: RuntimeError
[eval_policy_wrapper] exception in beat_block_hammer.setup_demo
Traceback (most recent call last):
  File "/root/data/robot/OpenWAM/benchmarks/robotwin/eval_policy_wrapper.py", line 218, in wrapped
    return method(*args, **kwargs)
  File "/root/data/robot/work/RoboTwin-openwam-verified/envs/beat_block_hammer.py", line 10, in setup_demo
    super()._init_task_env_(**kwags)
  File "/root/data/robot/work/RoboTwin-openwam-verified/envs/_base_task.py", line 90, in _init_task_env_
    self.setup_scene()
  File "/root/data/robot/work/RoboTwin-openwam-verified/envs/_base_task.py", line 210, in setup_scene
    self.renderer = sapien.SapienRenderer()
  File "/root/data/miniconda3/envs/robotwin-openwam/lib/python3.10/site-packages/sapien/wrapper/renderer.py", line 9, in __init__
    super().__init__()
RuntimeError: vk::PhysicalDevice::createDeviceUnique: ErrorExtensionNotPresent
[eval_policy_wrapper] expert check skipped seed=100054: RuntimeError
[eval_policy_wrapper] exception in beat_block_hammer.setup_demo
Traceback (most recent call last):
  File "/root/data/robot/OpenWAM/benchmarks/robotwin/eval_policy_wrapper.py", line 218, in wrapped
    return method(*args, **kwargs)
  File "/root/data/robot/work/RoboTwin-openwam-verified/envs/beat_block_hammer.py", line 10, in setup_demo
    super()._init_task_env_(**kwags)
  File "/root/data/robot/work/RoboTwin-openwam-verified/envs/_base_task.py", line 90, in _init_task_env_
    self.setup_scene()
  File "/root/data/robot/work/RoboTwin-openwam-verified/envs/_base_task.py", line 210, in setup_scene
    self.renderer = sapien.SapienRenderer()
  File "/root/data/miniconda3/envs/robotwin-openwam/lib/python3.10/site-packages/sapien/wrapper/renderer.py", line 9, in __init__
    super().__init__()
RuntimeError: vk::PhysicalDevice::createDeviceUnique: ErrorExtensionNotPresent
[eval_policy_wrapper] expert check skipped seed=100055: RuntimeError
[eval_policy_wrapper] exception in beat_block_hammer.setup_demo
Traceback (most recent call last):
  File "/root/data/robot/OpenWAM/benchmarks/robotwin/eval_policy_wrapper.py", line 218, in wrapped
    return method(*args, **kwargs)
  File "/root/data/robot/work/RoboTwin-openwam-verified/envs/beat_block_hammer.py", line 10, in setup_demo
    super()._init_task_env_(**kwags)
  File "/root/data/robot/work/RoboTwin-openwam-verified/envs/_base_task.py", line 90, in _init_task_env_
    self.setup_scene()
  File "/root/data/robot/work/RoboTwin-openwam-verified/envs/_base_task.py", line 210, in setup_scene
    self.renderer = sapien.SapienRenderer()
  File "/root/data/miniconda3/envs/robotwin-openwam/lib/python3.10/site-packages/sapien/wrapper/renderer.py", line 9, in __init__
    super().__init__()
RuntimeError: vk::PhysicalDevice::createDeviceUnique: ErrorExtensionNotPresent
[eval_policy_wrapper] expert check skipped seed=100056: RuntimeError
[eval_policy_wrapper] exception in beat_block_hammer.setup_demo
Traceback (most recent call last):
  File "/root/data/robot/OpenWAM/benchmarks/robotwin/eval_policy_wrapper.py", line 218, in wrapped
    return method(*args, **kwargs)
  File "/root/data/robot/work/RoboTwin-openwam-verified/envs/beat_block_hammer.py", line 10, in setup_demo
    super()._init_task_env_(**kwags)
  File "/root/data/robot/work/RoboTwin-openwam-verified/envs/_base_task.py", line 90, in _init_task_env_
    self.setup_scene()
  File "/root/data/robot/work/RoboTwin-openwam-verified/envs/_base_task.py", line 210, in setup_scene
    self.renderer = sapien.SapienRenderer()
  File "/root/data/miniconda3/envs/robotwin-openwam/lib/python3.10/site-packages/sapien/wrapper/renderer.py", line 9, in __init__
    super().__init__()
RuntimeError: vk::PhysicalDevice::createDeviceUnique: ErrorExtensionNotPresent
[eval_policy_wrapper] expert check skipped seed=100057: RuntimeError
[eval_policy_wrapper] exception in beat_block_hammer.setup_demo
Traceback (most recent call last):
  File "/root/data/robot/OpenWAM/benchmarks/robotwin/eval_policy_wrapper.py", line 218, in wrapped
    return method(*args, **kwargs)
  File "/root/data/robot/work/RoboTwin-openwam-verified/envs/beat_block_hammer.py", line 10, in setup_demo
    super()._init_task_env_(**kwags)
  File "/root/data/robot/work/RoboTwin-openwam-verified/envs/_base_task.py", line 90, in _init_task_env_
    self.setup_scene()
  File "/root/data/robot/work/RoboTwin-openwam-verified/envs/_base_task.py", line 210, in setup_scene
    self.renderer = sapien.SapienRenderer()
  File "/root/data/miniconda3/envs/robotwin-openwam/lib/python3.10/site-packages/sapien/wrapper/renderer.py", line 9, in __init__
    super().__init__()
RuntimeError: vk::PhysicalDevice::createDeviceUnique: ErrorExtensionNotPresent
[eval_policy_wrapper] expert check skipped seed=100058: RuntimeError
[eval_policy_wrapper] exception in beat_block_hammer.setup_demo
Traceback (most recent call last):
  File "/root/data/robot/OpenWAM/benchmarks/robotwin/eval_policy_wrapper.py", line 218, in wrapped
    return method(*args, **kwargs)
  File "/root/data/robot/work/RoboTwin-openwam-verified/envs/beat_block_hammer.py", line 10, in setup_demo
    super()._init_task_env_(**kwags)
  File "/root/data/robot/work/RoboTwin-openwam-verified/envs/_base_task.py", line 90, in _init_task_env_
    self.setup_scene()
  File "/root/data/robot/work/RoboTwin-openwam-verified/envs/_base_task.py", line 210, in setup_scene
    self.renderer = sapien.SapienRenderer()
  File "/root/data/miniconda3/envs/robotwin-openwam/lib/python3.10/site-packages/sapien/wrapper/renderer.py", line 9, in __init__
    super().__init__()
RuntimeError: vk::PhysicalDevice::createDeviceUnique: ErrorExtensionNotPresent
[eval_policy_wrapper] expert check skipped seed=100059: RuntimeError
[eval_policy_wrapper] exception in beat_block_hammer.setup_demo
Traceback (most recent call last):
  File "/root/data/robot/OpenWAM/benchmarks/robotwin/eval_policy_wrapper.py", line 218, in wrapped
    return method(*args, **kwargs)
  File "/root/data/robot/work/RoboTwin-openwam-verified/envs/beat_block_hammer.py", line 10, in setup_demo
    super()._init_task_env_(**kwags)
  File "/root/data/robot/work/RoboTwin-openwam-verified/envs/_base_task.py", line 90, in _init_task_env_
    self.setup_scene()
  File "/root/data/robot/work/RoboTwin-openwam-verified/envs/_base_task.py", line 210, in setup_scene
    self.renderer = sapien.SapienRenderer()
  File "/root/data/miniconda3/envs/robotwin-openwam/lib/python3.10/site-packages/sapien/wrapper/renderer.py", line 9, in __init__
    super().__init__()
RuntimeError: vk::PhysicalDevice::createDeviceUnique: ErrorExtensionNotPresent
[eval_policy_wrapper] expert check skipped seed=100060: RuntimeError
[eval_policy_wrapper] exception in beat_block_hammer.setup_demo
Traceback (most recent call last):
  File "/root/data/robot/OpenWAM/benchmarks/robotwin/eval_policy_wrapper.py", line 218, in wrapped
    return method(*args, **kwargs)
  File "/root/data/robot/work/RoboTwin-openwam-verified/envs/beat_block_hammer.py", line 10, in setup_demo
    super()._init_task_env_(**kwags)
  File "/root/data/robot/work/RoboTwin-openwam-verified/envs/_base_task.py", line 90, in _init_task_env_
    self.setup_scene()
  File "/root/data/robot/work/RoboTwin-openwam-verified/envs/_base_task.py", line 210, in setup_scene
    self.renderer = sapien.SapienRenderer()
  File "/root/data/miniconda3/envs/robotwin-openwam/lib/python3.10/site-packages/sapien/wrapper/renderer.py", line 9, in __init__
    super().__init__()
RuntimeError: vk::PhysicalDevice::createDeviceUnique: ErrorExtensionNotPresent
[eval_policy_wrapper] expert check skipped seed=100061: RuntimeError
[eval_policy_wrapper] exception in beat_block_hammer.setup_demo
Traceback (most recent call last):
  File "/root/data/robot/OpenWAM/benchmarks/robotwin/eval_policy_wrapper.py", line 218, in wrapped
    return method(*args, **kwargs)
  File "/root/data/robot/work/RoboTwin-openwam-verified/envs/beat_block_hammer.py", line 10, in setup_demo
    super()._init_task_env_(**kwags)
  File "/root/data/robot/work/RoboTwin-openwam-verified/envs/_base_task.py", line 90, in _init_task_env_
    self.setup_scene()
  File "/root/data/robot/work/RoboTwin-openwam-verified/envs/_base_task.py", line 210, in setup_scene
    self.renderer = sapien.SapienRenderer()
  File "/root/data/miniconda3/envs/robotwin-openwam/lib/python3.10/site-packages/sapien/wrapper/renderer.py", line 9, in __init__
    super().__init__()
RuntimeError: vk::PhysicalDevice::createDeviceUnique: ErrorExtensionNotPresent
[eval_policy_wrapper] expert check skipped seed=100062: RuntimeError
[eval_policy_wrapper] exception in beat_block_hammer.setup_demo
Traceback (most recent call last):
  File "/root/data/robot/OpenWAM/benchmarks/robotwin/eval_policy_wrapper.py", line 218, in wrapped
    return method(*args, **kwargs)
  File "/root/data/robot/work/RoboTwin-openwam-verified/envs/beat_block_hammer.py", line 10, in setup_demo
    super()._init_task_env_(**kwags)
  File "/root/data/robot/work/RoboTwin-openwam-verified/envs/_base_task.py", line 90, in _init_task_env_
    self.setup_scene()
  File "/root/data/robot/work/RoboTwin-openwam-verified/envs/_base_task.py", line 210, in setup_scene
    self.renderer = sapien.SapienRenderer()
  File "/root/data/miniconda3/envs/robotwin-openwam/lib/python3.10/site-packages/sapien/wrapper/renderer.py", line 9, in __init__
    super().__init__()
RuntimeError: vk::PhysicalDevice::createDeviceUnique: ErrorExtensionNotPresent
[eval_policy_wrapper] expert check skipped seed=100063: RuntimeError
[eval_policy_wrapper] exception in beat_block_hammer.setup_demo
Traceback (most recent call last):
  File "/root/data/robot/OpenWAM/benchmarks/robotwin/eval_policy_wrapper.py", line 218, in wrapped
    return method(*args, **kwargs)
  File "/root/data/robot/work/RoboTwin-openwam-verified/envs/beat_block_hammer.py", line 10, in setup_demo
    super()._init_task_env_(**kwags)
  File "/root/data/robot/work/RoboTwin-openwam-verified/envs/_base_task.py", line 90, in _init_task_env_
    self.setup_scene()
  File "/root/data/robot/work/RoboTwin-openwam-verified/envs/_base_task.py", line 210, in setup_scene
    self.renderer = sapien.SapienRenderer()
  File "/root/data/miniconda3/envs/robotwin-openwam/lib/python3.10/site-packages/sapien/wrapper/renderer.py", line 9, in __init__
    super().__init__()
RuntimeError: vk::PhysicalDevice::createDeviceUnique: ErrorExtensionNotPresent
[eval_policy_wrapper] expert check skipped seed=100064: RuntimeError
[eval_policy_wrapper] exception in beat_block_hammer.setup_demo
Traceback (most recent call last):
  File "/root/data/robot/OpenWAM/benchmarks/robotwin/eval_policy_wrapper.py", line 218, in wrapped
    return method(*args, **kwargs)
  File "/root/data/robot/work/RoboTwin-openwam-verified/envs/beat_block_hammer.py", line 10, in setup_demo
    super()._init_task_env_(**kwags)
  File "/root/data/robot/work/RoboTwin-openwam-verified/envs/_base_task.py", line 90, in _init_task_env_
    self.setup_scene()
  File "/root/data/robot/work/RoboTwin-openwam-verified/envs/_base_task.py", line 210, in setup_scene
    self.renderer = sapien.SapienRenderer()
  File "/root/data/miniconda3/envs/robotwin-openwam/lib/python3.10/site-packages/sapien/wrapper/renderer.py", line 9, in __init__
    super().__init__()
RuntimeError: vk::PhysicalDevice::createDeviceUnique: ErrorExtensionNotPresent
[eval_policy_wrapper] expert check skipped seed=100065: RuntimeError
[eval_policy_wrapper] exception in beat_block_hammer.setup_demo
Traceback (most recent call last):
  File "/root/data/robot/OpenWAM/benchmarks/robotwin/eval_policy_wrapper.py", line 218, in wrapped
    return method(*args, **kwargs)
  File "/root/data/robot/work/RoboTwin-openwam-verified/envs/beat_block_hammer.py", line 10, in setup_demo
    super()._init_task_env_(**kwags)
  File "/root/data/robot/work/RoboTwin-openwam-verified/envs/_base_task.py", line 90, in _init_task_env_
    self.setup_scene()
  File "/root/data/robot/work/RoboTwin-openwam-verified/envs/_base_task.py", line 210, in setup_scene
    self.renderer = sapien.SapienRenderer()
  File "/root/data/miniconda3/envs/robotwin-openwam/lib/python3.10/site-packages/sapien/wrapper/renderer.py", line 9, in __init__
    super().__init__()
RuntimeError: vk::PhysicalDevice::createDeviceUnique: ErrorExtensionNotPresent
[eval_policy_wrapper] expert check skipped seed=100066: RuntimeError
[eval_policy_wrapper] exception in beat_block_hammer.setup_demo
Traceback (most recent call last):
  File "/root/data/robot/OpenWAM/benchmarks/robotwin/eval_policy_wrapper.py", line 218, in wrapped
    return method(*args, **kwargs)
  File "/root/data/robot/work/RoboTwin-openwam-verified/envs/beat_block_hammer.py", line 10, in setup_demo
    super()._init_task_env_(**kwags)
  File "/root/data/robot/work/RoboTwin-openwam-verified/envs/_base_task.py", line 90, in _init_task_env_
    self.setup_scene()
  File "/root/data/robot/work/RoboTwin-openwam-verified/envs/_base_task.py", line 210, in setup_scene
    self.renderer = sapien.SapienRenderer()
  File "/root/data/miniconda3/envs/robotwin-openwam/lib/python3.10/site-packages/sapien/wrapper/renderer.py", line 9, in __init__
    super().__init__()
RuntimeError: vk::PhysicalDevice::createDeviceUnique: ErrorExtensionNotPresent
[eval_policy_wrapper] expert check skipped seed=100067: RuntimeError
[eval_policy_wrapper] exception in beat_block_hammer.setup_demo
Traceback (most recent call last):
  File "/root/data/robot/OpenWAM/benchmarks/robotwin/eval_policy_wrapper.py", line 218, in wrapped
    return method(*args, **kwargs)
  File "/root/data/robot/work/RoboTwin-openwam-verified/envs/beat_block_hammer.py", line 10, in setup_demo
    super()._init_task_env_(**kwags)
  File "/root/data/robot/work/RoboTwin-openwam-verified/envs/_base_task.py", line 90, in _init_task_env_
    self.setup_scene()
  File "/root/data/robot/work/RoboTwin-openwam-verified/envs/_base_task.py", line 210, in setup_scene
    self.renderer = sapien.SapienRenderer()
  File "/root/data/miniconda3/envs/robotwin-openwam/lib/python3.10/site-packages/sapien/wrapper/renderer.py", line 9, in __init__
    super().__init__()
RuntimeError: vk::PhysicalDevice::createDeviceUnique: ErrorExtensionNotPresent
[eval_policy_wrapper] expert check skipped seed=100068: RuntimeError
[eval_policy_wrapper] exception in beat_block_hammer.setup_demo
Traceback (most recent call last):
  File "/root/data/robot/OpenWAM/benchmarks/robotwin/eval_policy_wrapper.py", line 218, in wrapped
    return method(*args, **kwargs)
  File "/root/data/robot/work/RoboTwin-openwam-verified/envs/beat_block_hammer.py", line 10, in setup_demo
    super()._init_task_env_(**kwags)
  File "/root/data/robot/work/RoboTwin-openwam-verified/envs/_base_task.py", line 90, in _init_task_env_
    self.setup_scene()
  File "/root/data/robot/work/RoboTwin-openwam-verified/envs/_base_task.py", line 210, in setup_scene
    self.renderer = sapien.SapienRenderer()
  File "/root/data/miniconda3/envs/robotwin-openwam/lib/python3.10/site-packages/sapien/wrapper/renderer.py", line 9, in __init__
    super().__init__()
RuntimeError: vk::PhysicalDevice::createDeviceUnique: ErrorExtensionNotPresent
[eval_policy_wrapper] expert check skipped seed=100069: RuntimeError
[eval_policy_wrapper] exception in beat_block_hammer.setup_demo
Traceback (most recent call last):
  File "/root/data/robot/OpenWAM/benchmarks/robotwin/eval_policy_wrapper.py", line 218, in wrapped
    return method(*args, **kwargs)
  File "/root/data/robot/work/RoboTwin-openwam-verified/envs/beat_block_hammer.py", line 10, in setup_demo
    super()._init_task_env_(**kwags)
  File "/root/data/robot/work/RoboTwin-openwam-verified/envs/_base_task.py", line 90, in _init_task_env_
    self.setup_scene()
  File "/root/data/robot/work/RoboTwin-openwam-verified/envs/_base_task.py", line 210, in setup_scene
    self.renderer = sapien.SapienRenderer()
  File "/root/data/miniconda3/envs/robotwin-openwam/lib/python3.10/site-packages/sapien/wrapper/renderer.py", line 9, in __init__
    super().__init__()
RuntimeError: vk::PhysicalDevice::createDeviceUnique: ErrorExtensionNotPresent
[eval_policy_wrapper] expert check skipped seed=100070: RuntimeError
[eval_policy_wrapper] exception in beat_block_hammer.setup_demo
Traceback (most recent call last):
  File "/root/data/robot/OpenWAM/benchmarks/robotwin/eval_policy_wrapper.py", line 218, in wrapped
    return method(*args, **kwargs)
  File "/root/data/robot/work/RoboTwin-openwam-verified/envs/beat_block_hammer.py", line 10, in setup_demo
    super()._init_task_env_(**kwags)
  File "/root/data/robot/work/RoboTwin-openwam-verified/envs/_base_task.py", line 90, in _init_task_env_
    self.setup_scene()
  File "/root/data/robot/work/RoboTwin-openwam-verified/envs/_base_task.py", line 210, in setup_scene
    self.renderer = sapien.SapienRenderer()
  File "/root/data/miniconda3/envs/robotwin-openwam/lib/python3.10/site-packages/sapien/wrapper/renderer.py", line 9, in __init__
    super().__init__()
RuntimeError: vk::PhysicalDevice::createDeviceUnique: ErrorExtensionNotPresent
[eval_policy_wrapper] expert check skipped seed=100071: RuntimeError
[eval_policy_wrapper] exception in beat_block_hammer.setup_demo
Traceback (most recent call last):
  File "/root/data/robot/OpenWAM/benchmarks/robotwin/eval_policy_wrapper.py", line 218, in wrapped
    return method(*args, **kwargs)
  File "/root/data/robot/work/RoboTwin-openwam-verified/envs/beat_block_hammer.py", line 10, in setup_demo
    super()._init_task_env_(**kwags)
  File "/root/data/robot/work/RoboTwin-openwam-verified/envs/_base_task.py", line 90, in _init_task_env_
    self.setup_scene()
  File "/root/data/robot/work/RoboTwin-openwam-verified/envs/_base_task.py", line 210, in setup_scene
    self.renderer = sapien.SapienRenderer()
  File "/root/data/miniconda3/envs/robotwin-openwam/lib/python3.10/site-packages/sapien/wrapper/renderer.py", line 9, in __init__
    super().__init__()
RuntimeError: vk::PhysicalDevice::createDeviceUnique: ErrorExtensionNotPresent
[eval_policy_wrapper] expert check skipped seed=100072: RuntimeError
[eval_policy_wrapper] exception in beat_block_hammer.setup_demo
Traceback (most recent call last):
  File "/root/data/robot/OpenWAM/benchmarks/robotwin/eval_policy_wrapper.py", line 218, in wrapped
    return method(*args, **kwargs)
  File "/root/data/robot/work/RoboTwin-openwam-verified/envs/beat_block_hammer.py", line 10, in setup_demo
    super()._init_task_env_(**kwags)
  File "/root/data/robot/work/RoboTwin-openwam-verified/envs/_base_task.py", line 90, in _init_task_env_
    self.setup_scene()
  File "/root/data/robot/work/RoboTwin-openwam-verified/envs/_base_task.py", line 210, in setup_scene
    self.renderer = sapien.SapienRenderer()
  File "/root/data/miniconda3/envs/robotwin-openwam/lib/python3.10/site-packages/sapien/wrapper/renderer.py", line 9, in __init__
    super().__init__()
RuntimeError: vk::PhysicalDevice::createDeviceUnique: ErrorExtensionNotPresent
[eval_policy_wrapper] expert check skipped seed=100073: RuntimeError
[eval_policy_wrapper] exception in beat_block_hammer.setup_demo
Traceback (most recent call last):
  File "/root/data/robot/OpenWAM/benchmarks/robotwin/eval_policy_wrapper.py", line 218, in wrapped
    return method(*args, **kwargs)
  File "/root/data/robot/work/RoboTwin-openwam-verified/envs/beat_block_hammer.py", line 10, in setup_demo
    super()._init_task_env_(**kwags)
  File "/root/data/robot/work/RoboTwin-openwam-verified/envs/_base_task.py", line 90, in _init_task_env_
    self.setup_scene()
  File "/root/data/robot/work/RoboTwin-openwam-verified/envs/_base_task.py", line 210, in setup_scene
    self.renderer = sapien.SapienRenderer()
  File "/root/data/miniconda3/envs/robotwin-openwam/lib/python3.10/site-packages/sapien/wrapper/renderer.py", line 9, in __init__
    super().__init__()
RuntimeError: vk::PhysicalDevice::createDeviceUnique: ErrorExtensionNotPresent
[eval_policy_wrapper] expert check skipped seed=100074: RuntimeError
[eval_policy_wrapper] exception in beat_block_hammer.setup_demo
Traceback (most recent call last):
  File "/root/data/robot/OpenWAM/benchmarks/robotwin/eval_policy_wrapper.py", line 218, in wrapped
    return method(*args, **kwargs)
  File "/root/data/robot/work/RoboTwin-openwam-verified/envs/beat_block_hammer.py", line 10, in setup_demo
    super()._init_task_env_(**kwags)
  File "/root/data/robot/work/RoboTwin-openwam-verified/envs/_base_task.py", line 90, in _init_task_env_
    self.setup_scene()
  File "/root/data/robot/work/RoboTwin-openwam-verified/envs/_base_task.py", line 210, in setup_scene
    self.renderer = sapien.SapienRenderer()
  File "/root/data/miniconda3/envs/robotwin-openwam/lib/python3.10/site-packages/sapien/wrapper/renderer.py", line 9, in __init__
    super().__init__()
RuntimeError: vk::PhysicalDevice::createDeviceUnique: ErrorExtensionNotPresent
[eval_policy_wrapper] expert check skipped seed=100075: RuntimeError
[eval_policy_wrapper] exception in beat_block_hammer.setup_demo
Traceback (most recent call last):
  File "/root/data/robot/OpenWAM/benchmarks/robotwin/eval_policy_wrapper.py", line 218, in wrapped
    return method(*args, **kwargs)
  File "/root/data/robot/work/RoboTwin-openwam-verified/envs/beat_block_hammer.py", line 10, in setup_demo
    super()._init_task_env_(**kwags)
  File "/root/data/robot/work/RoboTwin-openwam-verified/envs/_base_task.py", line 90, in _init_task_env_
    self.setup_scene()
  File "/root/data/robot/work/RoboTwin-openwam-verified/envs/_base_task.py", line 210, in setup_scene
    self.renderer = sapien.SapienRenderer()
  File "/root/data/miniconda3/envs/robotwin-openwam/lib/python3.10/site-packages/sapien/wrapper/renderer.py", line 9, in __init__
    super().__init__()
RuntimeError: vk::PhysicalDevice::createDeviceUnique: ErrorExtensionNotPresent
[eval_policy_wrapper] expert check skipped seed=100076: RuntimeError
[eval_policy_wrapper] exception in beat_block_hammer.setup_demo
Traceback (most recent call last):
  File "/root/data/robot/OpenWAM/benchmarks/robotwin/eval_policy_wrapper.py", line 218, in wrapped
    return method(*args, **kwargs)
  File "/root/data/robot/work/RoboTwin-openwam-verified/envs/beat_block_hammer.py", line 10, in setup_demo
    super()._init_task_env_(**kwags)
  File "/root/data/robot/work/RoboTwin-openwam-verified/envs/_base_task.py", line 90, in _init_task_env_
    self.setup_scene()
  File "/root/data/robot/work/RoboTwin-openwam-verified/envs/_base_task.py", line 210, in setup_scene
    self.renderer = sapien.SapienRenderer()
  File "/root/data/miniconda3/envs/robotwin-openwam/lib/python3.10/site-packages/sapien/wrapper/renderer.py", line 9, in __init__
    super().__init__()
RuntimeError: vk::PhysicalDevice::createDeviceUnique: ErrorExtensionNotPresent
[eval_policy_wrapper] expert check skipped seed=100077: RuntimeError
[eval_policy_wrapper] exception in beat_block_hammer.setup_demo
Traceback (most recent call last):
  File "/root/data/robot/OpenWAM/benchmarks/robotwin/eval_policy_wrapper.py", line 218, in wrapped
    return method(*args, **kwargs)
  File "/root/data/robot/work/RoboTwin-openwam-verified/envs/beat_block_hammer.py", line 10, in setup_demo
    super()._init_task_env_(**kwags)
  File "/root/data/robot/work/RoboTwin-openwam-verified/envs/_base_task.py", line 90, in _init_task_env_
    self.setup_scene()
  File "/root/data/robot/work/RoboTwin-openwam-verified/envs/_base_task.py", line 210, in setup_scene
    self.renderer = sapien.SapienRenderer()
  File "/root/data/miniconda3/envs/robotwin-openwam/lib/python3.10/site-packages/sapien/wrapper/renderer.py", line 9, in __init__
    super().__init__()
RuntimeError: vk::PhysicalDevice::createDeviceUnique: ErrorExtensionNotPresent
[eval_policy_wrapper] expert check skipped seed=100078: RuntimeError
[eval_policy_wrapper] exception in beat_block_hammer.setup_demo
Traceback (most recent call last):
  File "/root/data/robot/OpenWAM/benchmarks/robotwin/eval_policy_wrapper.py", line 218, in wrapped
    return method(*args, **kwargs)
  File "/root/data/robot/work/RoboTwin-openwam-verified/envs/beat_block_hammer.py", line 10, in setup_demo
    super()._init_task_env_(**kwags)
  File "/root/data/robot/work/RoboTwin-openwam-verified/envs/_base_task.py", line 90, in _init_task_env_
    self.setup_scene()
  File "/root/data/robot/work/RoboTwin-openwam-verified/envs/_base_task.py", line 210, in setup_scene
    self.renderer = sapien.SapienRenderer()
  File "/root/data/miniconda3/envs/robotwin-openwam/lib/python3.10/site-packages/sapien/wrapper/renderer.py", line 9, in __init__
    super().__init__()
RuntimeError: vk::PhysicalDevice::createDeviceUnique: ErrorExtensionNotPresent
[eval_policy_wrapper] expert check skipped seed=100079: RuntimeError
[eval_policy_wrapper] exception in beat_block_hammer.setup_demo
Traceback (most recent call last):
  File "/root/data/robot/OpenWAM/benchmarks/robotwin/eval_policy_wrapper.py", line 218, in wrapped
    return method(*args, **kwargs)
  File "/root/data/robot/work/RoboTwin-openwam-verified/envs/beat_block_hammer.py", line 10, in setup_demo
    super()._init_task_env_(**kwags)
  File "/root/data/robot/work/RoboTwin-openwam-verified/envs/_base_task.py", line 90, in _init_task_env_
    self.setup_scene()
  File "/root/data/robot/work/RoboTwin-openwam-verified/envs/_base_task.py", line 210, in setup_scene
    self.renderer = sapien.SapienRenderer()
  File "/root/data/miniconda3/envs/robotwin-openwam/lib/python3.10/site-packages/sapien/wrapper/renderer.py", line 9, in __init__
    super().__init__()
RuntimeError: vk::PhysicalDevice::createDeviceUnique: ErrorExtensionNotPresent
[eval_policy_wrapper] expert check skipped seed=100080: RuntimeError
[eval_policy_wrapper] exception in beat_block_hammer.setup_demo
Traceback (most recent call last):
  File "/root/data/robot/OpenWAM/benchmarks/robotwin/eval_policy_wrapper.py", line 218, in wrapped
    return method(*args, **kwargs)
  File "/root/data/robot/work/RoboTwin-openwam-verified/envs/beat_block_hammer.py", line 10, in setup_demo
    super()._init_task_env_(**kwags)
  File "/root/data/robot/work/RoboTwin-openwam-verified/envs/_base_task.py", line 90, in _init_task_env_
    self.setup_scene()
  File "/root/data/robot/work/RoboTwin-openwam-verified/envs/_base_task.py", line 210, in setup_scene
    self.renderer = sapien.SapienRenderer()
  File "/root/data/miniconda3/envs/robotwin-openwam/lib/python3.10/site-packages/sapien/wrapper/renderer.py", line 9, in __init__
    super().__init__()
RuntimeError: vk::PhysicalDevice::createDeviceUnique: ErrorExtensionNotPresent
[eval_policy_wrapper] expert check skipped seed=100081: RuntimeError
[eval_policy_wrapper] exception in beat_block_hammer.setup_demo
Traceback (most recent call last):
  File "/root/data/robot/OpenWAM/benchmarks/robotwin/eval_policy_wrapper.py", line 218, in wrapped
    return method(*args, **kwargs)
  File "/root/data/robot/work/RoboTwin-openwam-verified/envs/beat_block_hammer.py", line 10, in setup_demo
    super()._init_task_env_(**kwags)
  File "/root/data/robot/work/RoboTwin-openwam-verified/envs/_base_task.py", line 90, in _init_task_env_
    self.setup_scene()
  File "/root/data/robot/work/RoboTwin-openwam-verified/envs/_base_task.py", line 210, in setup_scene
    self.renderer = sapien.SapienRenderer()
  File "/root/data/miniconda3/envs/robotwin-openwam/lib/python3.10/site-packages/sapien/wrapper/renderer.py", line 9, in __init__
    super().__init__()
RuntimeError: vk::PhysicalDevice::createDeviceUnique: ErrorExtensionNotPresent
[eval_policy_wrapper] expert check skipped seed=100082: RuntimeError
[eval_policy_wrapper] exception in beat_block_hammer.setup_demo
Traceback (most recent call last):
  File "/root/data/robot/OpenWAM/benchmarks/robotwin/eval_policy_wrapper.py", line 218, in wrapped
    return method(*args, **kwargs)
  File "/root/data/robot/work/RoboTwin-openwam-verified/envs/beat_block_hammer.py", line 10, in setup_demo
    super()._init_task_env_(**kwags)
  File "/root/data/robot/work/RoboTwin-openwam-verified/envs/_base_task.py", line 90, in _init_task_env_
    self.setup_scene()
  File "/root/data/robot/work/RoboTwin-openwam-verified/envs/_base_task.py", line 210, in setup_scene
    self.renderer = sapien.SapienRenderer()
  File "/root/data/miniconda3/envs/robotwin-openwam/lib/python3.10/site-packages/sapien/wrapper/renderer.py", line 9, in __init__
    super().__init__()
RuntimeError: vk::PhysicalDevice::createDeviceUnique: ErrorExtensionNotPresent
[eval_policy_wrapper] expert check skipped seed=100083: RuntimeError
[eval_policy_wrapper] exception in beat_block_hammer.setup_demo
Traceback (most recent call last):
  File "/root/data/robot/OpenWAM/benchmarks/robotwin/eval_policy_wrapper.py", line 218, in wrapped
    return method(*args, **kwargs)
  File "/root/data/robot/work/RoboTwin-openwam-verified/envs/beat_block_hammer.py", line 10, in setup_demo
    super()._init_task_env_(**kwags)
  File "/root/data/robot/work/RoboTwin-openwam-verified/envs/_base_task.py", line 90, in _init_task_env_
    self.setup_scene()
  File "/root/data/robot/work/RoboTwin-openwam-verified/envs/_base_task.py", line 210, in setup_scene
    self.renderer = sapien.SapienRenderer()
  File "/root/data/miniconda3/envs/robotwin-openwam/lib/python3.10/site-packages/sapien/wrapper/renderer.py", line 9, in __init__
    super().__init__()
RuntimeError: vk::PhysicalDevice::createDeviceUnique: ErrorExtensionNotPresent
[eval_policy_wrapper] expert check skipped seed=100084: RuntimeError
[eval_policy_wrapper] exception in beat_block_hammer.setup_demo
Traceback (most recent call last):
  File "/root/data/robot/OpenWAM/benchmarks/robotwin/eval_policy_wrapper.py", line 218, in wrapped
    return method(*args, **kwargs)
  File "/root/data/robot/work/RoboTwin-openwam-verified/envs/beat_block_hammer.py", line 10, in setup_demo
    super()._init_task_env_(**kwags)
  File "/root/data/robot/work/RoboTwin-openwam-verified/envs/_base_task.py", line 90, in _init_task_env_
    self.setup_scene()
  File "/root/data/robot/work/RoboTwin-openwam-verified/envs/_base_task.py", line 210, in setup_scene
    self.renderer = sapien.SapienRenderer()
  File "/root/data/miniconda3/envs/robotwin-openwam/lib/python3.10/site-packages/sapien/wrapper/renderer.py", line 9, in __init__
    super().__init__()
RuntimeError: vk::PhysicalDevice::createDeviceUnique: ErrorExtensionNotPresent
[eval_policy_wrapper] expert check skipped seed=100085: RuntimeError
[eval_policy_wrapper] exception in beat_block_hammer.setup_demo
Traceback (most recent call last):
  File "/root/data/robot/OpenWAM/benchmarks/robotwin/eval_policy_wrapper.py", line 218, in wrapped
    return method(*args, **kwargs)
  File "/root/data/robot/work/RoboTwin-openwam-verified/envs/beat_block_hammer.py", line 10, in setup_demo
    super()._init_task_env_(**kwags)
  File "/root/data/robot/work/RoboTwin-openwam-verified/envs/_base_task.py", line 90, in _init_task_env_
    self.setup_scene()
  File "/root/data/robot/work/RoboTwin-openwam-verified/envs/_base_task.py", line 210, in setup_scene
    self.renderer = sapien.SapienRenderer()
  File "/root/data/miniconda3/envs/robotwin-openwam/lib/python3.10/site-packages/sapien/wrapper/renderer.py", line 9, in __init__
    super().__init__()
RuntimeError: vk::PhysicalDevice::createDeviceUnique: ErrorExtensionNotPresent
[eval_policy_wrapper] expert check skipped seed=100086: RuntimeError
[eval_policy_wrapper] exception in beat_block_hammer.setup_demo
Traceback (most recent call last):
  File "/root/data/robot/OpenWAM/benchmarks/robotwin/eval_policy_wrapper.py", line 218, in wrapped
    return method(*args, **kwargs)
  File "/root/data/robot/work/RoboTwin-openwam-verified/envs/beat_block_hammer.py", line 10, in setup_demo
    super()._init_task_env_(**kwags)
  File "/root/data/robot/work/RoboTwin-openwam-verified/envs/_base_task.py", line 90, in _init_task_env_
    self.setup_scene()
  File "/root/data/robot/work/RoboTwin-openwam-verified/envs/_base_task.py", line 210, in setup_scene
    self.renderer = sapien.SapienRenderer()
  File "/root/data/miniconda3/envs/robotwin-openwam/lib/python3.10/site-packages/sapien/wrapper/renderer.py", line 9, in __init__
    super().__init__()
RuntimeError: vk::PhysicalDevice::createDeviceUnique: ErrorExtensionNotPresent
[eval_policy_wrapper] expert check skipped seed=100087: RuntimeError
[eval_policy_wrapper] exception in beat_block_hammer.setup_demo
Traceback (most recent call last):
  File "/root/data/robot/OpenWAM/benchmarks/robotwin/eval_policy_wrapper.py", line 218, in wrapped
    return method(*args, **kwargs)
  File "/root/data/robot/work/RoboTwin-openwam-verified/envs/beat_block_hammer.py", line 10, in setup_demo
    super()._init_task_env_(**kwags)
  File "/root/data/robot/work/RoboTwin-openwam-verified/envs/_base_task.py", line 90, in _init_task_env_
    self.setup_scene()
  File "/root/data/robot/work/RoboTwin-openwam-verified/envs/_base_task.py", line 210, in setup_scene
    self.renderer = sapien.SapienRenderer()
  File "/root/data/miniconda3/envs/robotwin-openwam/lib/python3.10/site-packages/sapien/wrapper/renderer.py", line 9, in __init__
    super().__init__()
RuntimeError: vk::PhysicalDevice::createDeviceUnique: ErrorExtensionNotPresent
[eval_policy_wrapper] expert check skipped seed=100088: RuntimeError
[eval_policy_wrapper] exception in beat_block_hammer.setup_demo
Traceback (most recent call last):
  File "/root/data/robot/OpenWAM/benchmarks/robotwin/eval_policy_wrapper.py", line 218, in wrapped
    return method(*args, **kwargs)
  File "/root/data/robot/work/RoboTwin-openwam-verified/envs/beat_block_hammer.py", line 10, in setup_demo
    super()._init_task_env_(**kwags)
  File "/root/data/robot/work/RoboTwin-openwam-verified/envs/_base_task.py", line 90, in _init_task_env_
    self.setup_scene()
  File "/root/data/robot/work/RoboTwin-openwam-verified/envs/_base_task.py", line 210, in setup_scene
    self.renderer = sapien.SapienRenderer()
  File "/root/data/miniconda3/envs/robotwin-openwam/lib/python3.10/site-packages/sapien/wrapper/renderer.py", line 9, in __init__
    super().__init__()
RuntimeError: vk::PhysicalDevice::createDeviceUnique: ErrorExtensionNotPresent
[eval_policy_wrapper] expert check skipped seed=100089: RuntimeError
[eval_policy_wrapper] exception in beat_block_hammer.setup_demo
Traceback (most recent call last):
  File "/root/data/robot/OpenWAM/benchmarks/robotwin/eval_policy_wrapper.py", line 218, in wrapped
    return method(*args, **kwargs)
  File "/root/data/robot/work/RoboTwin-openwam-verified/envs/beat_block_hammer.py", line 10, in setup_demo
    super()._init_task_env_(**kwags)
  File "/root/data/robot/work/RoboTwin-openwam-verified/envs/_base_task.py", line 90, in _init_task_env_
    self.setup_scene()
  File "/root/data/robot/work/RoboTwin-openwam-verified/envs/_base_task.py", line 210, in setup_scene
    self.renderer = sapien.SapienRenderer()
  File "/root/data/miniconda3/envs/robotwin-openwam/lib/python3.10/site-packages/sapien/wrapper/renderer.py", line 9, in __init__
    super().__init__()
RuntimeError: vk::PhysicalDevice::createDeviceUnique: ErrorExtensionNotPresent
[eval_policy_wrapper] expert check skipped seed=100090: RuntimeError
[eval_policy_wrapper] exception in beat_block_hammer.setup_demo
Traceback (most recent call last):
  File "/root/data/robot/OpenWAM/benchmarks/robotwin/eval_policy_wrapper.py", line 218, in wrapped
    return method(*args, **kwargs)
  File "/root/data/robot/work/RoboTwin-openwam-verified/envs/beat_block_hammer.py", line 10, in setup_demo
    super()._init_task_env_(**kwags)
  File "/root/data/robot/work/RoboTwin-openwam-verified/envs/_base_task.py", line 90, in _init_task_env_
    self.setup_scene()
  File "/root/data/robot/work/RoboTwin-openwam-verified/envs/_base_task.py", line 210, in setup_scene
    self.renderer = sapien.SapienRenderer()
  File "/root/data/miniconda3/envs/robotwin-openwam/lib/python3.10/site-packages/sapien/wrapper/renderer.py", line 9, in __init__
    super().__init__()
RuntimeError: vk::PhysicalDevice::createDeviceUnique: ErrorExtensionNotPresent
[eval_policy_wrapper] expert check skipped seed=100091: RuntimeError
[eval_policy_wrapper] exception in beat_block_hammer.setup_demo
Traceback (most recent call last):
  File "/root/data/robot/OpenWAM/benchmarks/robotwin/eval_policy_wrapper.py", line 218, in wrapped
    return method(*args, **kwargs)
  File "/root/data/robot/work/RoboTwin-openwam-verified/envs/beat_block_hammer.py", line 10, in setup_demo
    super()._init_task_env_(**kwags)
  File "/root/data/robot/work/RoboTwin-openwam-verified/envs/_base_task.py", line 90, in _init_task_env_
    self.setup_scene()
  File "/root/data/robot/work/RoboTwin-openwam-verified/envs/_base_task.py", line 210, in setup_scene
    self.renderer = sapien.SapienRenderer()
  File "/root/data/miniconda3/envs/robotwin-openwam/lib/python3.10/site-packages/sapien/wrapper/renderer.py", line 9, in __init__
    super().__init__()
RuntimeError: vk::PhysicalDevice::createDeviceUnique: ErrorExtensionNotPresent
[eval_policy_wrapper] expert check skipped seed=100092: RuntimeError
[eval_policy_wrapper] exception in beat_block_hammer.setup_demo
Traceback (most recent call last):
  File "/root/data/robot/OpenWAM/benchmarks/robotwin/eval_policy_wrapper.py", line 218, in wrapped
    return method(*args, **kwargs)
  File "/root/data/robot/work/RoboTwin-openwam-verified/envs/beat_block_hammer.py", line 10, in setup_demo
    super()._init_task_env_(**kwags)
  File "/root/data/robot/work/RoboTwin-openwam-verified/envs/_base_task.py", line 90, in _init_task_env_
    self.setup_scene()
  File "/root/data/robot/work/RoboTwin-openwam-verified/envs/_base_task.py", line 210, in setup_scene
    self.renderer = sapien.SapienRenderer()
  File "/root/data/miniconda3/envs/robotwin-openwam/lib/python3.10/site-packages/sapien/wrapper/renderer.py", line 9, in __init__
    super().__init__()
RuntimeError: vk::PhysicalDevice::createDeviceUnique: ErrorExtensionNotPresent
[eval_policy_wrapper] expert check skipped seed=100093: RuntimeError
[eval_policy_wrapper] exception in beat_block_hammer.setup_demo
Traceback (most recent call last):
  File "/root/data/robot/OpenWAM/benchmarks/robotwin/eval_policy_wrapper.py", line 218, in wrapped
    return method(*args, **kwargs)
  File "/root/data/robot/work/RoboTwin-openwam-verified/envs/beat_block_hammer.py", line 10, in setup_demo
    super()._init_task_env_(**kwags)
  File "/root/data/robot/work/RoboTwin-openwam-verified/envs/_base_task.py", line 90, in _init_task_env_
    self.setup_scene()
  File "/root/data/robot/work/RoboTwin-openwam-verified/envs/_base_task.py", line 210, in setup_scene
    self.renderer = sapien.SapienRenderer()
  File "/root/data/miniconda3/envs/robotwin-openwam/lib/python3.10/site-packages/sapien/wrapper/renderer.py", line 9, in __init__
    super().__init__()
RuntimeError: vk::PhysicalDevice::createDeviceUnique: ErrorExtensionNotPresent
[eval_policy_wrapper] expert check skipped seed=100094: RuntimeError
[eval_policy_wrapper] exception in beat_block_hammer.setup_demo
Traceback (most recent call last):
  File "/root/data/robot/OpenWAM/benchmarks/robotwin/eval_policy_wrapper.py", line 218, in wrapped
    return method(*args, **kwargs)
  File "/root/data/robot/work/RoboTwin-openwam-verified/envs/beat_block_hammer.py", line 10, in setup_demo
    super()._init_task_env_(**kwags)
  File "/root/data/robot/work/RoboTwin-openwam-verified/envs/_base_task.py", line 90, in _init_task_env_
    self.setup_scene()
  File "/root/data/robot/work/RoboTwin-openwam-verified/envs/_base_task.py", line 210, in setup_scene
    self.renderer = sapien.SapienRenderer()
  File "/root/data/miniconda3/envs/robotwin-openwam/lib/python3.10/site-packages/sapien/wrapper/renderer.py", line 9, in __init__
    super().__init__()
RuntimeError: vk::PhysicalDevice::createDeviceUnique: ErrorExtensionNotPresent
[eval_policy_wrapper] expert check skipped seed=100095: RuntimeError
[eval_policy_wrapper] exception in beat_block_hammer.setup_demo
Traceback (most recent call last):
  File "/root/data/robot/OpenWAM/benchmarks/robotwin/eval_policy_wrapper.py", line 218, in wrapped
    return method(*args, **kwargs)
  File "/root/data/robot/work/RoboTwin-openwam-verified/envs/beat_block_hammer.py", line 10, in setup_demo
    super()._init_task_env_(**kwags)
  File "/root/data/robot/work/RoboTwin-openwam-verified/envs/_base_task.py", line 90, in _init_task_env_
    self.setup_scene()
  File "/root/data/robot/work/RoboTwin-openwam-verified/envs/_base_task.py", line 210, in setup_scene
    self.renderer = sapien.SapienRenderer()
  File "/root/data/miniconda3/envs/robotwin-openwam/lib/python3.10/site-packages/sapien/wrapper/renderer.py", line 9, in __init__
    super().__init__()
RuntimeError: vk::PhysicalDevice::createDeviceUnique: ErrorExtensionNotPresent
[eval_policy_wrapper] expert check skipped seed=100096: RuntimeError
[eval_policy_wrapper] exception in beat_block_hammer.setup_demo
Traceback (most recent call last):
  File "/root/data/robot/OpenWAM/benchmarks/robotwin/eval_policy_wrapper.py", line 218, in wrapped
    return method(*args, **kwargs)
  File "/root/data/robot/work/RoboTwin-openwam-verified/envs/beat_block_hammer.py", line 10, in setup_demo
    super()._init_task_env_(**kwags)
  File "/root/data/robot/work/RoboTwin-openwam-verified/envs/_base_task.py", line 90, in _init_task_env_
    self.setup_scene()
  File "/root/data/robot/work/RoboTwin-openwam-verified/envs/_base_task.py", line 210, in setup_scene
    self.renderer = sapien.SapienRenderer()
  File "/root/data/miniconda3/envs/robotwin-openwam/lib/python3.10/site-packages/sapien/wrapper/renderer.py", line 9, in __init__
    super().__init__()
RuntimeError: vk::PhysicalDevice::createDeviceUnique: ErrorExtensionNotPresent
[eval_policy_wrapper] expert check skipped seed=100097: RuntimeError
[eval_policy_wrapper] exception in beat_block_hammer.setup_demo
Traceback (most recent call last):
  File "/root/data/robot/OpenWAM/benchmarks/robotwin/eval_policy_wrapper.py", line 218, in wrapped
    return method(*args, **kwargs)
  File "/root/data/robot/work/RoboTwin-openwam-verified/envs/beat_block_hammer.py", line 10, in setup_demo
    super()._init_task_env_(**kwags)
  File "/root/data/robot/work/RoboTwin-openwam-verified/envs/_base_task.py", line 90, in _init_task_env_
    self.setup_scene()
  File "/root/data/robot/work/RoboTwin-openwam-verified/envs/_base_task.py", line 210, in setup_scene
    self.renderer = sapien.SapienRenderer()
  File "/root/data/miniconda3/envs/robotwin-openwam/lib/python3.10/site-packages/sapien/wrapper/renderer.py", line 9, in __init__
    super().__init__()
RuntimeError: vk::PhysicalDevice::createDeviceUnique: ErrorExtensionNotPresent
[eval_policy_wrapper] expert check skipped seed=100098: RuntimeError
[eval_policy_wrapper] exception in beat_block_hammer.setup_demo
Traceback (most recent call last):
  File "/root/data/robot/OpenWAM/benchmarks/robotwin/eval_policy_wrapper.py", line 218, in wrapped
    return method(*args, **kwargs)
  File "/root/data/robot/work/RoboTwin-openwam-verified/envs/beat_block_hammer.py", line 10, in setup_demo
    super()._init_task_env_(**kwags)
  File "/root/data/robot/work/RoboTwin-openwam-verified/envs/_base_task.py", line 90, in _init_task_env_
    self.setup_scene()
  File "/root/data/robot/work/RoboTwin-openwam-verified/envs/_base_task.py", line 210, in setup_scene
    self.renderer = sapien.SapienRenderer()
  File "/root/data/miniconda3/envs/robotwin-openwam/lib/python3.10/site-packages/sapien/wrapper/renderer.py", line 9, in __init__
    super().__init__()
RuntimeError: vk::PhysicalDevice::createDeviceUnique: ErrorExtensionNotPresent
[eval_policy_wrapper] expert check skipped seed=100099: RuntimeError
[eval_policy_wrapper] exception in beat_block_hammer.setup_demo
Traceback (most recent call last):
  File "/root/data/robot/OpenWAM/benchmarks/robotwin/eval_policy_wrapper.py", line 218, in wrapped
    return method(*args, **kwargs)
  File "/root/data/robot/work/RoboTwin-openwam-verified/envs/beat_block_hammer.py", line 10, in setup_demo
    super()._init_task_env_(**kwags)
  File "/root/data/robot/work/RoboTwin-openwam-verified/envs/_base_task.py", line 90, in _init_task_env_
    self.setup_scene()
  File "/root/data/robot/work/RoboTwin-openwam-verified/envs/_base_task.py", line 210, in setup_scene
    self.renderer = sapien.SapienRenderer()
  File "/root/data/miniconda3/envs/robotwin-openwam/lib/python3.10/site-packages/sapien/wrapper/renderer.py", line 9, in __init__
    super().__init__()
RuntimeError: vk::PhysicalDevice::createDeviceUnique: ErrorExtensionNotPresent
[eval_policy_wrapper] expert check skipped seed=100100: RuntimeError
[eval_policy_wrapper] exception in beat_block_hammer.setup_demo
Traceback (most recent call last):
  File "/root/data/robot/OpenWAM/benchmarks/robotwin/eval_policy_wrapper.py", line 218, in wrapped
    return method(*args, **kwargs)
  File "/root/data/robot/work/RoboTwin-openwam-verified/envs/beat_block_hammer.py", line 10, in setup_demo
    super()._init_task_env_(**kwags)
  File "/root/data/robot/work/RoboTwin-openwam-verified/envs/_base_task.py", line 90, in _init_task_env_
    self.setup_scene()
  File "/root/data/robot/work/RoboTwin-openwam-verified/envs/_base_task.py", line 210, in setup_scene
    self.renderer = sapien.SapienRenderer()
  File "/root/data/miniconda3/envs/robotwin-openwam/lib/python3.10/site-packages/sapien/wrapper/renderer.py", line 9, in __init__
    super().__init__()
RuntimeError: vk::PhysicalDevice::createDeviceUnique: ErrorExtensionNotPresent
[eval_policy_wrapper] expert check skipped seed=100101: RuntimeError
[eval_policy_wrapper] exception in beat_block_hammer.setup_demo
Traceback (most recent call last):
  File "/root/data/robot/OpenWAM/benchmarks/robotwin/eval_policy_wrapper.py", line 218, in wrapped
    return method(*args, **kwargs)
  File "/root/data/robot/work/RoboTwin-openwam-verified/envs/beat_block_hammer.py", line 10, in setup_demo
    super()._init_task_env_(**kwags)
  File "/root/data/robot/work/RoboTwin-openwam-verified/envs/_base_task.py", line 90, in _init_task_env_
    self.setup_scene()
  File "/root/data/robot/work/RoboTwin-openwam-verified/envs/_base_task.py", line 210, in setup_scene
    self.renderer = sapien.SapienRenderer()
  File "/root/data/miniconda3/envs/robotwin-openwam/lib/python3.10/site-packages/sapien/wrapper/renderer.py", line 9, in __init__
    super().__init__()
RuntimeError: vk::PhysicalDevice::createDeviceUnique: ErrorExtensionNotPresent
[eval_policy_wrapper] expert check skipped seed=100102: RuntimeError
[eval_policy_wrapper] exception in beat_block_hammer.setup_demo
Traceback (most recent call last):
  File "/root/data/robot/OpenWAM/benchmarks/robotwin/eval_policy_wrapper.py", line 218, in wrapped
    return method(*args, **kwargs)
  File "/root/data/robot/work/RoboTwin-openwam-verified/envs/beat_block_hammer.py", line 10, in setup_demo
    super()._init_task_env_(**kwags)
  File "/root/data/robot/work/RoboTwin-openwam-verified/envs/_base_task.py", line 90, in _init_task_env_
    self.setup_scene()
  File "/root/data/robot/work/RoboTwin-openwam-verified/envs/_base_task.py", line 210, in setup_scene
    self.renderer = sapien.SapienRenderer()
  File "/root/data/miniconda3/envs/robotwin-openwam/lib/python3.10/site-packages/sapien/wrapper/renderer.py", line 9, in __init__
    super().__init__()
RuntimeError: vk::PhysicalDevice::createDeviceUnique: ErrorExtensionNotPresent
[eval_policy_wrapper] expert check skipped seed=100103: RuntimeError
[eval_policy_wrapper] exception in beat_block_hammer.setup_demo
Traceback (most recent call last):
  File "/root/data/robot/OpenWAM/benchmarks/robotwin/eval_policy_wrapper.py", line 218, in wrapped
    return method(*args, **kwargs)
  File "/root/data/robot/work/RoboTwin-openwam-verified/envs/beat_block_hammer.py", line 10, in setup_demo
    super()._init_task_env_(**kwags)
  File "/root/data/robot/work/RoboTwin-openwam-verified/envs/_base_task.py", line 90, in _init_task_env_
    self.setup_scene()
  File "/root/data/robot/work/RoboTwin-openwam-verified/envs/_base_task.py", line 210, in setup_scene
    self.renderer = sapien.SapienRenderer()
  File "/root/data/miniconda3/envs/robotwin-openwam/lib/python3.10/site-packages/sapien/wrapper/renderer.py", line 9, in __init__
    super().__init__()
RuntimeError: vk::PhysicalDevice::createDeviceUnique: ErrorExtensionNotPresent
[eval_policy_wrapper] expert check skipped seed=100104: RuntimeError
[eval_policy_wrapper] exception in beat_block_hammer.setup_demo
Traceback (most recent call last):
  File "/root/data/robot/OpenWAM/benchmarks/robotwin/eval_policy_wrapper.py", line 218, in wrapped
    return method(*args, **kwargs)
  File "/root/data/robot/work/RoboTwin-openwam-verified/envs/beat_block_hammer.py", line 10, in setup_demo
    super()._init_task_env_(**kwags)
  File "/root/data/robot/work/RoboTwin-openwam-verified/envs/_base_task.py", line 90, in _init_task_env_
    self.setup_scene()
  File "/root/data/robot/work/RoboTwin-openwam-verified/envs/_base_task.py", line 210, in setup_scene
    self.renderer = sapien.SapienRenderer()
  File "/root/data/miniconda3/envs/robotwin-openwam/lib/python3.10/site-packages/sapien/wrapper/renderer.py", line 9, in __init__
    super().__init__()
RuntimeError: vk::PhysicalDevice::createDeviceUnique: ErrorExtensionNotPresent
[eval_policy_wrapper] expert check skipped seed=100105: RuntimeError
[eval_policy_wrapper] exception in beat_block_hammer.setup_demo
Traceback (most recent call last):
  File "/root/data/robot/OpenWAM/benchmarks/robotwin/eval_policy_wrapper.py", line 218, in wrapped
    return method(*args, **kwargs)
  File "/root/data/robot/work/RoboTwin-openwam-verified/envs/beat_block_hammer.py", line 10, in setup_demo
    super()._init_task_env_(**kwags)
  File "/root/data/robot/work/RoboTwin-openwam-verified/envs/_base_task.py", line 90, in _init_task_env_
    self.setup_scene()
  File "/root/data/robot/work/RoboTwin-openwam-verified/envs/_base_task.py", line 210, in setup_scene
    self.renderer = sapien.SapienRenderer()
  File "/root/data/miniconda3/envs/robotwin-openwam/lib/python3.10/site-packages/sapien/wrapper/renderer.py", line 9, in __init__
    super().__init__()
RuntimeError: vk::PhysicalDevice::createDeviceUnique: ErrorExtensionNotPresent
[eval_policy_wrapper] expert check skipped seed=100106: RuntimeError
[eval_policy_wrapper] exception in beat_block_hammer.setup_demo
Traceback (most recent call last):
  File "/root/data/robot/OpenWAM/benchmarks/robotwin/eval_policy_wrapper.py", line 218, in wrapped
    return method(*args, **kwargs)
  File "/root/data/robot/work/RoboTwin-openwam-verified/envs/beat_block_hammer.py", line 10, in setup_demo
    super()._init_task_env_(**kwags)
  File "/root/data/robot/work/RoboTwin-openwam-verified/envs/_base_task.py", line 90, in _init_task_env_
    self.setup_scene()
  File "/root/data/robot/work/RoboTwin-openwam-verified/envs/_base_task.py", line 210, in setup_scene
    self.renderer = sapien.SapienRenderer()
  File "/root/data/miniconda3/envs/robotwin-openwam/lib/python3.10/site-packages/sapien/wrapper/renderer.py", line 9, in __init__
    super().__init__()
RuntimeError: vk::PhysicalDevice::createDeviceUnique: ErrorExtensionNotPresent
[eval_policy_wrapper] expert check skipped seed=100107: RuntimeError
[eval_policy_wrapper] exception in beat_block_hammer.setup_demo
Traceback (most recent call last):
  File "/root/data/robot/OpenWAM/benchmarks/robotwin/eval_policy_wrapper.py", line 218, in wrapped
    return method(*args, **kwargs)
  File "/root/data/robot/work/RoboTwin-openwam-verified/envs/beat_block_hammer.py", line 10, in setup_demo
    super()._init_task_env_(**kwags)
  File "/root/data/robot/work/RoboTwin-openwam-verified/envs/_base_task.py", line 90, in _init_task_env_
    self.setup_scene()
  File "/root/data/robot/work/RoboTwin-openwam-verified/envs/_base_task.py", line 210, in setup_scene
    self.renderer = sapien.SapienRenderer()
  File "/root/data/miniconda3/envs/robotwin-openwam/lib/python3.10/site-packages/sapien/wrapper/renderer.py", line 9, in __init__
    super().__init__()
RuntimeError: vk::PhysicalDevice::createDeviceUnique: ErrorExtensionNotPresent
[eval_policy_wrapper] expert check skipped seed=100108: RuntimeError
[eval_policy_wrapper] exception in beat_block_hammer.setup_demo
Traceback (most recent call last):
  File "/root/data/robot/OpenWAM/benchmarks/robotwin/eval_policy_wrapper.py", line 218, in wrapped
    return method(*args, **kwargs)
  File "/root/data/robot/work/RoboTwin-openwam-verified/envs/beat_block_hammer.py", line 10, in setup_demo
    super()._init_task_env_(**kwags)
  File "/root/data/robot/work/RoboTwin-openwam-verified/envs/_base_task.py", line 90, in _init_task_env_
    self.setup_scene()
  File "/root/data/robot/work/RoboTwin-openwam-verified/envs/_base_task.py", line 210, in setup_scene
    self.renderer = sapien.SapienRenderer()
  File "/root/data/miniconda3/envs/robotwin-openwam/lib/python3.10/site-packages/sapien/wrapper/renderer.py", line 9, in __init__
    super().__init__()
RuntimeError: vk::PhysicalDevice::createDeviceUnique: ErrorExtensionNotPresent
[eval_policy_wrapper] expert check skipped seed=100109: RuntimeError
[eval_policy_wrapper] exception in beat_block_hammer.setup_demo
Traceback (most recent call last):
  File "/root/data/robot/OpenWAM/benchmarks/robotwin/eval_policy_wrapper.py", line 218, in wrapped
    return method(*args, **kwargs)
  File "/root/data/robot/work/RoboTwin-openwam-verified/envs/beat_block_hammer.py", line 10, in setup_demo
    super()._init_task_env_(**kwags)
  File "/root/data/robot/work/RoboTwin-openwam-verified/envs/_base_task.py", line 90, in _init_task_env_
    self.setup_scene()
  File "/root/data/robot/work/RoboTwin-openwam-verified/envs/_base_task.py", line 210, in setup_scene
    self.renderer = sapien.SapienRenderer()
  File "/root/data/miniconda3/envs/robotwin-openwam/lib/python3.10/site-packages/sapien/wrapper/renderer.py", line 9, in __init__
    super().__init__()
RuntimeError: vk::PhysicalDevice::createDeviceUnique: ErrorExtensionNotPresent
[eval_policy_wrapper] expert check skipped seed=100110: RuntimeError
[eval_policy_wrapper] exception in beat_block_hammer.setup_demo
Traceback (most recent call last):
  File "/root/data/robot/OpenWAM/benchmarks/robotwin/eval_policy_wrapper.py", line 218, in wrapped
    return method(*args, **kwargs)
  File "/root/data/robot/work/RoboTwin-openwam-verified/envs/beat_block_hammer.py", line 10, in setup_demo
    super()._init_task_env_(**kwags)
  File "/root/data/robot/work/RoboTwin-openwam-verified/envs/_base_task.py", line 90, in _init_task_env_
    self.setup_scene()
  File "/root/data/robot/work/RoboTwin-openwam-verified/envs/_base_task.py", line 210, in setup_scene
    self.renderer = sapien.SapienRenderer()
  File "/root/data/miniconda3/envs/robotwin-openwam/lib/python3.10/site-packages/sapien/wrapper/renderer.py", line 9, in __init__
    super().__init__()
RuntimeError: vk::PhysicalDevice::createDeviceUnique: ErrorExtensionNotPresent
[eval_policy_wrapper] expert check skipped seed=100111: RuntimeError
[eval_policy_wrapper] exception in beat_block_hammer.setup_demo
Traceback (most recent call last):
  File "/root/data/robot/OpenWAM/benchmarks/robotwin/eval_policy_wrapper.py", line 218, in wrapped
    return method(*args, **kwargs)
  File "/root/data/robot/work/RoboTwin-openwam-verified/envs/beat_block_hammer.py", line 10, in setup_demo
    super()._init_task_env_(**kwags)
  File "/root/data/robot/work/RoboTwin-openwam-verified/envs/_base_task.py", line 90, in _init_task_env_
    self.setup_scene()
  File "/root/data/robot/work/RoboTwin-openwam-verified/envs/_base_task.py", line 210, in setup_scene
    self.renderer = sapien.SapienRenderer()
  File "/root/data/miniconda3/envs/robotwin-openwam/lib/python3.10/site-packages/sapien/wrapper/renderer.py", line 9, in __init__
    super().__init__()
RuntimeError: vk::PhysicalDevice::createDeviceUnique: ErrorExtensionNotPresent
[eval_policy_wrapper] expert check skipped seed=100112: RuntimeError
[eval_policy_wrapper] exception in beat_block_hammer.setup_demo
Traceback (most recent call last):
  File "/root/data/robot/OpenWAM/benchmarks/robotwin/eval_policy_wrapper.py", line 218, in wrapped
    return method(*args, **kwargs)
  File "/root/data/robot/work/RoboTwin-openwam-verified/envs/beat_block_hammer.py", line 10, in setup_demo
    super()._init_task_env_(**kwags)
  File "/root/data/robot/work/RoboTwin-openwam-verified/envs/_base_task.py", line 90, in _init_task_env_
    self.setup_scene()
  File "/root/data/robot/work/RoboTwin-openwam-verified/envs/_base_task.py", line 210, in setup_scene
    self.renderer = sapien.SapienRenderer()
  File "/root/data/miniconda3/envs/robotwin-openwam/lib/python3.10/site-packages/sapien/wrapper/renderer.py", line 9, in __init__
    super().__init__()
RuntimeError: vk::PhysicalDevice::createDeviceUnique: ErrorExtensionNotPresent
[eval_policy_wrapper] expert check skipped seed=100113: RuntimeError
[eval_policy_wrapper] exception in beat_block_hammer.setup_demo
Traceback (most recent call last):
  File "/root/data/robot/OpenWAM/benchmarks/robotwin/eval_policy_wrapper.py", line 218, in wrapped
    return method(*args, **kwargs)
  File "/root/data/robot/work/RoboTwin-openwam-verified/envs/beat_block_hammer.py", line 10, in setup_demo
    super()._init_task_env_(**kwags)
  File "/root/data/robot/work/RoboTwin-openwam-verified/envs/_base_task.py", line 90, in _init_task_env_
    self.setup_scene()
  File "/root/data/robot/work/RoboTwin-openwam-verified/envs/_base_task.py", line 210, in setup_scene
    self.renderer = sapien.SapienRenderer()
  File "/root/data/miniconda3/envs/robotwin-openwam/lib/python3.10/site-packages/sapien/wrapper/renderer.py", line 9, in __init__
    super().__init__()
RuntimeError: vk::PhysicalDevice::createDeviceUnique: ErrorExtensionNotPresent
[eval_policy_wrapper] expert check skipped seed=100114: RuntimeError
[eval_policy_wrapper] exception in beat_block_hammer.setup_demo
Traceback (most recent call last):
  File "/root/data/robot/OpenWAM/benchmarks/robotwin/eval_policy_wrapper.py", line 218, in wrapped
    return method(*args, **kwargs)
  File "/root/data/robot/work/RoboTwin-openwam-verified/envs/beat_block_hammer.py", line 10, in setup_demo
    super()._init_task_env_(**kwags)
  File "/root/data/robot/work/RoboTwin-openwam-verified/envs/_base_task.py", line 90, in _init_task_env_
    self.setup_scene()
  File "/root/data/robot/work/RoboTwin-openwam-verified/envs/_base_task.py", line 210, in setup_scene
    self.renderer = sapien.SapienRenderer()
  File "/root/data/miniconda3/envs/robotwin-openwam/lib/python3.10/site-packages/sapien/wrapper/renderer.py", line 9, in __init__
    super().__init__()
RuntimeError: vk::PhysicalDevice::createDeviceUnique: ErrorExtensionNotPresent
[eval_policy_wrapper] expert check skipped seed=100115: RuntimeError
[eval_policy_wrapper] exception in beat_block_hammer.setup_demo
Traceback (most recent call last):
  File "/root/data/robot/OpenWAM/benchmarks/robotwin/eval_policy_wrapper.py", line 218, in wrapped
    return method(*args, **kwargs)
  File "/root/data/robot/work/RoboTwin-openwam-verified/envs/beat_block_hammer.py", line 10, in setup_demo
    super()._init_task_env_(**kwags)
  File "/root/data/robot/work/RoboTwin-openwam-verified/envs/_base_task.py", line 90, in _init_task_env_
    self.setup_scene()
  File "/root/data/robot/work/RoboTwin-openwam-verified/envs/_base_task.py", line 210, in setup_scene
    self.renderer = sapien.SapienRenderer()
  File "/root/data/miniconda3/envs/robotwin-openwam/lib/python3.10/site-packages/sapien/wrapper/renderer.py", line 9, in __init__
    super().__init__()
RuntimeError: vk::PhysicalDevice::createDeviceUnique: ErrorExtensionNotPresent
[eval_policy_wrapper] expert check skipped seed=100116: RuntimeError
[eval_policy_wrapper] exception in beat_block_hammer.setup_demo
Traceback (most recent call last):
  File "/root/data/robot/OpenWAM/benchmarks/robotwin/eval_policy_wrapper.py", line 218, in wrapped
    return method(*args, **kwargs)
  File "/root/data/robot/work/RoboTwin-openwam-verified/envs/beat_block_hammer.py", line 10, in setup_demo
    super()._init_task_env_(**kwags)
  File "/root/data/robot/work/RoboTwin-openwam-verified/envs/_base_task.py", line 90, in _init_task_env_
    self.setup_scene()
  File "/root/data/robot/work/RoboTwin-openwam-verified/envs/_base_task.py", line 210, in setup_scene
    self.renderer = sapien.SapienRenderer()
  File "/root/data/miniconda3/envs/robotwin-openwam/lib/python3.10/site-packages/sapien/wrapper/renderer.py", line 9, in __init__
    super().__init__()
RuntimeError: vk::PhysicalDevice::createDeviceUnique: ErrorExtensionNotPresent
[eval_policy_wrapper] expert check skipped seed=100117: RuntimeError
[eval_policy_wrapper] exception in beat_block_hammer.setup_demo
Traceback (most recent call last):
  File "/root/data/robot/OpenWAM/benchmarks/robotwin/eval_policy_wrapper.py", line 218, in wrapped
    return method(*args, **kwargs)
  File "/root/data/robot/work/RoboTwin-openwam-verified/envs/beat_block_hammer.py", line 10, in setup_demo
    super()._init_task_env_(**kwags)
  File "/root/data/robot/work/RoboTwin-openwam-verified/envs/_base_task.py", line 90, in _init_task_env_
    self.setup_scene()
  File "/root/data/robot/work/RoboTwin-openwam-verified/envs/_base_task.py", line 210, in setup_scene
    self.renderer = sapien.SapienRenderer()
  File "/root/data/miniconda3/envs/robotwin-openwam/lib/python3.10/site-packages/sapien/wrapper/renderer.py", line 9, in __init__
    super().__init__()
RuntimeError: vk::PhysicalDevice::createDeviceUnique: ErrorExtensionNotPresent
[eval_policy_wrapper] expert check skipped seed=100118: RuntimeError
[eval_policy_wrapper] exception in beat_block_hammer.setup_demo
Traceback (most recent call last):
  File "/root/data/robot/OpenWAM/benchmarks/robotwin/eval_policy_wrapper.py", line 218, in wrapped
    return method(*args, **kwargs)
  File "/root/data/robot/work/RoboTwin-openwam-verified/envs/beat_block_hammer.py", line 10, in setup_demo
    super()._init_task_env_(**kwags)
  File "/root/data/robot/work/RoboTwin-openwam-verified/envs/_base_task.py", line 90, in _init_task_env_
    self.setup_scene()
  File "/root/data/robot/work/RoboTwin-openwam-verified/envs/_base_task.py", line 210, in setup_scene
    self.renderer = sapien.SapienRenderer()
  File "/root/data/miniconda3/envs/robotwin-openwam/lib/python3.10/site-packages/sapien/wrapper/renderer.py", line 9, in __init__
    super().__init__()
RuntimeError: vk::PhysicalDevice::createDeviceUnique: ErrorExtensionNotPresent
[eval_policy_wrapper] expert check skipped seed=100119: RuntimeError
[eval_policy_wrapper] exception in beat_block_hammer.setup_demo
Traceback (most recent call last):
  File "/root/data/robot/OpenWAM/benchmarks/robotwin/eval_policy_wrapper.py", line 218, in wrapped
    return method(*args, **kwargs)
  File "/root/data/robot/work/RoboTwin-openwam-verified/envs/beat_block_hammer.py", line 10, in setup_demo
    super()._init_task_env_(**kwags)
  File "/root/data/robot/work/RoboTwin-openwam-verified/envs/_base_task.py", line 90, in _init_task_env_
    self.setup_scene()
  File "/root/data/robot/work/RoboTwin-openwam-verified/envs/_base_task.py", line 210, in setup_scene
    self.renderer = sapien.SapienRenderer()
  File "/root/data/miniconda3/envs/robotwin-openwam/lib/python3.10/site-packages/sapien/wrapper/renderer.py", line 9, in __init__
    super().__init__()
RuntimeError: vk::PhysicalDevice::createDeviceUnique: ErrorExtensionNotPresent
[eval_policy_wrapper] expert check skipped seed=100120: RuntimeError
[eval_policy_wrapper] exception in beat_block_hammer.setup_demo
Traceback (most recent call last):
  File "/root/data/robot/OpenWAM/benchmarks/robotwin/eval_policy_wrapper.py", line 218, in wrapped
    return method(*args, **kwargs)
  File "/root/data/robot/work/RoboTwin-openwam-verified/envs/beat_block_hammer.py", line 10, in setup_demo
    super()._init_task_env_(**kwags)
  File "/root/data/robot/work/RoboTwin-openwam-verified/envs/_base_task.py", line 90, in _init_task_env_
    self.setup_scene()
  File "/root/data/robot/work/RoboTwin-openwam-verified/envs/_base_task.py", line 210, in setup_scene
    self.renderer = sapien.SapienRenderer()
  File "/root/data/miniconda3/envs/robotwin-openwam/lib/python3.10/site-packages/sapien/wrapper/renderer.py", line 9, in __init__
    super().__init__()
RuntimeError: vk::PhysicalDevice::createDeviceUnique: ErrorExtensionNotPresent
[eval_policy_wrapper] expert check skipped seed=100121: RuntimeError
[eval_policy_wrapper] exception in beat_block_hammer.setup_demo
Traceback (most recent call last):
  File "/root/data/robot/OpenWAM/benchmarks/robotwin/eval_policy_wrapper.py", line 218, in wrapped
    return method(*args, **kwargs)
  File "/root/data/robot/work/RoboTwin-openwam-verified/envs/beat_block_hammer.py", line 10, in setup_demo
    super()._init_task_env_(**kwags)
  File "/root/data/robot/work/RoboTwin-openwam-verified/envs/_base_task.py", line 90, in _init_task_env_
    self.setup_scene()
  File "/root/data/robot/work/RoboTwin-openwam-verified/envs/_base_task.py", line 210, in setup_scene
    self.renderer = sapien.SapienRenderer()
  File "/root/data/miniconda3/envs/robotwin-openwam/lib/python3.10/site-packages/sapien/wrapper/renderer.py", line 9, in __init__
    super().__init__()
RuntimeError: vk::PhysicalDevice::createDeviceUnique: ErrorExtensionNotPresent
[eval_policy_wrapper] expert check skipped seed=100122: RuntimeError
[eval_policy_wrapper] exception in beat_block_hammer.setup_demo
Traceback (most recent call last):
  File "/root/data/robot/OpenWAM/benchmarks/robotwin/eval_policy_wrapper.py", line 218, in wrapped
    return method(*args, **kwargs)
  File "/root/data/robot/work/RoboTwin-openwam-verified/envs/beat_block_hammer.py", line 10, in setup_demo
    super()._init_task_env_(**kwags)
  File "/root/data/robot/work/RoboTwin-openwam-verified/envs/_base_task.py", line 90, in _init_task_env_
    self.setup_scene()
  File "/root/data/robot/work/RoboTwin-openwam-verified/envs/_base_task.py", line 210, in setup_scene
    self.renderer = sapien.SapienRenderer()
  File "/root/data/miniconda3/envs/robotwin-openwam/lib/python3.10/site-packages/sapien/wrapper/renderer.py", line 9, in __init__
    super().__init__()
RuntimeError: vk::PhysicalDevice::createDeviceUnique: ErrorExtensionNotPresent
[eval_policy_wrapper] expert check skipped seed=100123: RuntimeError
[eval_policy_wrapper] exception in beat_block_hammer.setup_demo
Traceback (most recent call last):
  File "/root/data/robot/OpenWAM/benchmarks/robotwin/eval_policy_wrapper.py", line 218, in wrapped
    return method(*args, **kwargs)
  File "/root/data/robot/work/RoboTwin-openwam-verified/envs/beat_block_hammer.py", line 10, in setup_demo
    super()._init_task_env_(**kwags)
  File "/root/data/robot/work/RoboTwin-openwam-verified/envs/_base_task.py", line 90, in _init_task_env_
    self.setup_scene()
  File "/root/data/robot/work/RoboTwin-openwam-verified/envs/_base_task.py", line 210, in setup_scene
    self.renderer = sapien.SapienRenderer()
  File "/root/data/miniconda3/envs/robotwin-openwam/lib/python3.10/site-packages/sapien/wrapper/renderer.py", line 9, in __init__
    super().__init__()
RuntimeError: vk::PhysicalDevice::createDeviceUnique: ErrorExtensionNotPresent
[eval_policy_wrapper] expert check skipped seed=100124: RuntimeError
[eval_policy_wrapper] exception in beat_block_hammer.setup_demo
Traceback (most recent call last):
  File "/root/data/robot/OpenWAM/benchmarks/robotwin/eval_policy_wrapper.py", line 218, in wrapped
    return method(*args, **kwargs)
  File "/root/data/robot/work/RoboTwin-openwam-verified/envs/beat_block_hammer.py", line 10, in setup_demo
    super()._init_task_env_(**kwags)
  File "/root/data/robot/work/RoboTwin-openwam-verified/envs/_base_task.py", line 90, in _init_task_env_
    self.setup_scene()
  File "/root/data/robot/work/RoboTwin-openwam-verified/envs/_base_task.py", line 210, in setup_scene
    self.renderer = sapien.SapienRenderer()
  File "/root/data/miniconda3/envs/robotwin-openwam/lib/python3.10/site-packages/sapien/wrapper/renderer.py", line 9, in __init__
    super().__init__()
RuntimeError: vk::PhysicalDevice::createDeviceUnique: ErrorExtensionNotPresent
[eval_policy_wrapper] expert check skipped seed=100125: RuntimeError
[eval_policy_wrapper] exception in beat_block_hammer.setup_demo
Traceback (most recent call last):
  File "/root/data/robot/OpenWAM/benchmarks/robotwin/eval_policy_wrapper.py", line 218, in wrapped
    return method(*args, **kwargs)
  File "/root/data/robot/work/RoboTwin-openwam-verified/envs/beat_block_hammer.py", line 10, in setup_demo
    super()._init_task_env_(**kwags)
  File "/root/data/robot/work/RoboTwin-openwam-verified/envs/_base_task.py", line 90, in _init_task_env_
    self.setup_scene()
  File "/root/data/robot/work/RoboTwin-openwam-verified/envs/_base_task.py", line 210, in setup_scene
    self.renderer = sapien.SapienRenderer()
  File "/root/data/miniconda3/envs/robotwin-openwam/lib/python3.10/site-packages/sapien/wrapper/renderer.py", line 9, in __init__
    super().__init__()
RuntimeError: vk::PhysicalDevice::createDeviceUnique: ErrorExtensionNotPresent
[eval_policy_wrapper] expert check skipped seed=100126: RuntimeError
[eval_policy_wrapper] exception in beat_block_hammer.setup_demo
Traceback (most recent call last):
  File "/root/data/robot/OpenWAM/benchmarks/robotwin/eval_policy_wrapper.py", line 218, in wrapped
    return method(*args, **kwargs)
  File "/root/data/robot/work/RoboTwin-openwam-verified/envs/beat_block_hammer.py", line 10, in setup_demo
    super()._init_task_env_(**kwags)
  File "/root/data/robot/work/RoboTwin-openwam-verified/envs/_base_task.py", line 90, in _init_task_env_
    self.setup_scene()
  File "/root/data/robot/work/RoboTwin-openwam-verified/envs/_base_task.py", line 210, in setup_scene
    self.renderer = sapien.SapienRenderer()
  File "/root/data/miniconda3/envs/robotwin-openwam/lib/python3.10/site-packages/sapien/wrapper/renderer.py", line 9, in __init__
    super().__init__()
RuntimeError: vk::PhysicalDevice::createDeviceUnique: ErrorExtensionNotPresent
[eval_policy_wrapper] expert check skipped seed=100127: RuntimeError
[eval_policy_wrapper] exception in beat_block_hammer.setup_demo
Traceback (most recent call last):
  File "/root/data/robot/OpenWAM/benchmarks/robotwin/eval_policy_wrapper.py", line 218, in wrapped
    return method(*args, **kwargs)
  File "/root/data/robot/work/RoboTwin-openwam-verified/envs/beat_block_hammer.py", line 10, in setup_demo
    super()._init_task_env_(**kwags)
  File "/root/data/robot/work/RoboTwin-openwam-verified/envs/_base_task.py", line 90, in _init_task_env_
    self.setup_scene()
  File "/root/data/robot/work/RoboTwin-openwam-verified/envs/_base_task.py", line 210, in setup_scene
    self.renderer = sapien.SapienRenderer()
  File "/root/data/miniconda3/envs/robotwin-openwam/lib/python3.10/site-packages/sapien/wrapper/renderer.py", line 9, in __init__
    super().__init__()
RuntimeError: vk::PhysicalDevice::createDeviceUnique: ErrorExtensionNotPresent
[eval_policy_wrapper] expert check skipped seed=100128: RuntimeError
[eval_policy_wrapper] exception in beat_block_hammer.setup_demo
Traceback (most recent call last):
  File "/root/data/robot/OpenWAM/benchmarks/robotwin/eval_policy_wrapper.py", line 218, in wrapped
    return method(*args, **kwargs)
  File "/root/data/robot/work/RoboTwin-openwam-verified/envs/beat_block_hammer.py", line 10, in setup_demo
    super()._init_task_env_(**kwags)
  File "/root/data/robot/work/RoboTwin-openwam-verified/envs/_base_task.py", line 90, in _init_task_env_
    self.setup_scene()
  File "/root/data/robot/work/RoboTwin-openwam-verified/envs/_base_task.py", line 210, in setup_scene
    self.renderer = sapien.SapienRenderer()
  File "/root/data/miniconda3/envs/robotwin-openwam/lib/python3.10/site-packages/sapien/wrapper/renderer.py", line 9, in __init__
    super().__init__()
RuntimeError: vk::PhysicalDevice::createDeviceUnique: ErrorExtensionNotPresent
[eval_policy_wrapper] expert check skipped seed=100129: RuntimeError
[eval_policy_wrapper] exception in beat_block_hammer.setup_demo
Traceback (most recent call last):
  File "/root/data/robot/OpenWAM/benchmarks/robotwin/eval_policy_wrapper.py", line 218, in wrapped
    return method(*args, **kwargs)
  File "/root/data/robot/work/RoboTwin-openwam-verified/envs/beat_block_hammer.py", line 10, in setup_demo
    super()._init_task_env_(**kwags)
  File "/root/data/robot/work/RoboTwin-openwam-verified/envs/_base_task.py", line 90, in _init_task_env_
    self.setup_scene()
  File "/root/data/robot/work/RoboTwin-openwam-verified/envs/_base_task.py", line 210, in setup_scene
    self.renderer = sapien.SapienRenderer()
  File "/root/data/miniconda3/envs/robotwin-openwam/lib/python3.10/site-packages/sapien/wrapper/renderer.py", line 9, in __init__
    super().__init__()
RuntimeError: vk::PhysicalDevice::createDeviceUnique: ErrorExtensionNotPresent
[eval_policy_wrapper] expert check skipped seed=100130: RuntimeError
[eval_policy_wrapper] exception in beat_block_hammer.setup_demo
Traceback (most recent call last):
  File "/root/data/robot/OpenWAM/benchmarks/robotwin/eval_policy_wrapper.py", line 218, in wrapped
    return method(*args, **kwargs)
  File "/root/data/robot/work/RoboTwin-openwam-verified/envs/beat_block_hammer.py", line 10, in setup_demo
    super()._init_task_env_(**kwags)
  File "/root/data/robot/work/RoboTwin-openwam-verified/envs/_base_task.py", line 90, in _init_task_env_
    self.setup_scene()
  File "/root/data/robot/work/RoboTwin-openwam-verified/envs/_base_task.py", line 210, in setup_scene
    self.renderer = sapien.SapienRenderer()
  File "/root/data/miniconda3/envs/robotwin-openwam/lib/python3.10/site-packages/sapien/wrapper/renderer.py", line 9, in __init__
    super().__init__()
RuntimeError: vk::PhysicalDevice::createDeviceUnique: ErrorExtensionNotPresent
[eval_policy_wrapper] expert check skipped seed=100131: RuntimeError
[eval_policy_wrapper] exception in beat_block_hammer.setup_demo
Traceback (most recent call last):
  File "/root/data/robot/OpenWAM/benchmarks/robotwin/eval_policy_wrapper.py", line 218, in wrapped
    return method(*args, **kwargs)
  File "/root/data/robot/work/RoboTwin-openwam-verified/envs/beat_block_hammer.py", line 10, in setup_demo
    super()._init_task_env_(**kwags)
  File "/root/data/robot/work/RoboTwin-openwam-verified/envs/_base_task.py", line 90, in _init_task_env_
    self.setup_scene()
  File "/root/data/robot/work/RoboTwin-openwam-verified/envs/_base_task.py", line 210, in setup_scene
    self.renderer = sapien.SapienRenderer()
  File "/root/data/miniconda3/envs/robotwin-openwam/lib/python3.10/site-packages/sapien/wrapper/renderer.py", line 9, in __init__
    super().__init__()
RuntimeError: vk::PhysicalDevice::createDeviceUnique: ErrorExtensionNotPresent
[eval_policy_wrapper] expert check skipped seed=100132: RuntimeError
[eval_policy_wrapper] exception in beat_block_hammer.setup_demo
Traceback (most recent call last):
  File "/root/data/robot/OpenWAM/benchmarks/robotwin/eval_policy_wrapper.py", line 218, in wrapped
    return method(*args, **kwargs)
  File "/root/data/robot/work/RoboTwin-openwam-verified/envs/beat_block_hammer.py", line 10, in setup_demo
    super()._init_task_env_(**kwags)
  File "/root/data/robot/work/RoboTwin-openwam-verified/envs/_base_task.py", line 90, in _init_task_env_
    self.setup_scene()
  File "/root/data/robot/work/RoboTwin-openwam-verified/envs/_base_task.py", line 210, in setup_scene
    self.renderer = sapien.SapienRenderer()
  File "/root/data/miniconda3/envs/robotwin-openwam/lib/python3.10/site-packages/sapien/wrapper/renderer.py", line 9, in __init__
    super().__init__()
RuntimeError: vk::PhysicalDevice::createDeviceUnique: ErrorExtensionNotPresent
[eval_policy_wrapper] expert check skipped seed=100133: RuntimeError
[eval_policy_wrapper] exception in beat_block_hammer.setup_demo
Traceback (most recent call last):
  File "/root/data/robot/OpenWAM/benchmarks/robotwin/eval_policy_wrapper.py", line 218, in wrapped
    return method(*args, **kwargs)
  File "/root/data/robot/work/RoboTwin-openwam-verified/envs/beat_block_hammer.py", line 10, in setup_demo
    super()._init_task_env_(**kwags)
  File "/root/data/robot/work/RoboTwin-openwam-verified/envs/_base_task.py", line 90, in _init_task_env_
    self.setup_scene()
  File "/root/data/robot/work/RoboTwin-openwam-verified/envs/_base_task.py", line 210, in setup_scene
    self.renderer = sapien.SapienRenderer()
  File "/root/data/miniconda3/envs/robotwin-openwam/lib/python3.10/site-packages/sapien/wrapper/renderer.py", line 9, in __init__
    super().__init__()
RuntimeError: vk::PhysicalDevice::createDeviceUnique: ErrorExtensionNotPresent
[eval_policy_wrapper] expert check skipped seed=100134: RuntimeError
[eval_policy_wrapper] exception in beat_block_hammer.setup_demo
Traceback (most recent call last):
  File "/root/data/robot/OpenWAM/benchmarks/robotwin/eval_policy_wrapper.py", line 218, in wrapped
    return method(*args, **kwargs)
  File "/root/data/robot/work/RoboTwin-openwam-verified/envs/beat_block_hammer.py", line 10, in setup_demo
    super()._init_task_env_(**kwags)
  File "/root/data/robot/work/RoboTwin-openwam-verified/envs/_base_task.py", line 90, in _init_task_env_
    self.setup_scene()
  File "/root/data/robot/work/RoboTwin-openwam-verified/envs/_base_task.py", line 210, in setup_scene
    self.renderer = sapien.SapienRenderer()
  File "/root/data/miniconda3/envs/robotwin-openwam/lib/python3.10/site-packages/sapien/wrapper/renderer.py", line 9, in __init__
    super().__init__()
RuntimeError: vk::PhysicalDevice::createDeviceUnique: ErrorExtensionNotPresent
[eval_policy_wrapper] expert check skipped seed=100135: RuntimeError
[eval_policy_wrapper] exception in beat_block_hammer.setup_demo
Traceback (most recent call last):
  File "/root/data/robot/OpenWAM/benchmarks/robotwin/eval_policy_wrapper.py", line 218, in wrapped
    return method(*args, **kwargs)
  File "/root/data/robot/work/RoboTwin-openwam-verified/envs/beat_block_hammer.py", line 10, in setup_demo
    super()._init_task_env_(**kwags)
  File "/root/data/robot/work/RoboTwin-openwam-verified/envs/_base_task.py", line 90, in _init_task_env_
    self.setup_scene()
  File "/root/data/robot/work/RoboTwin-openwam-verified/envs/_base_task.py", line 210, in setup_scene
    self.renderer = sapien.SapienRenderer()
  File "/root/data/miniconda3/envs/robotwin-openwam/lib/python3.10/site-packages/sapien/wrapper/renderer.py", line 9, in __init__
    super().__init__()
RuntimeError: vk::PhysicalDevice::createDeviceUnique: ErrorExtensionNotPresent
[eval_policy_wrapper] expert check skipped seed=100136: RuntimeError
[eval_policy_wrapper] exception in beat_block_hammer.setup_demo
Traceback (most recent call last):
  File "/root/data/robot/OpenWAM/benchmarks/robotwin/eval_policy_wrapper.py", line 218, in wrapped
    return method(*args, **kwargs)
  File "/root/data/robot/work/RoboTwin-openwam-verified/envs/beat_block_hammer.py", line 10, in setup_demo
    super()._init_task_env_(**kwags)
  File "/root/data/robot/work/RoboTwin-openwam-verified/envs/_base_task.py", line 90, in _init_task_env_
    self.setup_scene()
  File "/root/data/robot/work/RoboTwin-openwam-verified/envs/_base_task.py", line 210, in setup_scene
    self.renderer = sapien.SapienRenderer()
  File "/root/data/miniconda3/envs/robotwin-openwam/lib/python3.10/site-packages/sapien/wrapper/renderer.py", line 9, in __init__
    super().__init__()
RuntimeError: vk::PhysicalDevice::createDeviceUnique: ErrorExtensionNotPresent
[eval_policy_wrapper] expert check skipped seed=100137: RuntimeError
[eval_policy_wrapper] exception in beat_block_hammer.setup_demo
Traceback (most recent call last):
  File "/root/data/robot/OpenWAM/benchmarks/robotwin/eval_policy_wrapper.py", line 218, in wrapped
    return method(*args, **kwargs)
  File "/root/data/robot/work/RoboTwin-openwam-verified/envs/beat_block_hammer.py", line 10, in setup_demo
    super()._init_task_env_(**kwags)
  File "/root/data/robot/work/RoboTwin-openwam-verified/envs/_base_task.py", line 90, in _init_task_env_
    self.setup_scene()
  File "/root/data/robot/work/RoboTwin-openwam-verified/envs/_base_task.py", line 210, in setup_scene
    self.renderer = sapien.SapienRenderer()
  File "/root/data/miniconda3/envs/robotwin-openwam/lib/python3.10/site-packages/sapien/wrapper/renderer.py", line 9, in __init__
    super().__init__()
RuntimeError: vk::PhysicalDevice::createDeviceUnique: ErrorExtensionNotPresent
[eval_policy_wrapper] expert check skipped seed=100138: RuntimeError
[eval_policy_wrapper] exception in beat_block_hammer.setup_demo
Traceback (most recent call last):
  File "/root/data/robot/OpenWAM/benchmarks/robotwin/eval_policy_wrapper.py", line 218, in wrapped
    return method(*args, **kwargs)
  File "/root/data/robot/work/RoboTwin-openwam-verified/envs/beat_block_hammer.py", line 10, in setup_demo
    super()._init_task_env_(**kwags)
  File "/root/data/robot/work/RoboTwin-openwam-verified/envs/_base_task.py", line 90, in _init_task_env_
    self.setup_scene()
  File "/root/data/robot/work/RoboTwin-openwam-verified/envs/_base_task.py", line 210, in setup_scene
    self.renderer = sapien.SapienRenderer()
  File "/root/data/miniconda3/envs/robotwin-openwam/lib/python3.10/site-packages/sapien/wrapper/renderer.py", line 9, in __init__
    super().__init__()
RuntimeError: vk::PhysicalDevice::createDeviceUnique: ErrorExtensionNotPresent
[eval_policy_wrapper] expert check skipped seed=100139: RuntimeError
[eval_policy_wrapper] exception in beat_block_hammer.setup_demo
Traceback (most recent call last):
  File "/root/data/robot/OpenWAM/benchmarks/robotwin/eval_policy_wrapper.py", line 218, in wrapped
    return method(*args, **kwargs)
  File "/root/data/robot/work/RoboTwin-openwam-verified/envs/beat_block_hammer.py", line 10, in setup_demo
    super()._init_task_env_(**kwags)
  File "/root/data/robot/work/RoboTwin-openwam-verified/envs/_base_task.py", line 90, in _init_task_env_
    self.setup_scene()
  File "/root/data/robot/work/RoboTwin-openwam-verified/envs/_base_task.py", line 210, in setup_scene
    self.renderer = sapien.SapienRenderer()
  File "/root/data/miniconda3/envs/robotwin-openwam/lib/python3.10/site-packages/sapien/wrapper/renderer.py", line 9, in __init__
    super().__init__()
RuntimeError: vk::PhysicalDevice::createDeviceUnique: ErrorExtensionNotPresent
[eval_policy_wrapper] expert check skipped seed=100140: RuntimeError
[eval_policy_wrapper] exception in beat_block_hammer.setup_demo
Traceback (most recent call last):
  File "/root/data/robot/OpenWAM/benchmarks/robotwin/eval_policy_wrapper.py", line 218, in wrapped
    return method(*args, **kwargs)
  File "/root/data/robot/work/RoboTwin-openwam-verified/envs/beat_block_hammer.py", line 10, in setup_demo
    super()._init_task_env_(**kwags)
  File "/root/data/robot/work/RoboTwin-openwam-verified/envs/_base_task.py", line 90, in _init_task_env_
    self.setup_scene()
  File "/root/data/robot/work/RoboTwin-openwam-verified/envs/_base_task.py", line 210, in setup_scene
    self.renderer = sapien.SapienRenderer()
  File "/root/data/miniconda3/envs/robotwin-openwam/lib/python3.10/site-packages/sapien/wrapper/renderer.py", line 9, in __init__
    super().__init__()
RuntimeError: vk::PhysicalDevice::createDeviceUnique: ErrorExtensionNotPresent
[eval_policy_wrapper] expert check skipped seed=100141: RuntimeError
[eval_policy_wrapper] exception in beat_block_hammer.setup_demo
Traceback (most recent call last):
  File "/root/data/robot/OpenWAM/benchmarks/robotwin/eval_policy_wrapper.py", line 218, in wrapped
    return method(*args, **kwargs)
  File "/root/data/robot/work/RoboTwin-openwam-verified/envs/beat_block_hammer.py", line 10, in setup_demo
    super()._init_task_env_(**kwags)
  File "/root/data/robot/work/RoboTwin-openwam-verified/envs/_base_task.py", line 90, in _init_task_env_
    self.setup_scene()
  File "/root/data/robot/work/RoboTwin-openwam-verified/envs/_base_task.py", line 210, in setup_scene
    self.renderer = sapien.SapienRenderer()
  File "/root/data/miniconda3/envs/robotwin-openwam/lib/python3.10/site-packages/sapien/wrapper/renderer.py", line 9, in __init__
    super().__init__()
RuntimeError: vk::PhysicalDevice::createDeviceUnique: ErrorExtensionNotPresent
[eval_policy_wrapper] expert check skipped seed=100142: RuntimeError
[eval_policy_wrapper] exception in beat_block_hammer.setup_demo
Traceback (most recent call last):
  File "/root/data/robot/OpenWAM/benchmarks/robotwin/eval_policy_wrapper.py", line 218, in wrapped
    return method(*args, **kwargs)
  File "/root/data/robot/work/RoboTwin-openwam-verified/envs/beat_block_hammer.py", line 10, in setup_demo
    super()._init_task_env_(**kwags)
  File "/root/data/robot/work/RoboTwin-openwam-verified/envs/_base_task.py", line 90, in _init_task_env_
    self.setup_scene()
  File "/root/data/robot/work/RoboTwin-openwam-verified/envs/_base_task.py", line 210, in setup_scene
    self.renderer = sapien.SapienRenderer()
  File "/root/data/miniconda3/envs/robotwin-openwam/lib/python3.10/site-packages/sapien/wrapper/renderer.py", line 9, in __init__
    super().__init__()
RuntimeError: vk::PhysicalDevice::createDeviceUnique: ErrorExtensionNotPresent
[eval_policy_wrapper] expert check skipped seed=100143: RuntimeError
[eval_policy_wrapper] exception in beat_block_hammer.setup_demo
Traceback (most recent call last):
  File "/root/data/robot/OpenWAM/benchmarks/robotwin/eval_policy_wrapper.py", line 218, in wrapped
    return method(*args, **kwargs)
  File "/root/data/robot/work/RoboTwin-openwam-verified/envs/beat_block_hammer.py", line 10, in setup_demo
    super()._init_task_env_(**kwags)
  File "/root/data/robot/work/RoboTwin-openwam-verified/envs/_base_task.py", line 90, in _init_task_env_
    self.setup_scene()
  File "/root/data/robot/work/RoboTwin-openwam-verified/envs/_base_task.py", line 210, in setup_scene
    self.renderer = sapien.SapienRenderer()
  File "/root/data/miniconda3/envs/robotwin-openwam/lib/python3.10/site-packages/sapien/wrapper/renderer.py", line 9, in __init__
    super().__init__()
RuntimeError: vk::PhysicalDevice::createDeviceUnique: ErrorExtensionNotPresent
[eval_policy_wrapper] expert check skipped seed=100144: RuntimeError
[eval_policy_wrapper] exception in beat_block_hammer.setup_demo
Traceback (most recent call last):
  File "/root/data/robot/OpenWAM/benchmarks/robotwin/eval_policy_wrapper.py", line 218, in wrapped
    return method(*args, **kwargs)
  File "/root/data/robot/work/RoboTwin-openwam-verified/envs/beat_block_hammer.py", line 10, in setup_demo
    super()._init_task_env_(**kwags)
  File "/root/data/robot/work/RoboTwin-openwam-verified/envs/_base_task.py", line 90, in _init_task_env_
    self.setup_scene()
  File "/root/data/robot/work/RoboTwin-openwam-verified/envs/_base_task.py", line 210, in setup_scene
    self.renderer = sapien.SapienRenderer()
  File "/root/data/miniconda3/envs/robotwin-openwam/lib/python3.10/site-packages/sapien/wrapper/renderer.py", line 9, in __init__
    super().__init__()
RuntimeError: vk::PhysicalDevice::createDeviceUnique: ErrorExtensionNotPresent
[eval_policy_wrapper] expert check skipped seed=100145: RuntimeError
[eval_policy_wrapper] exception in beat_block_hammer.setup_demo
Traceback (most recent call last):
  File "/root/data/robot/OpenWAM/benchmarks/robotwin/eval_policy_wrapper.py", line 218, in wrapped
    return method(*args, **kwargs)
  File "/root/data/robot/work/RoboTwin-openwam-verified/envs/beat_block_hammer.py", line 10, in setup_demo
    super()._init_task_env_(**kwags)
  File "/root/data/robot/work/RoboTwin-openwam-verified/envs/_base_task.py", line 90, in _init_task_env_
    self.setup_scene()
  File "/root/data/robot/work/RoboTwin-openwam-verified/envs/_base_task.py", line 210, in setup_scene
    self.renderer = sapien.SapienRenderer()
  File "/root/data/miniconda3/envs/robotwin-openwam/lib/python3.10/site-packages/sapien/wrapper/renderer.py", line 9, in __init__
    super().__init__()
RuntimeError: vk::PhysicalDevice::createDeviceUnique: ErrorExtensionNotPresent
[eval_policy_wrapper] expert check skipped seed=100146: RuntimeError
[eval_policy_wrapper] exception in beat_block_hammer.setup_demo
Traceback (most recent call last):
  File "/root/data/robot/OpenWAM/benchmarks/robotwin/eval_policy_wrapper.py", line 218, in wrapped
    return method(*args, **kwargs)
  File "/root/data/robot/work/RoboTwin-openwam-verified/envs/beat_block_hammer.py", line 10, in setup_demo
    super()._init_task_env_(**kwags)
  File "/root/data/robot/work/RoboTwin-openwam-verified/envs/_base_task.py", line 90, in _init_task_env_
    self.setup_scene()
  File "/root/data/robot/work/RoboTwin-openwam-verified/envs/_base_task.py", line 210, in setup_scene
    self.renderer = sapien.SapienRenderer()
  File "/root/data/miniconda3/envs/robotwin-openwam/lib/python3.10/site-packages/sapien/wrapper/renderer.py", line 9, in __init__
    super().__init__()
RuntimeError: vk::PhysicalDevice::createDeviceUnique: ErrorExtensionNotPresent
[eval_policy_wrapper] expert check skipped seed=100147: RuntimeError
[eval_policy_wrapper] exception in beat_block_hammer.setup_demo
Traceback (most recent call last):
  File "/root/data/robot/OpenWAM/benchmarks/robotwin/eval_policy_wrapper.py", line 218, in wrapped
    return method(*args, **kwargs)
  File "/root/data/robot/work/RoboTwin-openwam-verified/envs/beat_block_hammer.py", line 10, in setup_demo
    super()._init_task_env_(**kwags)
  File "/root/data/robot/work/RoboTwin-openwam-verified/envs/_base_task.py", line 90, in _init_task_env_
    self.setup_scene()
  File "/root/data/robot/work/RoboTwin-openwam-verified/envs/_base_task.py", line 210, in setup_scene
    self.renderer = sapien.SapienRenderer()
  File "/root/data/miniconda3/envs/robotwin-openwam/lib/python3.10/site-packages/sapien/wrapper/renderer.py", line 9, in __init__
    super().__init__()
RuntimeError: vk::PhysicalDevice::createDeviceUnique: ErrorExtensionNotPresent
[eval_policy_wrapper] expert check skipped seed=100148: RuntimeError
[eval_policy_wrapper] exception in beat_block_hammer.setup_demo
Traceback (most recent call last):
  File "/root/data/robot/OpenWAM/benchmarks/robotwin/eval_policy_wrapper.py", line 218, in wrapped
    return method(*args, **kwargs)
  File "/root/data/robot/work/RoboTwin-openwam-verified/envs/beat_block_hammer.py", line 10, in setup_demo
    super()._init_task_env_(**kwags)
  File "/root/data/robot/work/RoboTwin-openwam-verified/envs/_base_task.py", line 90, in _init_task_env_
    self.setup_scene()
  File "/root/data/robot/work/RoboTwin-openwam-verified/envs/_base_task.py", line 210, in setup_scene
    self.renderer = sapien.SapienRenderer()
  File "/root/data/miniconda3/envs/robotwin-openwam/lib/python3.10/site-packages/sapien/wrapper/renderer.py", line 9, in __init__
    super().__init__()
RuntimeError: vk::PhysicalDevice::createDeviceUnique: ErrorExtensionNotPresent
[eval_policy_wrapper] expert check skipped seed=100149: RuntimeError
[eval_policy_wrapper] exception in beat_block_hammer.setup_demo
Traceback (most recent call last):
  File "/root/data/robot/OpenWAM/benchmarks/robotwin/eval_policy_wrapper.py", line 218, in wrapped
    return method(*args, **kwargs)
  File "/root/data/robot/work/RoboTwin-openwam-verified/envs/beat_block_hammer.py", line 10, in setup_demo
    super()._init_task_env_(**kwags)
  File "/root/data/robot/work/RoboTwin-openwam-verified/envs/_base_task.py", line 90, in _init_task_env_
    self.setup_scene()
  File "/root/data/robot/work/RoboTwin-openwam-verified/envs/_base_task.py", line 210, in setup_scene
    self.renderer = sapien.SapienRenderer()
  File "/root/data/miniconda3/envs/robotwin-openwam/lib/python3.10/site-packages/sapien/wrapper/renderer.py", line 9, in __init__
    super().__init__()
RuntimeError: vk::PhysicalDevice::createDeviceUnique: ErrorExtensionNotPresent
[eval_policy_wrapper] expert check skipped seed=100150: RuntimeError
[eval_policy_wrapper] exception in beat_block_hammer.setup_demo
Traceback (most recent call last):
  File "/root/data/robot/OpenWAM/benchmarks/robotwin/eval_policy_wrapper.py", line 218, in wrapped
    return method(*args, **kwargs)
  File "/root/data/robot/work/RoboTwin-openwam-verified/envs/beat_block_hammer.py", line 10, in setup_demo
    super()._init_task_env_(**kwags)
  File "/root/data/robot/work/RoboTwin-openwam-verified/envs/_base_task.py", line 90, in _init_task_env_
    self.setup_scene()
  File "/root/data/robot/work/RoboTwin-openwam-verified/envs/_base_task.py", line 210, in setup_scene
    self.renderer = sapien.SapienRenderer()
  File "/root/data/miniconda3/envs/robotwin-openwam/lib/python3.10/site-packages/sapien/wrapper/renderer.py", line 9, in __init__
    super().__init__()
RuntimeError: vk::PhysicalDevice::createDeviceUnique: ErrorExtensionNotPresent
[eval_policy_wrapper] expert check skipped seed=100151: RuntimeError
[eval_policy_wrapper] exception in beat_block_hammer.setup_demo
Traceback (most recent call last):
  File "/root/data/robot/OpenWAM/benchmarks/robotwin/eval_policy_wrapper.py", line 218, in wrapped
    return method(*args, **kwargs)
  File "/root/data/robot/work/RoboTwin-openwam-verified/envs/beat_block_hammer.py", line 10, in setup_demo
    super()._init_task_env_(**kwags)
  File "/root/data/robot/work/RoboTwin-openwam-verified/envs/_base_task.py", line 90, in _init_task_env_
    self.setup_scene()
  File "/root/data/robot/work/RoboTwin-openwam-verified/envs/_base_task.py", line 210, in setup_scene
    self.renderer = sapien.SapienRenderer()
  File "/root/data/miniconda3/envs/robotwin-openwam/lib/python3.10/site-packages/sapien/wrapper/renderer.py", line 9, in __init__
    super().__init__()
RuntimeError: vk::PhysicalDevice::createDeviceUnique: ErrorExtensionNotPresent
[eval_policy_wrapper] expert check skipped seed=100152: RuntimeError
[eval_policy_wrapper] exception in beat_block_hammer.setup_demo
Traceback (most recent call last):
  File "/root/data/robot/OpenWAM/benchmarks/robotwin/eval_policy_wrapper.py", line 218, in wrapped
    return method(*args, **kwargs)
  File "/root/data/robot/work/RoboTwin-openwam-verified/envs/beat_block_hammer.py", line 10, in setup_demo
    super()._init_task_env_(**kwags)
  File "/root/data/robot/work/RoboTwin-openwam-verified/envs/_base_task.py", line 90, in _init_task_env_
    self.setup_scene()
  File "/root/data/robot/work/RoboTwin-openwam-verified/envs/_base_task.py", line 210, in setup_scene
    self.renderer = sapien.SapienRenderer()
  File "/root/data/miniconda3/envs/robotwin-openwam/lib/python3.10/site-packages/sapien/wrapper/renderer.py", line 9, in __init__
    super().__init__()
RuntimeError: vk::PhysicalDevice::createDeviceUnique: ErrorExtensionNotPresent
[eval_policy_wrapper] expert check skipped seed=100153: RuntimeError
[eval_policy_wrapper] exception in beat_block_hammer.setup_demo
Traceback (most recent call last):
  File "/root/data/robot/OpenWAM/benchmarks/robotwin/eval_policy_wrapper.py", line 218, in wrapped
    return method(*args, **kwargs)
  File "/root/data/robot/work/RoboTwin-openwam-verified/envs/beat_block_hammer.py", line 10, in setup_demo
    super()._init_task_env_(**kwags)
  File "/root/data/robot/work/RoboTwin-openwam-verified/envs/_base_task.py", line 90, in _init_task_env_
    self.setup_scene()
  File "/root/data/robot/work/RoboTwin-openwam-verified/envs/_base_task.py", line 210, in setup_scene
    self.renderer = sapien.SapienRenderer()
  File "/root/data/miniconda3/envs/robotwin-openwam/lib/python3.10/site-packages/sapien/wrapper/renderer.py", line 9, in __init__
    super().__init__()
RuntimeError: vk::PhysicalDevice::createDeviceUnique: ErrorExtensionNotPresent
[eval_policy_wrapper] expert check skipped seed=100154: RuntimeError
[eval_policy_wrapper] exception in beat_block_hammer.setup_demo
Traceback (most recent call last):
  File "/root/data/robot/OpenWAM/benchmarks/robotwin/eval_policy_wrapper.py", line 218, in wrapped
    return method(*args, **kwargs)
  File "/root/data/robot/work/RoboTwin-openwam-verified/envs/beat_block_hammer.py", line 10, in setup_demo
    super()._init_task_env_(**kwags)
  File "/root/data/robot/work/RoboTwin-openwam-verified/envs/_base_task.py", line 90, in _init_task_env_
    self.setup_scene()
  File "/root/data/robot/work/RoboTwin-openwam-verified/envs/_base_task.py", line 210, in setup_scene
    self.renderer = sapien.SapienRenderer()
  File "/root/data/miniconda3/envs/robotwin-openwam/lib/python3.10/site-packages/sapien/wrapper/renderer.py", line 9, in __init__
    super().__init__()
RuntimeError: vk::PhysicalDevice::createDeviceUnique: ErrorExtensionNotPresent
[eval_policy_wrapper] expert check skipped seed=100155: RuntimeError
[eval_policy_wrapper] exception in beat_block_hammer.setup_demo
Traceback (most recent call last):
  File "/root/data/robot/OpenWAM/benchmarks/robotwin/eval_policy_wrapper.py", line 218, in wrapped
    return method(*args, **kwargs)
  File "/root/data/robot/work/RoboTwin-openwam-verified/envs/beat_block_hammer.py", line 10, in setup_demo
    super()._init_task_env_(**kwags)
  File "/root/data/robot/work/RoboTwin-openwam-verified/envs/_base_task.py", line 90, in _init_task_env_
    self.setup_scene()
  File "/root/data/robot/work/RoboTwin-openwam-verified/envs/_base_task.py", line 210, in setup_scene
    self.renderer = sapien.SapienRenderer()
  File "/root/data/miniconda3/envs/robotwin-openwam/lib/python3.10/site-packages/sapien/wrapper/renderer.py", line 9, in __init__
    super().__init__()
RuntimeError: vk::PhysicalDevice::createDeviceUnique: ErrorExtensionNotPresent
[eval_policy_wrapper] expert check skipped seed=100156: RuntimeError
[eval_policy_wrapper] exception in beat_block_hammer.setup_demo
Traceback (most recent call last):
  File "/root/data/robot/OpenWAM/benchmarks/robotwin/eval_policy_wrapper.py", line 218, in wrapped
    return method(*args, **kwargs)
  File "/root/data/robot/work/RoboTwin-openwam-verified/envs/beat_block_hammer.py", line 10, in setup_demo
    super()._init_task_env_(**kwags)
  File "/root/data/robot/work/RoboTwin-openwam-verified/envs/_base_task.py", line 90, in _init_task_env_
    self.setup_scene()
  File "/root/data/robot/work/RoboTwin-openwam-verified/envs/_base_task.py", line 210, in setup_scene
    self.renderer = sapien.SapienRenderer()
  File "/root/data/miniconda3/envs/robotwin-openwam/lib/python3.10/site-packages/sapien/wrapper/renderer.py", line 9, in __init__
    super().__init__()
RuntimeError: vk::PhysicalDevice::createDeviceUnique: ErrorExtensionNotPresent
[eval_policy_wrapper] expert check skipped seed=100157: RuntimeError
[eval_policy_wrapper] exception in beat_block_hammer.setup_demo
Traceback (most recent call last):
  File "/root/data/robot/OpenWAM/benchmarks/robotwin/eval_policy_wrapper.py", line 218, in wrapped
    return method(*args, **kwargs)
  File "/root/data/robot/work/RoboTwin-openwam-verified/envs/beat_block_hammer.py", line 10, in setup_demo
    super()._init_task_env_(**kwags)
  File "/root/data/robot/work/RoboTwin-openwam-verified/envs/_base_task.py", line 90, in _init_task_env_
    self.setup_scene()
  File "/root/data/robot/work/RoboTwin-openwam-verified/envs/_base_task.py", line 210, in setup_scene
    self.renderer = sapien.SapienRenderer()
  File "/root/data/miniconda3/envs/robotwin-openwam/lib/python3.10/site-packages/sapien/wrapper/renderer.py", line 9, in __init__
    super().__init__()
RuntimeError: vk::PhysicalDevice::createDeviceUnique: ErrorExtensionNotPresent
[eval_policy_wrapper] expert check skipped seed=100158: RuntimeError
[eval_policy_wrapper] exception in beat_block_hammer.setup_demo
Traceback (most recent call last):
  File "/root/data/robot/OpenWAM/benchmarks/robotwin/eval_policy_wrapper.py", line 218, in wrapped
    return method(*args, **kwargs)
  File "/root/data/robot/work/RoboTwin-openwam-verified/envs/beat_block_hammer.py", line 10, in setup_demo
    super()._init_task_env_(**kwags)
  File "/root/data/robot/work/RoboTwin-openwam-verified/envs/_base_task.py", line 90, in _init_task_env_
    self.setup_scene()
  File "/root/data/robot/work/RoboTwin-openwam-verified/envs/_base_task.py", line 210, in setup_scene
    self.renderer = sapien.SapienRenderer()
  File "/root/data/miniconda3/envs/robotwin-openwam/lib/python3.10/site-packages/sapien/wrapper/renderer.py", line 9, in __init__
    super().__init__()
RuntimeError: vk::PhysicalDevice::createDeviceUnique: ErrorExtensionNotPresent
[eval_policy_wrapper] expert check skipped seed=100159: RuntimeError
[eval_policy_wrapper] exception in beat_block_hammer.setup_demo
Traceback (most recent call last):
  File "/root/data/robot/OpenWAM/benchmarks/robotwin/eval_policy_wrapper.py", line 218, in wrapped
    return method(*args, **kwargs)
  File "/root/data/robot/work/RoboTwin-openwam-verified/envs/beat_block_hammer.py", line 10, in setup_demo
    super()._init_task_env_(**kwags)
  File "/root/data/robot/work/RoboTwin-openwam-verified/envs/_base_task.py", line 90, in _init_task_env_
    self.setup_scene()
  File "/root/data/robot/work/RoboTwin-openwam-verified/envs/_base_task.py", line 210, in setup_scene
    self.renderer = sapien.SapienRenderer()
  File "/root/data/miniconda3/envs/robotwin-openwam/lib/python3.10/site-packages/sapien/wrapper/renderer.py", line 9, in __init__
    super().__init__()
RuntimeError: vk::PhysicalDevice::createDeviceUnique: ErrorExtensionNotPresent
[eval_policy_wrapper] expert check skipped seed=100160: RuntimeError
[eval_policy_wrapper] exception in beat_block_hammer.setup_demo
Traceback (most recent call last):
  File "/root/data/robot/OpenWAM/benchmarks/robotwin/eval_policy_wrapper.py", line 218, in wrapped
    return method(*args, **kwargs)
  File "/root/data/robot/work/RoboTwin-openwam-verified/envs/beat_block_hammer.py", line 10, in setup_demo
    super()._init_task_env_(**kwags)
  File "/root/data/robot/work/RoboTwin-openwam-verified/envs/_base_task.py", line 90, in _init_task_env_
    self.setup_scene()
  File "/root/data/robot/work/RoboTwin-openwam-verified/envs/_base_task.py", line 210, in setup_scene
    self.renderer = sapien.SapienRenderer()
  File "/root/data/miniconda3/envs/robotwin-openwam/lib/python3.10/site-packages/sapien/wrapper/renderer.py", line 9, in __init__
    super().__init__()
RuntimeError: vk::PhysicalDevice::createDeviceUnique: ErrorExtensionNotPresent
[eval_policy_wrapper] expert check skipped seed=100161: RuntimeError
[eval_policy_wrapper] exception in beat_block_hammer.setup_demo
Traceback (most recent call last):
  File "/root/data/robot/OpenWAM/benchmarks/robotwin/eval_policy_wrapper.py", line 218, in wrapped
    return method(*args, **kwargs)
  File "/root/data/robot/work/RoboTwin-openwam-verified/envs/beat_block_hammer.py", line 10, in setup_demo
    super()._init_task_env_(**kwags)
  File "/root/data/robot/work/RoboTwin-openwam-verified/envs/_base_task.py", line 90, in _init_task_env_
    self.setup_scene()
  File "/root/data/robot/work/RoboTwin-openwam-verified/envs/_base_task.py", line 210, in setup_scene
    self.renderer = sapien.SapienRenderer()
  File "/root/data/miniconda3/envs/robotwin-openwam/lib/python3.10/site-packages/sapien/wrapper/renderer.py", line 9, in __init__
    super().__init__()
RuntimeError: vk::PhysicalDevice::createDeviceUnique: ErrorExtensionNotPresent
[eval_policy_wrapper] expert check skipped seed=100162: RuntimeError
[eval_policy_wrapper] exception in beat_block_hammer.setup_demo
Traceback (most recent call last):
  File "/root/data/robot/OpenWAM/benchmarks/robotwin/eval_policy_wrapper.py", line 218, in wrapped
    return method(*args, **kwargs)
  File "/root/data/robot/work/RoboTwin-openwam-verified/envs/beat_block_hammer.py", line 10, in setup_demo
    super()._init_task_env_(**kwags)
  File "/root/data/robot/work/RoboTwin-openwam-verified/envs/_base_task.py", line 90, in _init_task_env_
    self.setup_scene()
  File "/root/data/robot/work/RoboTwin-openwam-verified/envs/_base_task.py", line 210, in setup_scene
    self.renderer = sapien.SapienRenderer()
  File "/root/data/miniconda3/envs/robotwin-openwam/lib/python3.10/site-packages/sapien/wrapper/renderer.py", line 9, in __init__
    super().__init__()
RuntimeError: vk::PhysicalDevice::createDeviceUnique: ErrorExtensionNotPresent
[eval_policy_wrapper] expert check skipped seed=100163: RuntimeError
[eval_policy_wrapper] exception in beat_block_hammer.setup_demo
Traceback (most recent call last):
  File "/root/data/robot/OpenWAM/benchmarks/robotwin/eval_policy_wrapper.py", line 218, in wrapped
    return method(*args, **kwargs)
  File "/root/data/robot/work/RoboTwin-openwam-verified/envs/beat_block_hammer.py", line 10, in setup_demo
    super()._init_task_env_(**kwags)
  File "/root/data/robot/work/RoboTwin-openwam-verified/envs/_base_task.py", line 90, in _init_task_env_
    self.setup_scene()
  File "/root/data/robot/work/RoboTwin-openwam-verified/envs/_base_task.py", line 210, in setup_scene
    self.renderer = sapien.SapienRenderer()
  File "/root/data/miniconda3/envs/robotwin-openwam/lib/python3.10/site-packages/sapien/wrapper/renderer.py", line 9, in __init__
    super().__init__()
RuntimeError: vk::PhysicalDevice::createDeviceUnique: ErrorExtensionNotPresent
[eval_policy_wrapper] expert check skipped seed=100164: RuntimeError
[eval_policy_wrapper] exception in beat_block_hammer.setup_demo
Traceback (most recent call last):
  File "/root/data/robot/OpenWAM/benchmarks/robotwin/eval_policy_wrapper.py", line 218, in wrapped
    return method(*args, **kwargs)
  File "/root/data/robot/work/RoboTwin-openwam-verified/envs/beat_block_hammer.py", line 10, in setup_demo
    super()._init_task_env_(**kwags)
  File "/root/data/robot/work/RoboTwin-openwam-verified/envs/_base_task.py", line 90, in _init_task_env_
    self.setup_scene()
  File "/root/data/robot/work/RoboTwin-openwam-verified/envs/_base_task.py", line 210, in setup_scene
    self.renderer = sapien.SapienRenderer()
  File "/root/data/miniconda3/envs/robotwin-openwam/lib/python3.10/site-packages/sapien/wrapper/renderer.py", line 9, in __init__
    super().__init__()
RuntimeError: vk::PhysicalDevice::createDeviceUnique: ErrorExtensionNotPresent
[eval_policy_wrapper] expert check skipped seed=100165: RuntimeError
[eval_policy_wrapper] exception in beat_block_hammer.setup_demo
Traceback (most recent call last):
  File "/root/data/robot/OpenWAM/benchmarks/robotwin/eval_policy_wrapper.py", line 218, in wrapped
    return method(*args, **kwargs)
  File "/root/data/robot/work/RoboTwin-openwam-verified/envs/beat_block_hammer.py", line 10, in setup_demo
    super()._init_task_env_(**kwags)
  File "/root/data/robot/work/RoboTwin-openwam-verified/envs/_base_task.py", line 90, in _init_task_env_
    self.setup_scene()
  File "/root/data/robot/work/RoboTwin-openwam-verified/envs/_base_task.py", line 210, in setup_scene
    self.renderer = sapien.SapienRenderer()
  File "/root/data/miniconda3/envs/robotwin-openwam/lib/python3.10/site-packages/sapien/wrapper/renderer.py", line 9, in __init__
    super().__init__()
RuntimeError: vk::PhysicalDevice::createDeviceUnique: ErrorExtensionNotPresent
[eval_policy_wrapper] expert check skipped seed=100166: RuntimeError
[eval_policy_wrapper] exception in beat_block_hammer.setup_demo
Traceback (most recent call last):
  File "/root/data/robot/OpenWAM/benchmarks/robotwin/eval_policy_wrapper.py", line 218, in wrapped
    return method(*args, **kwargs)
  File "/root/data/robot/work/RoboTwin-openwam-verified/envs/beat_block_hammer.py", line 10, in setup_demo
    super()._init_task_env_(**kwags)
  File "/root/data/robot/work/RoboTwin-openwam-verified/envs/_base_task.py", line 90, in _init_task_env_
    self.setup_scene()
  File "/root/data/robot/work/RoboTwin-openwam-verified/envs/_base_task.py", line 210, in setup_scene
    self.renderer = sapien.SapienRenderer()
  File "/root/data/miniconda3/envs/robotwin-openwam/lib/python3.10/site-packages/sapien/wrapper/renderer.py", line 9, in __init__
    super().__init__()
RuntimeError: vk::PhysicalDevice::createDeviceUnique: ErrorExtensionNotPresent
[eval_policy_wrapper] expert check skipped seed=100167: RuntimeError
[eval_policy_wrapper] exception in beat_block_hammer.setup_demo
Traceback (most recent call last):
  File "/root/data/robot/OpenWAM/benchmarks/robotwin/eval_policy_wrapper.py", line 218, in wrapped
    return method(*args, **kwargs)
  File "/root/data/robot/work/RoboTwin-openwam-verified/envs/beat_block_hammer.py", line 10, in setup_demo
    super()._init_task_env_(**kwags)
  File "/root/data/robot/work/RoboTwin-openwam-verified/envs/_base_task.py", line 90, in _init_task_env_
    self.setup_scene()
  File "/root/data/robot/work/RoboTwin-openwam-verified/envs/_base_task.py", line 210, in setup_scene
    self.renderer = sapien.SapienRenderer()
  File "/root/data/miniconda3/envs/robotwin-openwam/lib/python3.10/site-packages/sapien/wrapper/renderer.py", line 9, in __init__
    super().__init__()
RuntimeError: vk::PhysicalDevice::createDeviceUnique: ErrorExtensionNotPresent
[eval_policy_wrapper] expert check skipped seed=100168: RuntimeError
[eval_policy_wrapper] exception in beat_block_hammer.setup_demo
Traceback (most recent call last):
  File "/root/data/robot/OpenWAM/benchmarks/robotwin/eval_policy_wrapper.py", line 218, in wrapped
    return method(*args, **kwargs)
  File "/root/data/robot/work/RoboTwin-openwam-verified/envs/beat_block_hammer.py", line 10, in setup_demo
    super()._init_task_env_(**kwags)
  File "/root/data/robot/work/RoboTwin-openwam-verified/envs/_base_task.py", line 90, in _init_task_env_
    self.setup_scene()
  File "/root/data/robot/work/RoboTwin-openwam-verified/envs/_base_task.py", line 210, in setup_scene
    self.renderer = sapien.SapienRenderer()
  File "/root/data/miniconda3/envs/robotwin-openwam/lib/python3.10/site-packages/sapien/wrapper/renderer.py", line 9, in __init__
    super().__init__()
RuntimeError: vk::PhysicalDevice::createDeviceUnique: ErrorExtensionNotPresent
[eval_policy_wrapper] expert check skipped seed=100169: RuntimeError
[eval_policy_wrapper] exception in beat_block_hammer.setup_demo
Traceback (most recent call last):
  File "/root/data/robot/OpenWAM/benchmarks/robotwin/eval_policy_wrapper.py", line 218, in wrapped
    return method(*args, **kwargs)
  File "/root/data/robot/work/RoboTwin-openwam-verified/envs/beat_block_hammer.py", line 10, in setup_demo
    super()._init_task_env_(**kwags)
  File "/root/data/robot/work/RoboTwin-openwam-verified/envs/_base_task.py", line 90, in _init_task_env_
    self.setup_scene()
  File "/root/data/robot/work/RoboTwin-openwam-verified/envs/_base_task.py", line 210, in setup_scene
    self.renderer = sapien.SapienRenderer()
  File "/root/data/miniconda3/envs/robotwin-openwam/lib/python3.10/site-packages/sapien/wrapper/renderer.py", line 9, in __init__
    super().__init__()
RuntimeError: vk::PhysicalDevice::createDeviceUnique: ErrorExtensionNotPresent
[eval_policy_wrapper] expert check skipped seed=100170: RuntimeError
[eval_policy_wrapper] exception in beat_block_hammer.setup_demo
Traceback (most recent call last):
  File "/root/data/robot/OpenWAM/benchmarks/robotwin/eval_policy_wrapper.py", line 218, in wrapped
    return method(*args, **kwargs)
  File "/root/data/robot/work/RoboTwin-openwam-verified/envs/beat_block_hammer.py", line 10, in setup_demo
    super()._init_task_env_(**kwags)
  File "/root/data/robot/work/RoboTwin-openwam-verified/envs/_base_task.py", line 90, in _init_task_env_
    self.setup_scene()
  File "/root/data/robot/work/RoboTwin-openwam-verified/envs/_base_task.py", line 210, in setup_scene
    self.renderer = sapien.SapienRenderer()
  File "/root/data/miniconda3/envs/robotwin-openwam/lib/python3.10/site-packages/sapien/wrapper/renderer.py", line 9, in __init__
    super().__init__()
RuntimeError: vk::PhysicalDevice::createDeviceUnique: ErrorExtensionNotPresent
[eval_policy_wrapper] expert check skipped seed=100171: RuntimeError
[eval_policy_wrapper] exception in beat_block_hammer.setup_demo
Traceback (most recent call last):
  File "/root/data/robot/OpenWAM/benchmarks/robotwin/eval_policy_wrapper.py", line 218, in wrapped
    return method(*args, **kwargs)
  File "/root/data/robot/work/RoboTwin-openwam-verified/envs/beat_block_hammer.py", line 10, in setup_demo
    super()._init_task_env_(**kwags)
  File "/root/data/robot/work/RoboTwin-openwam-verified/envs/_base_task.py", line 90, in _init_task_env_
    self.setup_scene()
  File "/root/data/robot/work/RoboTwin-openwam-verified/envs/_base_task.py", line 210, in setup_scene
    self.renderer = sapien.SapienRenderer()
  File "/root/data/miniconda3/envs/robotwin-openwam/lib/python3.10/site-packages/sapien/wrapper/renderer.py", line 9, in __init__
    super().__init__()
RuntimeError: vk::PhysicalDevice::createDeviceUnique: ErrorExtensionNotPresent
[eval_policy_wrapper] expert check skipped seed=100172: RuntimeError
[eval_policy_wrapper] exception in beat_block_hammer.setup_demo
Traceback (most recent call last):
  File "/root/data/robot/OpenWAM/benchmarks/robotwin/eval_policy_wrapper.py", line 218, in wrapped
    return method(*args, **kwargs)
  File "/root/data/robot/work/RoboTwin-openwam-verified/envs/beat_block_hammer.py", line 10, in setup_demo
    super()._init_task_env_(**kwags)
  File "/root/data/robot/work/RoboTwin-openwam-verified/envs/_base_task.py", line 90, in _init_task_env_
    self.setup_scene()
  File "/root/data/robot/work/RoboTwin-openwam-verified/envs/_base_task.py", line 210, in setup_scene
    self.renderer = sapien.SapienRenderer()
  File "/root/data/miniconda3/envs/robotwin-openwam/lib/python3.10/site-packages/sapien/wrapper/renderer.py", line 9, in __init__
    super().__init__()
RuntimeError: vk::PhysicalDevice::createDeviceUnique: ErrorExtensionNotPresent
[eval_policy_wrapper] expert check skipped seed=100173: RuntimeError
[eval_policy_wrapper] exception in beat_block_hammer.setup_demo
Traceback (most recent call last):
  File "/root/data/robot/OpenWAM/benchmarks/robotwin/eval_policy_wrapper.py", line 218, in wrapped
    return method(*args, **kwargs)
  File "/root/data/robot/work/RoboTwin-openwam-verified/envs/beat_block_hammer.py", line 10, in setup_demo
    super()._init_task_env_(**kwags)
  File "/root/data/robot/work/RoboTwin-openwam-verified/envs/_base_task.py", line 90, in _init_task_env_
    self.setup_scene()
  File "/root/data/robot/work/RoboTwin-openwam-verified/envs/_base_task.py", line 210, in setup_scene
    self.renderer = sapien.SapienRenderer()
  File "/root/data/miniconda3/envs/robotwin-openwam/lib/python3.10/site-packages/sapien/wrapper/renderer.py", line 9, in __init__
    super().__init__()
RuntimeError: vk::PhysicalDevice::createDeviceUnique: ErrorExtensionNotPresent
[eval_policy_wrapper] expert check skipped seed=100174: RuntimeError
[eval_policy_wrapper] exception in beat_block_hammer.setup_demo
Traceback (most recent call last):
  File "/root/data/robot/OpenWAM/benchmarks/robotwin/eval_policy_wrapper.py", line 218, in wrapped
    return method(*args, **kwargs)
  File "/root/data/robot/work/RoboTwin-openwam-verified/envs/beat_block_hammer.py", line 10, in setup_demo
    super()._init_task_env_(**kwags)
  File "/root/data/robot/work/RoboTwin-openwam-verified/envs/_base_task.py", line 90, in _init_task_env_
    self.setup_scene()
  File "/root/data/robot/work/RoboTwin-openwam-verified/envs/_base_task.py", line 210, in setup_scene
    self.renderer = sapien.SapienRenderer()
  File "/root/data/miniconda3/envs/robotwin-openwam/lib/python3.10/site-packages/sapien/wrapper/renderer.py", line 9, in __init__
    super().__init__()
RuntimeError: vk::PhysicalDevice::createDeviceUnique: ErrorExtensionNotPresent
[eval_policy_wrapper] expert check skipped seed=100175: RuntimeError
[eval_policy_wrapper] exception in beat_block_hammer.setup_demo
Traceback (most recent call last):
  File "/root/data/robot/OpenWAM/benchmarks/robotwin/eval_policy_wrapper.py", line 218, in wrapped
    return method(*args, **kwargs)
  File "/root/data/robot/work/RoboTwin-openwam-verified/envs/beat_block_hammer.py", line 10, in setup_demo
    super()._init_task_env_(**kwags)
  File "/root/data/robot/work/RoboTwin-openwam-verified/envs/_base_task.py", line 90, in _init_task_env_
    self.setup_scene()
  File "/root/data/robot/work/RoboTwin-openwam-verified/envs/_base_task.py", line 210, in setup_scene
    self.renderer = sapien.SapienRenderer()
  File "/root/data/miniconda3/envs/robotwin-openwam/lib/python3.10/site-packages/sapien/wrapper/renderer.py", line 9, in __init__
    super().__init__()
RuntimeError: vk::PhysicalDevice::createDeviceUnique: ErrorExtensionNotPresent
[eval_policy_wrapper] expert check skipped seed=100176: RuntimeError
[eval_policy_wrapper] exception in beat_block_hammer.setup_demo
Traceback (most recent call last):
  File "/root/data/robot/OpenWAM/benchmarks/robotwin/eval_policy_wrapper.py", line 218, in wrapped
    return method(*args, **kwargs)
  File "/root/data/robot/work/RoboTwin-openwam-verified/envs/beat_block_hammer.py", line 10, in setup_demo
    super()._init_task_env_(**kwags)
  File "/root/data/robot/work/RoboTwin-openwam-verified/envs/_base_task.py", line 90, in _init_task_env_
    self.setup_scene()
  File "/root/data/robot/work/RoboTwin-openwam-verified/envs/_base_task.py", line 210, in setup_scene
    self.renderer = sapien.SapienRenderer()
  File "/root/data/miniconda3/envs/robotwin-openwam/lib/python3.10/site-packages/sapien/wrapper/renderer.py", line 9, in __init__
    super().__init__()
RuntimeError: vk::PhysicalDevice::createDeviceUnique: ErrorExtensionNotPresent
[eval_policy_wrapper] expert check skipped seed=100177: RuntimeError
[eval_policy_wrapper] exception in beat_block_hammer.setup_demo
Traceback (most recent call last):
  File "/root/data/robot/OpenWAM/benchmarks/robotwin/eval_policy_wrapper.py", line 218, in wrapped
    return method(*args, **kwargs)
  File "/root/data/robot/work/RoboTwin-openwam-verified/envs/beat_block_hammer.py", line 10, in setup_demo
    super()._init_task_env_(**kwags)
  File "/root/data/robot/work/RoboTwin-openwam-verified/envs/_base_task.py", line 90, in _init_task_env_
    self.setup_scene()
  File "/root/data/robot/work/RoboTwin-openwam-verified/envs/_base_task.py", line 210, in setup_scene
    self.renderer = sapien.SapienRenderer()
  File "/root/data/miniconda3/envs/robotwin-openwam/lib/python3.10/site-packages/sapien/wrapper/renderer.py", line 9, in __init__
    super().__init__()
RuntimeError: vk::PhysicalDevice::createDeviceUnique: ErrorExtensionNotPresent
[eval_policy_wrapper] expert check skipped seed=100178: RuntimeError
[eval_policy_wrapper] exception in beat_block_hammer.setup_demo
Traceback (most recent call last):
  File "/root/data/robot/OpenWAM/benchmarks/robotwin/eval_policy_wrapper.py", line 218, in wrapped
    return method(*args, **kwargs)
  File "/root/data/robot/work/RoboTwin-openwam-verified/envs/beat_block_hammer.py", line 10, in setup_demo
    super()._init_task_env_(**kwags)
  File "/root/data/robot/work/RoboTwin-openwam-verified/envs/_base_task.py", line 90, in _init_task_env_
    self.setup_scene()
  File "/root/data/robot/work/RoboTwin-openwam-verified/envs/_base_task.py", line 210, in setup_scene
    self.renderer = sapien.SapienRenderer()
  File "/root/data/miniconda3/envs/robotwin-openwam/lib/python3.10/site-packages/sapien/wrapper/renderer.py", line 9, in __init__
    super().__init__()
RuntimeError: vk::PhysicalDevice::createDeviceUnique: ErrorExtensionNotPresent
[eval_policy_wrapper] expert check skipped seed=100179: RuntimeError
[eval_policy_wrapper] exception in beat_block_hammer.setup_demo
Traceback (most recent call last):
  File "/root/data/robot/OpenWAM/benchmarks/robotwin/eval_policy_wrapper.py", line 218, in wrapped
    return method(*args, **kwargs)
  File "/root/data/robot/work/RoboTwin-openwam-verified/envs/beat_block_hammer.py", line 10, in setup_demo
    super()._init_task_env_(**kwags)
  File "/root/data/robot/work/RoboTwin-openwam-verified/envs/_base_task.py", line 90, in _init_task_env_
    self.setup_scene()
  File "/root/data/robot/work/RoboTwin-openwam-verified/envs/_base_task.py", line 210, in setup_scene
    self.renderer = sapien.SapienRenderer()
  File "/root/data/miniconda3/envs/robotwin-openwam/lib/python3.10/site-packages/sapien/wrapper/renderer.py", line 9, in __init__
    super().__init__()
RuntimeError: vk::PhysicalDevice::createDeviceUnique: ErrorExtensionNotPresent
[eval_policy_wrapper] expert check skipped seed=100180: RuntimeError
[eval_policy_wrapper] exception in beat_block_hammer.setup_demo
Traceback (most recent call last):
  File "/root/data/robot/OpenWAM/benchmarks/robotwin/eval_policy_wrapper.py", line 218, in wrapped
    return method(*args, **kwargs)
  File "/root/data/robot/work/RoboTwin-openwam-verified/envs/beat_block_hammer.py", line 10, in setup_demo
    super()._init_task_env_(**kwags)
  File "/root/data/robot/work/RoboTwin-openwam-verified/envs/_base_task.py", line 90, in _init_task_env_
    self.setup_scene()
  File "/root/data/robot/work/RoboTwin-openwam-verified/envs/_base_task.py", line 210, in setup_scene
    self.renderer = sapien.SapienRenderer()
  File "/root/data/miniconda3/envs/robotwin-openwam/lib/python3.10/site-packages/sapien/wrapper/renderer.py", line 9, in __init__
    super().__init__()
RuntimeError: vk::PhysicalDevice::createDeviceUnique: ErrorExtensionNotPresent
[eval_policy_wrapper] expert check skipped seed=100181: RuntimeError
[eval_policy_wrapper] exception in beat_block_hammer.setup_demo
Traceback (most recent call last):
  File "/root/data/robot/OpenWAM/benchmarks/robotwin/eval_policy_wrapper.py", line 218, in wrapped
    return method(*args, **kwargs)
  File "/root/data/robot/work/RoboTwin-openwam-verified/envs/beat_block_hammer.py", line 10, in setup_demo
    super()._init_task_env_(**kwags)
  File "/root/data/robot/work/RoboTwin-openwam-verified/envs/_base_task.py", line 90, in _init_task_env_
    self.setup_scene()
  File "/root/data/robot/work/RoboTwin-openwam-verified/envs/_base_task.py", line 210, in setup_scene
    self.renderer = sapien.SapienRenderer()
  File "/root/data/miniconda3/envs/robotwin-openwam/lib/python3.10/site-packages/sapien/wrapper/renderer.py", line 9, in __init__
    super().__init__()
RuntimeError: vk::PhysicalDevice::createDeviceUnique: ErrorExtensionNotPresent
[eval_policy_wrapper] expert check skipped seed=100182: RuntimeError
[eval_policy_wrapper] exception in beat_block_hammer.setup_demo
Traceback (most recent call last):
  File "/root/data/robot/OpenWAM/benchmarks/robotwin/eval_policy_wrapper.py", line 218, in wrapped
    return method(*args, **kwargs)
  File "/root/data/robot/work/RoboTwin-openwam-verified/envs/beat_block_hammer.py", line 10, in setup_demo
    super()._init_task_env_(**kwags)
  File "/root/data/robot/work/RoboTwin-openwam-verified/envs/_base_task.py", line 90, in _init_task_env_
    self.setup_scene()
  File "/root/data/robot/work/RoboTwin-openwam-verified/envs/_base_task.py", line 210, in setup_scene
    self.renderer = sapien.SapienRenderer()
  File "/root/data/miniconda3/envs/robotwin-openwam/lib/python3.10/site-packages/sapien/wrapper/renderer.py", line 9, in __init__
    super().__init__()
RuntimeError: vk::PhysicalDevice::createDeviceUnique: ErrorExtensionNotPresent
[eval_policy_wrapper] expert check skipped seed=100183: RuntimeError
[eval_policy_wrapper] exception in beat_block_hammer.setup_demo
Traceback (most recent call last):
  File "/root/data/robot/OpenWAM/benchmarks/robotwin/eval_policy_wrapper.py", line 218, in wrapped
    return method(*args, **kwargs)
  File "/root/data/robot/work/RoboTwin-openwam-verified/envs/beat_block_hammer.py", line 10, in setup_demo
    super()._init_task_env_(**kwags)
  File "/root/data/robot/work/RoboTwin-openwam-verified/envs/_base_task.py", line 90, in _init_task_env_
    self.setup_scene()
  File "/root/data/robot/work/RoboTwin-openwam-verified/envs/_base_task.py", line 210, in setup_scene
    self.renderer = sapien.SapienRenderer()
  File "/root/data/miniconda3/envs/robotwin-openwam/lib/python3.10/site-packages/sapien/wrapper/renderer.py", line 9, in __init__
    super().__init__()
RuntimeError: vk::PhysicalDevice::createDeviceUnique: ErrorExtensionNotPresent
[eval_policy_wrapper] expert check skipped seed=100184: RuntimeError
[eval_policy_wrapper] exception in beat_block_hammer.setup_demo
Traceback (most recent call last):
  File "/root/data/robot/OpenWAM/benchmarks/robotwin/eval_policy_wrapper.py", line 218, in wrapped
    return method(*args, **kwargs)
  File "/root/data/robot/work/RoboTwin-openwam-verified/envs/beat_block_hammer.py", line 10, in setup_demo
    super()._init_task_env_(**kwags)
  File "/root/data/robot/work/RoboTwin-openwam-verified/envs/_base_task.py", line 90, in _init_task_env_
    self.setup_scene()
  File "/root/data/robot/work/RoboTwin-openwam-verified/envs/_base_task.py", line 210, in setup_scene
    self.renderer = sapien.SapienRenderer()
  File "/root/data/miniconda3/envs/robotwin-openwam/lib/python3.10/site-packages/sapien/wrapper/renderer.py", line 9, in __init__
    super().__init__()
RuntimeError: vk::PhysicalDevice::createDeviceUnique: ErrorExtensionNotPresent
[eval_policy_wrapper] expert check skipped seed=100185: RuntimeError
[eval_policy_wrapper] exception in beat_block_hammer.setup_demo
Traceback (most recent call last):
  File "/root/data/robot/OpenWAM/benchmarks/robotwin/eval_policy_wrapper.py", line 218, in wrapped
    return method(*args, **kwargs)
  File "/root/data/robot/work/RoboTwin-openwam-verified/envs/beat_block_hammer.py", line 10, in setup_demo
    super()._init_task_env_(**kwags)
  File "/root/data/robot/work/RoboTwin-openwam-verified/envs/_base_task.py", line 90, in _init_task_env_
    self.setup_scene()
  File "/root/data/robot/work/RoboTwin-openwam-verified/envs/_base_task.py", line 210, in setup_scene
    self.renderer = sapien.SapienRenderer()
  File "/root/data/miniconda3/envs/robotwin-openwam/lib/python3.10/site-packages/sapien/wrapper/renderer.py", line 9, in __init__
    super().__init__()
RuntimeError: vk::PhysicalDevice::createDeviceUnique: ErrorExtensionNotPresent
[eval_policy_wrapper] expert check skipped seed=100186: RuntimeError
[eval_policy_wrapper] exception in beat_block_hammer.setup_demo
Traceback (most recent call last):
  File "/root/data/robot/OpenWAM/benchmarks/robotwin/eval_policy_wrapper.py", line 218, in wrapped
    return method(*args, **kwargs)
  File "/root/data/robot/work/RoboTwin-openwam-verified/envs/beat_block_hammer.py", line 10, in setup_demo
    super()._init_task_env_(**kwags)
  File "/root/data/robot/work/RoboTwin-openwam-verified/envs/_base_task.py", line 90, in _init_task_env_
    self.setup_scene()
  File "/root/data/robot/work/RoboTwin-openwam-verified/envs/_base_task.py", line 210, in setup_scene
    self.renderer = sapien.SapienRenderer()
  File "/root/data/miniconda3/envs/robotwin-openwam/lib/python3.10/site-packages/sapien/wrapper/renderer.py", line 9, in __init__
    super().__init__()
RuntimeError: vk::PhysicalDevice::createDeviceUnique: ErrorExtensionNotPresent
[eval_policy_wrapper] expert check skipped seed=100187: RuntimeError
[eval_policy_wrapper] exception in beat_block_hammer.setup_demo
Traceback (most recent call last):
  File "/root/data/robot/OpenWAM/benchmarks/robotwin/eval_policy_wrapper.py", line 218, in wrapped
    return method(*args, **kwargs)
  File "/root/data/robot/work/RoboTwin-openwam-verified/envs/beat_block_hammer.py", line 10, in setup_demo
    super()._init_task_env_(**kwags)
  File "/root/data/robot/work/RoboTwin-openwam-verified/envs/_base_task.py", line 90, in _init_task_env_
    self.setup_scene()
  File "/root/data/robot/work/RoboTwin-openwam-verified/envs/_base_task.py", line 210, in setup_scene
    self.renderer = sapien.SapienRenderer()
  File "/root/data/miniconda3/envs/robotwin-openwam/lib/python3.10/site-packages/sapien/wrapper/renderer.py", line 9, in __init__
    super().__init__()
RuntimeError: vk::PhysicalDevice::createDeviceUnique: ErrorExtensionNotPresent
[eval_policy_wrapper] expert check skipped seed=100188: RuntimeError
[eval_policy_wrapper] exception in beat_block_hammer.setup_demo
Traceback (most recent call last):
  File "/root/data/robot/OpenWAM/benchmarks/robotwin/eval_policy_wrapper.py", line 218, in wrapped
    return method(*args, **kwargs)
  File "/root/data/robot/work/RoboTwin-openwam-verified/envs/beat_block_hammer.py", line 10, in setup_demo
    super()._init_task_env_(**kwags)
  File "/root/data/robot/work/RoboTwin-openwam-verified/envs/_base_task.py", line 90, in _init_task_env_
    self.setup_scene()
  File "/root/data/robot/work/RoboTwin-openwam-verified/envs/_base_task.py", line 210, in setup_scene
    self.renderer = sapien.SapienRenderer()
  File "/root/data/miniconda3/envs/robotwin-openwam/lib/python3.10/site-packages/sapien/wrapper/renderer.py", line 9, in __init__
    super().__init__()
RuntimeError: vk::PhysicalDevice::createDeviceUnique: ErrorExtensionNotPresent
[eval_policy_wrapper] expert check skipped seed=100189: RuntimeError
[eval_policy_wrapper] exception in beat_block_hammer.setup_demo
Traceback (most recent call last):
  File "/root/data/robot/OpenWAM/benchmarks/robotwin/eval_policy_wrapper.py", line 218, in wrapped
    return method(*args, **kwargs)
  File "/root/data/robot/work/RoboTwin-openwam-verified/envs/beat_block_hammer.py", line 10, in setup_demo
    super()._init_task_env_(**kwags)
  File "/root/data/robot/work/RoboTwin-openwam-verified/envs/_base_task.py", line 90, in _init_task_env_
    self.setup_scene()
  File "/root/data/robot/work/RoboTwin-openwam-verified/envs/_base_task.py", line 210, in setup_scene
    self.renderer = sapien.SapienRenderer()
  File "/root/data/miniconda3/envs/robotwin-openwam/lib/python3.10/site-packages/sapien/wrapper/renderer.py", line 9, in __init__
    super().__init__()
RuntimeError: vk::PhysicalDevice::createDeviceUnique: ErrorExtensionNotPresent
[eval_policy_wrapper] expert check skipped seed=100190: RuntimeError
[eval_policy_wrapper] exception in beat_block_hammer.setup_demo
Traceback (most recent call last):
  File "/root/data/robot/OpenWAM/benchmarks/robotwin/eval_policy_wrapper.py", line 218, in wrapped
    return method(*args, **kwargs)
  File "/root/data/robot/work/RoboTwin-openwam-verified/envs/beat_block_hammer.py", line 10, in setup_demo
    super()._init_task_env_(**kwags)
  File "/root/data/robot/work/RoboTwin-openwam-verified/envs/_base_task.py", line 90, in _init_task_env_
    self.setup_scene()
  File "/root/data/robot/work/RoboTwin-openwam-verified/envs/_base_task.py", line 210, in setup_scene
    self.renderer = sapien.SapienRenderer()
  File "/root/data/miniconda3/envs/robotwin-openwam/lib/python3.10/site-packages/sapien/wrapper/renderer.py", line 9, in __init__
    super().__init__()
RuntimeError: vk::PhysicalDevice::createDeviceUnique: ErrorExtensionNotPresent
[eval_policy_wrapper] expert check skipped seed=100191: RuntimeError
[eval_policy_wrapper] exception in beat_block_hammer.setup_demo
Traceback (most recent call last):
  File "/root/data/robot/OpenWAM/benchmarks/robotwin/eval_policy_wrapper.py", line 218, in wrapped
    return method(*args, **kwargs)
  File "/root/data/robot/work/RoboTwin-openwam-verified/envs/beat_block_hammer.py", line 10, in setup_demo
    super()._init_task_env_(**kwags)
  File "/root/data/robot/work/RoboTwin-openwam-verified/envs/_base_task.py", line 90, in _init_task_env_
    self.setup_scene()
  File "/root/data/robot/work/RoboTwin-openwam-verified/envs/_base_task.py", line 210, in setup_scene
    self.renderer = sapien.SapienRenderer()
  File "/root/data/miniconda3/envs/robotwin-openwam/lib/python3.10/site-packages/sapien/wrapper/renderer.py", line 9, in __init__
    super().__init__()
RuntimeError: vk::PhysicalDevice::createDeviceUnique: ErrorExtensionNotPresent
[eval_policy_wrapper] expert check skipped seed=100192: RuntimeError
[eval_policy_wrapper] exception in beat_block_hammer.setup_demo
Traceback (most recent call last):
  File "/root/data/robot/OpenWAM/benchmarks/robotwin/eval_policy_wrapper.py", line 218, in wrapped
    return method(*args, **kwargs)
  File "/root/data/robot/work/RoboTwin-openwam-verified/envs/beat_block_hammer.py", line 10, in setup_demo
    super()._init_task_env_(**kwags)
  File "/root/data/robot/work/RoboTwin-openwam-verified/envs/_base_task.py", line 90, in _init_task_env_
    self.setup_scene()
  File "/root/data/robot/work/RoboTwin-openwam-verified/envs/_base_task.py", line 210, in setup_scene
    self.renderer = sapien.SapienRenderer()
  File "/root/data/miniconda3/envs/robotwin-openwam/lib/python3.10/site-packages/sapien/wrapper/renderer.py", line 9, in __init__
    super().__init__()
RuntimeError: vk::PhysicalDevice::createDeviceUnique: ErrorExtensionNotPresent
[eval_policy_wrapper] expert check skipped seed=100193: RuntimeError
[eval_policy_wrapper] exception in beat_block_hammer.setup_demo
Traceback (most recent call last):
  File "/root/data/robot/OpenWAM/benchmarks/robotwin/eval_policy_wrapper.py", line 218, in wrapped
    return method(*args, **kwargs)
  File "/root/data/robot/work/RoboTwin-openwam-verified/envs/beat_block_hammer.py", line 10, in setup_demo
    super()._init_task_env_(**kwags)
  File "/root/data/robot/work/RoboTwin-openwam-verified/envs/_base_task.py", line 90, in _init_task_env_
    self.setup_scene()
  File "/root/data/robot/work/RoboTwin-openwam-verified/envs/_base_task.py", line 210, in setup_scene
    self.renderer = sapien.SapienRenderer()
  File "/root/data/miniconda3/envs/robotwin-openwam/lib/python3.10/site-packages/sapien/wrapper/renderer.py", line 9, in __init__
    super().__init__()
RuntimeError: vk::PhysicalDevice::createDeviceUnique: ErrorExtensionNotPresent
[eval_policy_wrapper] expert check skipped seed=100194: RuntimeError
[eval_policy_wrapper] exception in beat_block_hammer.setup_demo
Traceback (most recent call last):
  File "/root/data/robot/OpenWAM/benchmarks/robotwin/eval_policy_wrapper.py", line 218, in wrapped
    return method(*args, **kwargs)
  File "/root/data/robot/work/RoboTwin-openwam-verified/envs/beat_block_hammer.py", line 10, in setup_demo
    super()._init_task_env_(**kwags)
  File "/root/data/robot/work/RoboTwin-openwam-verified/envs/_base_task.py", line 90, in _init_task_env_
    self.setup_scene()
  File "/root/data/robot/work/RoboTwin-openwam-verified/envs/_base_task.py", line 210, in setup_scene
    self.renderer = sapien.SapienRenderer()
  File "/root/data/miniconda3/envs/robotwin-openwam/lib/python3.10/site-packages/sapien/wrapper/renderer.py", line 9, in __init__
    super().__init__()
RuntimeError: vk::PhysicalDevice::createDeviceUnique: ErrorExtensionNotPresent
[eval_policy_wrapper] expert check skipped seed=100195: RuntimeError
[eval_policy_wrapper] exception in beat_block_hammer.setup_demo
Traceback (most recent call last):
  File "/root/data/robot/OpenWAM/benchmarks/robotwin/eval_policy_wrapper.py", line 218, in wrapped
    return method(*args, **kwargs)
  File "/root/data/robot/work/RoboTwin-openwam-verified/envs/beat_block_hammer.py", line 10, in setup_demo
    super()._init_task_env_(**kwags)
  File "/root/data/robot/work/RoboTwin-openwam-verified/envs/_base_task.py", line 90, in _init_task_env_
    self.setup_scene()
  File "/root/data/robot/work/RoboTwin-openwam-verified/envs/_base_task.py", line 210, in setup_scene
    self.renderer = sapien.SapienRenderer()
  File "/root/data/miniconda3/envs/robotwin-openwam/lib/python3.10/site-packages/sapien/wrapper/renderer.py", line 9, in __init__
    super().__init__()
RuntimeError: vk::PhysicalDevice::createDeviceUnique: ErrorExtensionNotPresent
[eval_policy_wrapper] expert check skipped seed=100196: RuntimeError
[eval_policy_wrapper] exception in beat_block_hammer.setup_demo
Traceback (most recent call last):
  File "/root/data/robot/OpenWAM/benchmarks/robotwin/eval_policy_wrapper.py", line 218, in wrapped
    return method(*args, **kwargs)
  File "/root/data/robot/work/RoboTwin-openwam-verified/envs/beat_block_hammer.py", line 10, in setup_demo
    super()._init_task_env_(**kwags)
  File "/root/data/robot/work/RoboTwin-openwam-verified/envs/_base_task.py", line 90, in _init_task_env_
    self.setup_scene()
  File "/root/data/robot/work/RoboTwin-openwam-verified/envs/_base_task.py", line 210, in setup_scene
    self.renderer = sapien.SapienRenderer()
  File "/root/data/miniconda3/envs/robotwin-openwam/lib/python3.10/site-packages/sapien/wrapper/renderer.py", line 9, in __init__
    super().__init__()
RuntimeError: vk::PhysicalDevice::createDeviceUnique: ErrorExtensionNotPresent
[eval_policy_wrapper] expert check skipped seed=100197: RuntimeError
[eval_policy_wrapper] exception in beat_block_hammer.setup_demo
Traceback (most recent call last):
  File "/root/data/robot/OpenWAM/benchmarks/robotwin/eval_policy_wrapper.py", line 218, in wrapped
    return method(*args, **kwargs)
  File "/root/data/robot/work/RoboTwin-openwam-verified/envs/beat_block_hammer.py", line 10, in setup_demo
    super()._init_task_env_(**kwags)
  File "/root/data/robot/work/RoboTwin-openwam-verified/envs/_base_task.py", line 90, in _init_task_env_
    self.setup_scene()
  File "/root/data/robot/work/RoboTwin-openwam-verified/envs/_base_task.py", line 210, in setup_scene
    self.renderer = sapien.SapienRenderer()
  File "/root/data/miniconda3/envs/robotwin-openwam/lib/python3.10/site-packages/sapien/wrapper/renderer.py", line 9, in __init__
    super().__init__()
RuntimeError: vk::PhysicalDevice::createDeviceUnique: ErrorExtensionNotPresent
[eval_policy_wrapper] expert check skipped seed=100198: RuntimeError
[eval_policy_wrapper] exception in beat_block_hammer.setup_demo
Traceback (most recent call last):
  File "/root/data/robot/OpenWAM/benchmarks/robotwin/eval_policy_wrapper.py", line 218, in wrapped
    return method(*args, **kwargs)
  File "/root/data/robot/work/RoboTwin-openwam-verified/envs/beat_block_hammer.py", line 10, in setup_demo
    super()._init_task_env_(**kwags)
  File "/root/data/robot/work/RoboTwin-openwam-verified/envs/_base_task.py", line 90, in _init_task_env_
    self.setup_scene()
  File "/root/data/robot/work/RoboTwin-openwam-verified/envs/_base_task.py", line 210, in setup_scene
    self.renderer = sapien.SapienRenderer()
  File "/root/data/miniconda3/envs/robotwin-openwam/lib/python3.10/site-packages/sapien/wrapper/renderer.py", line 9, in __init__
    super().__init__()
RuntimeError: vk::PhysicalDevice::createDeviceUnique: ErrorExtensionNotPresent
[eval_policy_wrapper] expert check skipped seed=100199: RuntimeError
[eval_policy_wrapper] exception in beat_block_hammer.setup_demo
Traceback (most recent call last):
  File "/root/data/robot/OpenWAM/benchmarks/robotwin/eval_policy_wrapper.py", line 218, in wrapped
    return method(*args, **kwargs)
  File "/root/data/robot/work/RoboTwin-openwam-verified/envs/beat_block_hammer.py", line 10, in setup_demo
    super()._init_task_env_(**kwags)
  File "/root/data/robot/work/RoboTwin-openwam-verified/envs/_base_task.py", line 90, in _init_task_env_
    self.setup_scene()
  File "/root/data/robot/work/RoboTwin-openwam-verified/envs/_base_task.py", line 210, in setup_scene
    self.renderer = sapien.SapienRenderer()
  File "/root/data/miniconda3/envs/robotwin-openwam/lib/python3.10/site-packages/sapien/wrapper/renderer.py", line 9, in __init__
    super().__init__()
RuntimeError: vk::PhysicalDevice::createDeviceUnique: ErrorExtensionNotPresent
[eval_policy_wrapper] expert check skipped seed=100200: RuntimeError
[eval_policy_wrapper] exception in beat_block_hammer.setup_demo
Traceback (most recent call last):
  File "/root/data/robot/OpenWAM/benchmarks/robotwin/eval_policy_wrapper.py", line 218, in wrapped
    return method(*args, **kwargs)
  File "/root/data/robot/work/RoboTwin-openwam-verified/envs/beat_block_hammer.py", line 10, in setup_demo
    super()._init_task_env_(**kwags)
  File "/root/data/robot/work/RoboTwin-openwam-verified/envs/_base_task.py", line 90, in _init_task_env_
    self.setup_scene()
  File "/root/data/robot/work/RoboTwin-openwam-verified/envs/_base_task.py", line 210, in setup_scene
    self.renderer = sapien.SapienRenderer()
  File "/root/data/miniconda3/envs/robotwin-openwam/lib/python3.10/site-packages/sapien/wrapper/renderer.py", line 9, in __init__
    super().__init__()
RuntimeError: vk::PhysicalDevice::createDeviceUnique: ErrorExtensionNotPresent
[eval_policy_wrapper] expert check skipped seed=100201: RuntimeError
[eval_policy_wrapper] exception in beat_block_hammer.setup_demo
Traceback (most recent call last):
  File "/root/data/robot/OpenWAM/benchmarks/robotwin/eval_policy_wrapper.py", line 218, in wrapped
    return method(*args, **kwargs)
  File "/root/data/robot/work/RoboTwin-openwam-verified/envs/beat_block_hammer.py", line 10, in setup_demo
    super()._init_task_env_(**kwags)
  File "/root/data/robot/work/RoboTwin-openwam-verified/envs/_base_task.py", line 90, in _init_task_env_
    self.setup_scene()
  File "/root/data/robot/work/RoboTwin-openwam-verified/envs/_base_task.py", line 210, in setup_scene
    self.renderer = sapien.SapienRenderer()
  File "/root/data/miniconda3/envs/robotwin-openwam/lib/python3.10/site-packages/sapien/wrapper/renderer.py", line 9, in __init__
    super().__init__()
RuntimeError: vk::PhysicalDevice::createDeviceUnique: ErrorExtensionNotPresent
[eval_policy_wrapper] expert check skipped seed=100202: RuntimeError
[eval_policy_wrapper] exception in beat_block_hammer.setup_demo
Traceback (most recent call last):
  File "/root/data/robot/OpenWAM/benchmarks/robotwin/eval_policy_wrapper.py", line 218, in wrapped
    return method(*args, **kwargs)
  File "/root/data/robot/work/RoboTwin-openwam-verified/envs/beat_block_hammer.py", line 10, in setup_demo
    super()._init_task_env_(**kwags)
  File "/root/data/robot/work/RoboTwin-openwam-verified/envs/_base_task.py", line 90, in _init_task_env_
    self.setup_scene()
  File "/root/data/robot/work/RoboTwin-openwam-verified/envs/_base_task.py", line 210, in setup_scene
    self.renderer = sapien.SapienRenderer()
  File "/root/data/miniconda3/envs/robotwin-openwam/lib/python3.10/site-packages/sapien/wrapper/renderer.py", line 9, in __init__
    super().__init__()
RuntimeError: vk::PhysicalDevice::createDeviceUnique: ErrorExtensionNotPresent
[eval_policy_wrapper] expert check skipped seed=100203: RuntimeError
[eval_policy_wrapper] exception in beat_block_hammer.setup_demo
Traceback (most recent call last):
  File "/root/data/robot/OpenWAM/benchmarks/robotwin/eval_policy_wrapper.py", line 218, in wrapped
    return method(*args, **kwargs)
  File "/root/data/robot/work/RoboTwin-openwam-verified/envs/beat_block_hammer.py", line 10, in setup_demo
    super()._init_task_env_(**kwags)
  File "/root/data/robot/work/RoboTwin-openwam-verified/envs/_base_task.py", line 90, in _init_task_env_
    self.setup_scene()
  File "/root/data/robot/work/RoboTwin-openwam-verified/envs/_base_task.py", line 210, in setup_scene
    self.renderer = sapien.SapienRenderer()
  File "/root/data/miniconda3/envs/robotwin-openwam/lib/python3.10/site-packages/sapien/wrapper/renderer.py", line 9, in __init__
    super().__init__()
RuntimeError: vk::PhysicalDevice::createDeviceUnique: ErrorExtensionNotPresent
[eval_policy_wrapper] expert check skipped seed=100204: RuntimeError
[eval_policy_wrapper] exception in beat_block_hammer.setup_demo
Traceback (most recent call last):
  File "/root/data/robot/OpenWAM/benchmarks/robotwin/eval_policy_wrapper.py", line 218, in wrapped
    return method(*args, **kwargs)
  File "/root/data/robot/work/RoboTwin-openwam-verified/envs/beat_block_hammer.py", line 10, in setup_demo
    super()._init_task_env_(**kwags)
  File "/root/data/robot/work/RoboTwin-openwam-verified/envs/_base_task.py", line 90, in _init_task_env_
    self.setup_scene()
  File "/root/data/robot/work/RoboTwin-openwam-verified/envs/_base_task.py", line 210, in setup_scene
    self.renderer = sapien.SapienRenderer()
  File "/root/data/miniconda3/envs/robotwin-openwam/lib/python3.10/site-packages/sapien/wrapper/renderer.py", line 9, in __init__
    super().__init__()
RuntimeError: vk::PhysicalDevice::createDeviceUnique: ErrorExtensionNotPresent
[eval_policy_wrapper] expert check skipped seed=100205: RuntimeError
[eval_policy_wrapper] exception in beat_block_hammer.setup_demo
Traceback (most recent call last):
  File "/root/data/robot/OpenWAM/benchmarks/robotwin/eval_policy_wrapper.py", line 218, in wrapped
    return method(*args, **kwargs)
  File "/root/data/robot/work/RoboTwin-openwam-verified/envs/beat_block_hammer.py", line 10, in setup_demo
    super()._init_task_env_(**kwags)
  File "/root/data/robot/work/RoboTwin-openwam-verified/envs/_base_task.py", line 90, in _init_task_env_
    self.setup_scene()
  File "/root/data/robot/work/RoboTwin-openwam-verified/envs/_base_task.py", line 210, in setup_scene
    self.renderer = sapien.SapienRenderer()
  File "/root/data/miniconda3/envs/robotwin-openwam/lib/python3.10/site-packages/sapien/wrapper/renderer.py", line 9, in __init__
    super().__init__()
RuntimeError: vk::PhysicalDevice::createDeviceUnique: ErrorExtensionNotPresent
[eval_policy_wrapper] expert check skipped seed=100206: RuntimeError
[eval_policy_wrapper] exception in beat_block_hammer.setup_demo
Traceback (most recent call last):
  File "/root/data/robot/OpenWAM/benchmarks/robotwin/eval_policy_wrapper.py", line 218, in wrapped
    return method(*args, **kwargs)
  File "/root/data/robot/work/RoboTwin-openwam-verified/envs/beat_block_hammer.py", line 10, in setup_demo
    super()._init_task_env_(**kwags)
  File "/root/data/robot/work/RoboTwin-openwam-verified/envs/_base_task.py", line 90, in _init_task_env_
    self.setup_scene()
  File "/root/data/robot/work/RoboTwin-openwam-verified/envs/_base_task.py", line 210, in setup_scene
    self.renderer = sapien.SapienRenderer()
  File "/root/data/miniconda3/envs/robotwin-openwam/lib/python3.10/site-packages/sapien/wrapper/renderer.py", line 9, in __init__
    super().__init__()
RuntimeError: vk::PhysicalDevice::createDeviceUnique: ErrorExtensionNotPresent
[eval_policy_wrapper] expert check skipped seed=100207: RuntimeError
[eval_policy_wrapper] exception in beat_block_hammer.setup_demo
Traceback (most recent call last):
  File "/root/data/robot/OpenWAM/benchmarks/robotwin/eval_policy_wrapper.py", line 218, in wrapped
    return method(*args, **kwargs)
  File "/root/data/robot/work/RoboTwin-openwam-verified/envs/beat_block_hammer.py", line 10, in setup_demo
    super()._init_task_env_(**kwags)
  File "/root/data/robot/work/RoboTwin-openwam-verified/envs/_base_task.py", line 90, in _init_task_env_
    self.setup_scene()
  File "/root/data/robot/work/RoboTwin-openwam-verified/envs/_base_task.py", line 210, in setup_scene
    self.renderer = sapien.SapienRenderer()
  File "/root/data/miniconda3/envs/robotwin-openwam/lib/python3.10/site-packages/sapien/wrapper/renderer.py", line 9, in __init__
    super().__init__()
RuntimeError: vk::PhysicalDevice::createDeviceUnique: ErrorExtensionNotPresent
[eval_policy_wrapper] expert check skipped seed=100208: RuntimeError
[eval_policy_wrapper] exception in beat_block_hammer.setup_demo
Traceback (most recent call last):
  File "/root/data/robot/OpenWAM/benchmarks/robotwin/eval_policy_wrapper.py", line 218, in wrapped
    return method(*args, **kwargs)
  File "/root/data/robot/work/RoboTwin-openwam-verified/envs/beat_block_hammer.py", line 10, in setup_demo
    super()._init_task_env_(**kwags)
  File "/root/data/robot/work/RoboTwin-openwam-verified/envs/_base_task.py", line 90, in _init_task_env_
    self.setup_scene()
  File "/root/data/robot/work/RoboTwin-openwam-verified/envs/_base_task.py", line 210, in setup_scene
    self.renderer = sapien.SapienRenderer()
  File "/root/data/miniconda3/envs/robotwin-openwam/lib/python3.10/site-packages/sapien/wrapper/renderer.py", line 9, in __init__
    super().__init__()
RuntimeError: vk::PhysicalDevice::createDeviceUnique: ErrorExtensionNotPresent
[eval_policy_wrapper] expert check skipped seed=100209: RuntimeError
[eval_policy_wrapper] exception in beat_block_hammer.setup_demo
Traceback (most recent call last):
  File "/root/data/robot/OpenWAM/benchmarks/robotwin/eval_policy_wrapper.py", line 218, in wrapped
    return method(*args, **kwargs)
  File "/root/data/robot/work/RoboTwin-openwam-verified/envs/beat_block_hammer.py", line 10, in setup_demo
    super()._init_task_env_(**kwags)
  File "/root/data/robot/work/RoboTwin-openwam-verified/envs/_base_task.py", line 90, in _init_task_env_
    self.setup_scene()
  File "/root/data/robot/work/RoboTwin-openwam-verified/envs/_base_task.py", line 210, in setup_scene
    self.renderer = sapien.SapienRenderer()
  File "/root/data/miniconda3/envs/robotwin-openwam/lib/python3.10/site-packages/sapien/wrapper/renderer.py", line 9, in __init__
    super().__init__()
RuntimeError: vk::PhysicalDevice::createDeviceUnique: ErrorExtensionNotPresent
[eval_policy_wrapper] expert check skipped seed=100210: RuntimeError
[eval_policy_wrapper] exception in beat_block_hammer.setup_demo
Traceback (most recent call last):
  File "/root/data/robot/OpenWAM/benchmarks/robotwin/eval_policy_wrapper.py", line 218, in wrapped
    return method(*args, **kwargs)
  File "/root/data/robot/work/RoboTwin-openwam-verified/envs/beat_block_hammer.py", line 10, in setup_demo
    super()._init_task_env_(**kwags)
  File "/root/data/robot/work/RoboTwin-openwam-verified/envs/_base_task.py", line 90, in _init_task_env_
    self.setup_scene()
  File "/root/data/robot/work/RoboTwin-openwam-verified/envs/_base_task.py", line 210, in setup_scene
    self.renderer = sapien.SapienRenderer()
  File "/root/data/miniconda3/envs/robotwin-openwam/lib/python3.10/site-packages/sapien/wrapper/renderer.py", line 9, in __init__
    super().__init__()
RuntimeError: vk::PhysicalDevice::createDeviceUnique: ErrorExtensionNotPresent
[eval_policy_wrapper] expert check skipped seed=100211: RuntimeError
[eval_policy_wrapper] exception in beat_block_hammer.setup_demo
Traceback (most recent call last):
  File "/root/data/robot/OpenWAM/benchmarks/robotwin/eval_policy_wrapper.py", line 218, in wrapped
    return method(*args, **kwargs)
  File "/root/data/robot/work/RoboTwin-openwam-verified/envs/beat_block_hammer.py", line 10, in setup_demo
    super()._init_task_env_(**kwags)
  File "/root/data/robot/work/RoboTwin-openwam-verified/envs/_base_task.py", line 90, in _init_task_env_
    self.setup_scene()
  File "/root/data/robot/work/RoboTwin-openwam-verified/envs/_base_task.py", line 210, in setup_scene
    self.renderer = sapien.SapienRenderer()
  File "/root/data/miniconda3/envs/robotwin-openwam/lib/python3.10/site-packages/sapien/wrapper/renderer.py", line 9, in __init__
    super().__init__()
RuntimeError: vk::PhysicalDevice::createDeviceUnique: ErrorExtensionNotPresent
[eval_policy_wrapper] expert check skipped seed=100212: RuntimeError
[eval_policy_wrapper] exception in beat_block_hammer.setup_demo
Traceback (most recent call last):
  File "/root/data/robot/OpenWAM/benchmarks/robotwin/eval_policy_wrapper.py", line 218, in wrapped
    return method(*args, **kwargs)
  File "/root/data/robot/work/RoboTwin-openwam-verified/envs/beat_block_hammer.py", line 10, in setup_demo
    super()._init_task_env_(**kwags)
  File "/root/data/robot/work/RoboTwin-openwam-verified/envs/_base_task.py", line 90, in _init_task_env_
    self.setup_scene()
  File "/root/data/robot/work/RoboTwin-openwam-verified/envs/_base_task.py", line 210, in setup_scene
    self.renderer = sapien.SapienRenderer()
  File "/root/data/miniconda3/envs/robotwin-openwam/lib/python3.10/site-packages/sapien/wrapper/renderer.py", line 9, in __init__
    super().__init__()
RuntimeError: vk::PhysicalDevice::createDeviceUnique: ErrorExtensionNotPresent
[eval_policy_wrapper] expert check skipped seed=100213: RuntimeError
[eval_policy_wrapper] exception in beat_block_hammer.setup_demo
Traceback (most recent call last):
  File "/root/data/robot/OpenWAM/benchmarks/robotwin/eval_policy_wrapper.py", line 218, in wrapped
    return method(*args, **kwargs)
  File "/root/data/robot/work/RoboTwin-openwam-verified/envs/beat_block_hammer.py", line 10, in setup_demo
    super()._init_task_env_(**kwags)
  File "/root/data/robot/work/RoboTwin-openwam-verified/envs/_base_task.py", line 90, in _init_task_env_
    self.setup_scene()
  File "/root/data/robot/work/RoboTwin-openwam-verified/envs/_base_task.py", line 210, in setup_scene
    self.renderer = sapien.SapienRenderer()
  File "/root/data/miniconda3/envs/robotwin-openwam/lib/python3.10/site-packages/sapien/wrapper/renderer.py", line 9, in __init__
    super().__init__()
RuntimeError: vk::PhysicalDevice::createDeviceUnique: ErrorExtensionNotPresent
[eval_policy_wrapper] expert check skipped seed=100214: RuntimeError
[eval_policy_wrapper] exception in beat_block_hammer.setup_demo
Traceback (most recent call last):
  File "/root/data/robot/OpenWAM/benchmarks/robotwin/eval_policy_wrapper.py", line 218, in wrapped
    return method(*args, **kwargs)
  File "/root/data/robot/work/RoboTwin-openwam-verified/envs/beat_block_hammer.py", line 10, in setup_demo
    super()._init_task_env_(**kwags)
  File "/root/data/robot/work/RoboTwin-openwam-verified/envs/_base_task.py", line 90, in _init_task_env_
    self.setup_scene()
  File "/root/data/robot/work/RoboTwin-openwam-verified/envs/_base_task.py", line 210, in setup_scene
    self.renderer = sapien.SapienRenderer()
  File "/root/data/miniconda3/envs/robotwin-openwam/lib/python3.10/site-packages/sapien/wrapper/renderer.py", line 9, in __init__
    super().__init__()
RuntimeError: vk::PhysicalDevice::createDeviceUnique: ErrorExtensionNotPresent
[eval_policy_wrapper] expert check skipped seed=100215: RuntimeError
[eval_policy_wrapper] exception in beat_block_hammer.setup_demo
Traceback (most recent call last):
  File "/root/data/robot/OpenWAM/benchmarks/robotwin/eval_policy_wrapper.py", line 218, in wrapped
    return method(*args, **kwargs)
  File "/root/data/robot/work/RoboTwin-openwam-verified/envs/beat_block_hammer.py", line 10, in setup_demo
    super()._init_task_env_(**kwags)
  File "/root/data/robot/work/RoboTwin-openwam-verified/envs/_base_task.py", line 90, in _init_task_env_
    self.setup_scene()
  File "/root/data/robot/work/RoboTwin-openwam-verified/envs/_base_task.py", line 210, in setup_scene
    self.renderer = sapien.SapienRenderer()
  File "/root/data/miniconda3/envs/robotwin-openwam/lib/python3.10/site-packages/sapien/wrapper/renderer.py", line 9, in __init__
    super().__init__()
RuntimeError: vk::PhysicalDevice::createDeviceUnique: ErrorExtensionNotPresent
[eval_policy_wrapper] expert check skipped seed=100216: RuntimeError
[eval_policy_wrapper] exception in beat_block_hammer.setup_demo
Traceback (most recent call last):
  File "/root/data/robot/OpenWAM/benchmarks/robotwin/eval_policy_wrapper.py", line 218, in wrapped
    return method(*args, **kwargs)
  File "/root/data/robot/work/RoboTwin-openwam-verified/envs/beat_block_hammer.py", line 10, in setup_demo
    super()._init_task_env_(**kwags)
  File "/root/data/robot/work/RoboTwin-openwam-verified/envs/_base_task.py", line 90, in _init_task_env_
    self.setup_scene()
  File "/root/data/robot/work/RoboTwin-openwam-verified/envs/_base_task.py", line 210, in setup_scene
    self.renderer = sapien.SapienRenderer()
  File "/root/data/miniconda3/envs/robotwin-openwam/lib/python3.10/site-packages/sapien/wrapper/renderer.py", line 9, in __init__
    super().__init__()
RuntimeError: vk::PhysicalDevice::createDeviceUnique: ErrorExtensionNotPresent
[eval_policy_wrapper] expert check skipped seed=100217: RuntimeError
[eval_policy_wrapper] exception in beat_block_hammer.setup_demo
Traceback (most recent call last):
  File "/root/data/robot/OpenWAM/benchmarks/robotwin/eval_policy_wrapper.py", line 218, in wrapped
    return method(*args, **kwargs)
  File "/root/data/robot/work/RoboTwin-openwam-verified/envs/beat_block_hammer.py", line 10, in setup_demo
    super()._init_task_env_(**kwags)
  File "/root/data/robot/work/RoboTwin-openwam-verified/envs/_base_task.py", line 90, in _init_task_env_
    self.setup_scene()
  File "/root/data/robot/work/RoboTwin-openwam-verified/envs/_base_task.py", line 210, in setup_scene
    self.renderer = sapien.SapienRenderer()
  File "/root/data/miniconda3/envs/robotwin-openwam/lib/python3.10/site-packages/sapien/wrapper/renderer.py", line 9, in __init__
    super().__init__()
RuntimeError: vk::PhysicalDevice::createDeviceUnique: ErrorExtensionNotPresent
[eval_policy_wrapper] expert check skipped seed=100218: RuntimeError
[eval_policy_wrapper] exception in beat_block_hammer.setup_demo
Traceback (most recent call last):
  File "/root/data/robot/OpenWAM/benchmarks/robotwin/eval_policy_wrapper.py", line 218, in wrapped
    return method(*args, **kwargs)
  File "/root/data/robot/work/RoboTwin-openwam-verified/envs/beat_block_hammer.py", line 10, in setup_demo
    super()._init_task_env_(**kwags)
  File "/root/data/robot/work/RoboTwin-openwam-verified/envs/_base_task.py", line 90, in _init_task_env_
    self.setup_scene()
  File "/root/data/robot/work/RoboTwin-openwam-verified/envs/_base_task.py", line 210, in setup_scene
    self.renderer = sapien.SapienRenderer()
  File "/root/data/miniconda3/envs/robotwin-openwam/lib/python3.10/site-packages/sapien/wrapper/renderer.py", line 9, in __init__
    super().__init__()
RuntimeError: vk::PhysicalDevice::createDeviceUnique: ErrorExtensionNotPresent
[eval_policy_wrapper] expert check skipped seed=100219: RuntimeError
[eval_policy_wrapper] exception in beat_block_hammer.setup_demo
Traceback (most recent call last):
  File "/root/data/robot/OpenWAM/benchmarks/robotwin/eval_policy_wrapper.py", line 218, in wrapped
    return method(*args, **kwargs)
  File "/root/data/robot/work/RoboTwin-openwam-verified/envs/beat_block_hammer.py", line 10, in setup_demo
    super()._init_task_env_(**kwags)
  File "/root/data/robot/work/RoboTwin-openwam-verified/envs/_base_task.py", line 90, in _init_task_env_
    self.setup_scene()
  File "/root/data/robot/work/RoboTwin-openwam-verified/envs/_base_task.py", line 210, in setup_scene
    self.renderer = sapien.SapienRenderer()
  File "/root/data/miniconda3/envs/robotwin-openwam/lib/python3.10/site-packages/sapien/wrapper/renderer.py", line 9, in __init__
    super().__init__()
RuntimeError: vk::PhysicalDevice::createDeviceUnique: ErrorExtensionNotPresent
[eval_policy_wrapper] expert check skipped seed=100220: RuntimeError
[eval_policy_wrapper] exception in beat_block_hammer.setup_demo
Traceback (most recent call last):
  File "/root/data/robot/OpenWAM/benchmarks/robotwin/eval_policy_wrapper.py", line 218, in wrapped
    return method(*args, **kwargs)
  File "/root/data/robot/work/RoboTwin-openwam-verified/envs/beat_block_hammer.py", line 10, in setup_demo
    super()._init_task_env_(**kwags)
  File "/root/data/robot/work/RoboTwin-openwam-verified/envs/_base_task.py", line 90, in _init_task_env_
    self.setup_scene()
  File "/root/data/robot/work/RoboTwin-openwam-verified/envs/_base_task.py", line 210, in setup_scene
    self.renderer = sapien.SapienRenderer()
  File "/root/data/miniconda3/envs/robotwin-openwam/lib/python3.10/site-packages/sapien/wrapper/renderer.py", line 9, in __init__
    super().__init__()
RuntimeError: vk::PhysicalDevice::createDeviceUnique: ErrorExtensionNotPresent
[eval_policy_wrapper] expert check skipped seed=100221: RuntimeError
[eval_policy_wrapper] exception in beat_block_hammer.setup_demo
Traceback (most recent call last):
  File "/root/data/robot/OpenWAM/benchmarks/robotwin/eval_policy_wrapper.py", line 218, in wrapped
    return method(*args, **kwargs)
  File "/root/data/robot/work/RoboTwin-openwam-verified/envs/beat_block_hammer.py", line 10, in setup_demo
    super()._init_task_env_(**kwags)
  File "/root/data/robot/work/RoboTwin-openwam-verified/envs/_base_task.py", line 90, in _init_task_env_
    self.setup_scene()
  File "/root/data/robot/work/RoboTwin-openwam-verified/envs/_base_task.py", line 210, in setup_scene
    self.renderer = sapien.SapienRenderer()
  File "/root/data/miniconda3/envs/robotwin-openwam/lib/python3.10/site-packages/sapien/wrapper/renderer.py", line 9, in __init__
    super().__init__()
RuntimeError: vk::PhysicalDevice::createDeviceUnique: ErrorExtensionNotPresent
[eval_policy_wrapper] expert check skipped seed=100222: RuntimeError
[eval_policy_wrapper] exception in beat_block_hammer.setup_demo
Traceback (most recent call last):
  File "/root/data/robot/OpenWAM/benchmarks/robotwin/eval_policy_wrapper.py", line 218, in wrapped
    return method(*args, **kwargs)
  File "/root/data/robot/work/RoboTwin-openwam-verified/envs/beat_block_hammer.py", line 10, in setup_demo
    super()._init_task_env_(**kwags)
  File "/root/data/robot/work/RoboTwin-openwam-verified/envs/_base_task.py", line 90, in _init_task_env_
    self.setup_scene()
  File "/root/data/robot/work/RoboTwin-openwam-verified/envs/_base_task.py", line 210, in setup_scene
    self.renderer = sapien.SapienRenderer()
  File "/root/data/miniconda3/envs/robotwin-openwam/lib/python3.10/site-packages/sapien/wrapper/renderer.py", line 9, in __init__
    super().__init__()
RuntimeError: vk::PhysicalDevice::createDeviceUnique: ErrorExtensionNotPresent
[eval_policy_wrapper] expert check skipped seed=100223: RuntimeError
[eval_policy_wrapper] exception in beat_block_hammer.setup_demo
Traceback (most recent call last):
  File "/root/data/robot/OpenWAM/benchmarks/robotwin/eval_policy_wrapper.py", line 218, in wrapped
    return method(*args, **kwargs)
  File "/root/data/robot/work/RoboTwin-openwam-verified/envs/beat_block_hammer.py", line 10, in setup_demo
    super()._init_task_env_(**kwags)
  File "/root/data/robot/work/RoboTwin-openwam-verified/envs/_base_task.py", line 90, in _init_task_env_
    self.setup_scene()
  File "/root/data/robot/work/RoboTwin-openwam-verified/envs/_base_task.py", line 210, in setup_scene
    self.renderer = sapien.SapienRenderer()
  File "/root/data/miniconda3/envs/robotwin-openwam/lib/python3.10/site-packages/sapien/wrapper/renderer.py", line 9, in __init__
    super().__init__()
RuntimeError: vk::PhysicalDevice::createDeviceUnique: ErrorExtensionNotPresent
[eval_policy_wrapper] expert check skipped seed=100224: RuntimeError
[eval_policy_wrapper] exception in beat_block_hammer.setup_demo
Traceback (most recent call last):
  File "/root/data/robot/OpenWAM/benchmarks/robotwin/eval_policy_wrapper.py", line 218, in wrapped
    return method(*args, **kwargs)
  File "/root/data/robot/work/RoboTwin-openwam-verified/envs/beat_block_hammer.py", line 10, in setup_demo
    super()._init_task_env_(**kwags)
  File "/root/data/robot/work/RoboTwin-openwam-verified/envs/_base_task.py", line 90, in _init_task_env_
    self.setup_scene()
  File "/root/data/robot/work/RoboTwin-openwam-verified/envs/_base_task.py", line 210, in setup_scene
    self.renderer = sapien.SapienRenderer()
  File "/root/data/miniconda3/envs/robotwin-openwam/lib/python3.10/site-packages/sapien/wrapper/renderer.py", line 9, in __init__
    super().__init__()
RuntimeError: vk::PhysicalDevice::createDeviceUnique: ErrorExtensionNotPresent
[eval_policy_wrapper] expert check skipped seed=100225: RuntimeError
[eval_policy_wrapper] exception in beat_block_hammer.setup_demo
Traceback (most recent call last):
  File "/root/data/robot/OpenWAM/benchmarks/robotwin/eval_policy_wrapper.py", line 218, in wrapped
    return method(*args, **kwargs)
  File "/root/data/robot/work/RoboTwin-openwam-verified/envs/beat_block_hammer.py", line 10, in setup_demo
    super()._init_task_env_(**kwags)
  File "/root/data/robot/work/RoboTwin-openwam-verified/envs/_base_task.py", line 90, in _init_task_env_
    self.setup_scene()
  File "/root/data/robot/work/RoboTwin-openwam-verified/envs/_base_task.py", line 210, in setup_scene
    self.renderer = sapien.SapienRenderer()
  File "/root/data/miniconda3/envs/robotwin-openwam/lib/python3.10/site-packages/sapien/wrapper/renderer.py", line 9, in __init__
    super().__init__()
RuntimeError: vk::PhysicalDevice::createDeviceUnique: ErrorExtensionNotPresent
[eval_policy_wrapper] expert check skipped seed=100226: RuntimeError
[eval_policy_wrapper] exception in beat_block_hammer.setup_demo
Traceback (most recent call last):
  File "/root/data/robot/OpenWAM/benchmarks/robotwin/eval_policy_wrapper.py", line 218, in wrapped
    return method(*args, **kwargs)
  File "/root/data/robot/work/RoboTwin-openwam-verified/envs/beat_block_hammer.py", line 10, in setup_demo
    super()._init_task_env_(**kwags)
  File "/root/data/robot/work/RoboTwin-openwam-verified/envs/_base_task.py", line 90, in _init_task_env_
    self.setup_scene()
  File "/root/data/robot/work/RoboTwin-openwam-verified/envs/_base_task.py", line 210, in setup_scene
    self.renderer = sapien.SapienRenderer()
  File "/root/data/miniconda3/envs/robotwin-openwam/lib/python3.10/site-packages/sapien/wrapper/renderer.py", line 9, in __init__
    super().__init__()
RuntimeError: vk::PhysicalDevice::createDeviceUnique: ErrorExtensionNotPresent
[eval_policy_wrapper] expert check skipped seed=100227: RuntimeError
[eval_policy_wrapper] exception in beat_block_hammer.setup_demo
Traceback (most recent call last):
  File "/root/data/robot/OpenWAM/benchmarks/robotwin/eval_policy_wrapper.py", line 218, in wrapped
    return method(*args, **kwargs)
  File "/root/data/robot/work/RoboTwin-openwam-verified/envs/beat_block_hammer.py", line 10, in setup_demo
    super()._init_task_env_(**kwags)
  File "/root/data/robot/work/RoboTwin-openwam-verified/envs/_base_task.py", line 90, in _init_task_env_
    self.setup_scene()
  File "/root/data/robot/work/RoboTwin-openwam-verified/envs/_base_task.py", line 210, in setup_scene
    self.renderer = sapien.SapienRenderer()
  File "/root/data/miniconda3/envs/robotwin-openwam/lib/python3.10/site-packages/sapien/wrapper/renderer.py", line 9, in __init__
    super().__init__()
RuntimeError: vk::PhysicalDevice::createDeviceUnique: ErrorExtensionNotPresent
[eval_policy_wrapper] expert check skipped seed=100228: RuntimeError
[eval_policy_wrapper] exception in beat_block_hammer.setup_demo
Traceback (most recent call last):
  File "/root/data/robot/OpenWAM/benchmarks/robotwin/eval_policy_wrapper.py", line 218, in wrapped
    return method(*args, **kwargs)
  File "/root/data/robot/work/RoboTwin-openwam-verified/envs/beat_block_hammer.py", line 10, in setup_demo
    super()._init_task_env_(**kwags)
  File "/root/data/robot/work/RoboTwin-openwam-verified/envs/_base_task.py", line 90, in _init_task_env_
    self.setup_scene()
  File "/root/data/robot/work/RoboTwin-openwam-verified/envs/_base_task.py", line 210, in setup_scene
    self.renderer = sapien.SapienRenderer()
  File "/root/data/miniconda3/envs/robotwin-openwam/lib/python3.10/site-packages/sapien/wrapper/renderer.py", line 9, in __init__
    super().__init__()
RuntimeError: vk::PhysicalDevice::createDeviceUnique: ErrorExtensionNotPresent
[eval_policy_wrapper] expert check skipped seed=100229: RuntimeError
[eval_policy_wrapper] exception in beat_block_hammer.setup_demo
Traceback (most recent call last):
  File "/root/data/robot/OpenWAM/benchmarks/robotwin/eval_policy_wrapper.py", line 218, in wrapped
    return method(*args, **kwargs)
  File "/root/data/robot/work/RoboTwin-openwam-verified/envs/beat_block_hammer.py", line 10, in setup_demo
    super()._init_task_env_(**kwags)
  File "/root/data/robot/work/RoboTwin-openwam-verified/envs/_base_task.py", line 90, in _init_task_env_
    self.setup_scene()
  File "/root/data/robot/work/RoboTwin-openwam-verified/envs/_base_task.py", line 210, in setup_scene
    self.renderer = sapien.SapienRenderer()
  File "/root/data/miniconda3/envs/robotwin-openwam/lib/python3.10/site-packages/sapien/wrapper/renderer.py", line 9, in __init__
    super().__init__()
RuntimeError: vk::PhysicalDevice::createDeviceUnique: ErrorExtensionNotPresent
[eval_policy_wrapper] expert check skipped seed=100230: RuntimeError
[eval_policy_wrapper] exception in beat_block_hammer.setup_demo
Traceback (most recent call last):
  File "/root/data/robot/OpenWAM/benchmarks/robotwin/eval_policy_wrapper.py", line 218, in wrapped
    return method(*args, **kwargs)
  File "/root/data/robot/work/RoboTwin-openwam-verified/envs/beat_block_hammer.py", line 10, in setup_demo
    super()._init_task_env_(**kwags)
  File "/root/data/robot/work/RoboTwin-openwam-verified/envs/_base_task.py", line 90, in _init_task_env_
    self.setup_scene()
  File "/root/data/robot/work/RoboTwin-openwam-verified/envs/_base_task.py", line 210, in setup_scene
    self.renderer = sapien.SapienRenderer()
  File "/root/data/miniconda3/envs/robotwin-openwam/lib/python3.10/site-packages/sapien/wrapper/renderer.py", line 9, in __init__
    super().__init__()
RuntimeError: vk::PhysicalDevice::createDeviceUnique: ErrorExtensionNotPresent
[eval_policy_wrapper] expert check skipped seed=100231: RuntimeError
[eval_policy_wrapper] exception in beat_block_hammer.setup_demo
Traceback (most recent call last):
  File "/root/data/robot/OpenWAM/benchmarks/robotwin/eval_policy_wrapper.py", line 218, in wrapped
    return method(*args, **kwargs)
  File "/root/data/robot/work/RoboTwin-openwam-verified/envs/beat_block_hammer.py", line 10, in setup_demo
    super()._init_task_env_(**kwags)
  File "/root/data/robot/work/RoboTwin-openwam-verified/envs/_base_task.py", line 90, in _init_task_env_
    self.setup_scene()
  File "/root/data/robot/work/RoboTwin-openwam-verified/envs/_base_task.py", line 210, in setup_scene
    self.renderer = sapien.SapienRenderer()
  File "/root/data/miniconda3/envs/robotwin-openwam/lib/python3.10/site-packages/sapien/wrapper/renderer.py", line 9, in __init__
    super().__init__()
RuntimeError: vk::PhysicalDevice::createDeviceUnique: ErrorExtensionNotPresent
[eval_policy_wrapper] expert check skipped seed=100232: RuntimeError
[eval_policy_wrapper] exception in beat_block_hammer.setup_demo
Traceback (most recent call last):
  File "/root/data/robot/OpenWAM/benchmarks/robotwin/eval_policy_wrapper.py", line 218, in wrapped
    return method(*args, **kwargs)
  File "/root/data/robot/work/RoboTwin-openwam-verified/envs/beat_block_hammer.py", line 10, in setup_demo
    super()._init_task_env_(**kwags)
  File "/root/data/robot/work/RoboTwin-openwam-verified/envs/_base_task.py", line 90, in _init_task_env_
    self.setup_scene()
  File "/root/data/robot/work/RoboTwin-openwam-verified/envs/_base_task.py", line 210, in setup_scene
    self.renderer = sapien.SapienRenderer()
  File "/root/data/miniconda3/envs/robotwin-openwam/lib/python3.10/site-packages/sapien/wrapper/renderer.py", line 9, in __init__
    super().__init__()
RuntimeError: vk::PhysicalDevice::createDeviceUnique: ErrorExtensionNotPresent
[eval_policy_wrapper] expert check skipped seed=100233: RuntimeError
[eval_policy_wrapper] exception in beat_block_hammer.setup_demo
Traceback (most recent call last):
  File "/root/data/robot/OpenWAM/benchmarks/robotwin/eval_policy_wrapper.py", line 218, in wrapped
    return method(*args, **kwargs)
  File "/root/data/robot/work/RoboTwin-openwam-verified/envs/beat_block_hammer.py", line 10, in setup_demo
    super()._init_task_env_(**kwags)
  File "/root/data/robot/work/RoboTwin-openwam-verified/envs/_base_task.py", line 90, in _init_task_env_
    self.setup_scene()
  File "/root/data/robot/work/RoboTwin-openwam-verified/envs/_base_task.py", line 210, in setup_scene
    self.renderer = sapien.SapienRenderer()
  File "/root/data/miniconda3/envs/robotwin-openwam/lib/python3.10/site-packages/sapien/wrapper/renderer.py", line 9, in __init__
    super().__init__()
RuntimeError: vk::PhysicalDevice::createDeviceUnique: ErrorExtensionNotPresent
[eval_policy_wrapper] expert check skipped seed=100234: RuntimeError
[eval_policy_wrapper] exception in beat_block_hammer.setup_demo
Traceback (most recent call last):
  File "/root/data/robot/OpenWAM/benchmarks/robotwin/eval_policy_wrapper.py", line 218, in wrapped
    return method(*args, **kwargs)
  File "/root/data/robot/work/RoboTwin-openwam-verified/envs/beat_block_hammer.py", line 10, in setup_demo
    super()._init_task_env_(**kwags)
  File "/root/data/robot/work/RoboTwin-openwam-verified/envs/_base_task.py", line 90, in _init_task_env_
    self.setup_scene()
  File "/root/data/robot/work/RoboTwin-openwam-verified/envs/_base_task.py", line 210, in setup_scene
    self.renderer = sapien.SapienRenderer()
  File "/root/data/miniconda3/envs/robotwin-openwam/lib/python3.10/site-packages/sapien/wrapper/renderer.py", line 9, in __init__
    super().__init__()
RuntimeError: vk::PhysicalDevice::createDeviceUnique: ErrorExtensionNotPresent
[eval_policy_wrapper] expert check skipped seed=100235: RuntimeError
[eval_policy_wrapper] exception in beat_block_hammer.setup_demo
Traceback (most recent call last):
  File "/root/data/robot/OpenWAM/benchmarks/robotwin/eval_policy_wrapper.py", line 218, in wrapped
    return method(*args, **kwargs)
  File "/root/data/robot/work/RoboTwin-openwam-verified/envs/beat_block_hammer.py", line 10, in setup_demo
    super()._init_task_env_(**kwags)
  File "/root/data/robot/work/RoboTwin-openwam-verified/envs/_base_task.py", line 90, in _init_task_env_
    self.setup_scene()
  File "/root/data/robot/work/RoboTwin-openwam-verified/envs/_base_task.py", line 210, in setup_scene
    self.renderer = sapien.SapienRenderer()
  File "/root/data/miniconda3/envs/robotwin-openwam/lib/python3.10/site-packages/sapien/wrapper/renderer.py", line 9, in __init__
    super().__init__()
RuntimeError: vk::PhysicalDevice::createDeviceUnique: ErrorExtensionNotPresent
[eval_policy_wrapper] expert check skipped seed=100236: RuntimeError
[eval_policy_wrapper] exception in beat_block_hammer.setup_demo
Traceback (most recent call last):
  File "/root/data/robot/OpenWAM/benchmarks/robotwin/eval_policy_wrapper.py", line 218, in wrapped
    return method(*args, **kwargs)
  File "/root/data/robot/work/RoboTwin-openwam-verified/envs/beat_block_hammer.py", line 10, in setup_demo
    super()._init_task_env_(**kwags)
  File "/root/data/robot/work/RoboTwin-openwam-verified/envs/_base_task.py", line 90, in _init_task_env_
    self.setup_scene()
  File "/root/data/robot/work/RoboTwin-openwam-verified/envs/_base_task.py", line 210, in setup_scene
    self.renderer = sapien.SapienRenderer()
  File "/root/data/miniconda3/envs/robotwin-openwam/lib/python3.10/site-packages/sapien/wrapper/renderer.py", line 9, in __init__
    super().__init__()
RuntimeError: vk::PhysicalDevice::createDeviceUnique: ErrorExtensionNotPresent
[eval_policy_wrapper] expert check skipped seed=100237: RuntimeError
[eval_policy_wrapper] exception in beat_block_hammer.setup_demo
Traceback (most recent call last):
  File "/root/data/robot/OpenWAM/benchmarks/robotwin/eval_policy_wrapper.py", line 218, in wrapped
    return method(*args, **kwargs)
  File "/root/data/robot/work/RoboTwin-openwam-verified/envs/beat_block_hammer.py", line 10, in setup_demo
    super()._init_task_env_(**kwags)
  File "/root/data/robot/work/RoboTwin-openwam-verified/envs/_base_task.py", line 90, in _init_task_env_
    self.setup_scene()
  File "/root/data/robot/work/RoboTwin-openwam-verified/envs/_base_task.py", line 210, in setup_scene
    self.renderer = sapien.SapienRenderer()
  File "/root/data/miniconda3/envs/robotwin-openwam/lib/python3.10/site-packages/sapien/wrapper/renderer.py", line 9, in __init__
    super().__init__()
RuntimeError: vk::PhysicalDevice::createDeviceUnique: ErrorExtensionNotPresent
[eval_policy_wrapper] expert check skipped seed=100238: RuntimeError
[eval_policy_wrapper] exception in beat_block_hammer.setup_demo
Traceback (most recent call last):
  File "/root/data/robot/OpenWAM/benchmarks/robotwin/eval_policy_wrapper.py", line 218, in wrapped
    return method(*args, **kwargs)
  File "/root/data/robot/work/RoboTwin-openwam-verified/envs/beat_block_hammer.py", line 10, in setup_demo
    super()._init_task_env_(**kwags)
  File "/root/data/robot/work/RoboTwin-openwam-verified/envs/_base_task.py", line 90, in _init_task_env_
    self.setup_scene()
  File "/root/data/robot/work/RoboTwin-openwam-verified/envs/_base_task.py", line 210, in setup_scene
    self.renderer = sapien.SapienRenderer()
  File "/root/data/miniconda3/envs/robotwin-openwam/lib/python3.10/site-packages/sapien/wrapper/renderer.py", line 9, in __init__
    super().__init__()
RuntimeError: vk::PhysicalDevice::createDeviceUnique: ErrorExtensionNotPresent
[eval_policy_wrapper] expert check skipped seed=100239: RuntimeError
[eval_policy_wrapper] exception in beat_block_hammer.setup_demo
Traceback (most recent call last):
  File "/root/data/robot/OpenWAM/benchmarks/robotwin/eval_policy_wrapper.py", line 218, in wrapped
    return method(*args, **kwargs)
  File "/root/data/robot/work/RoboTwin-openwam-verified/envs/beat_block_hammer.py", line 10, in setup_demo
    super()._init_task_env_(**kwags)
  File "/root/data/robot/work/RoboTwin-openwam-verified/envs/_base_task.py", line 90, in _init_task_env_
    self.setup_scene()
  File "/root/data/robot/work/RoboTwin-openwam-verified/envs/_base_task.py", line 210, in setup_scene
    self.renderer = sapien.SapienRenderer()
  File "/root/data/miniconda3/envs/robotwin-openwam/lib/python3.10/site-packages/sapien/wrapper/renderer.py", line 9, in __init__
    super().__init__()
RuntimeError: vk::PhysicalDevice::createDeviceUnique: ErrorExtensionNotPresent
[eval_policy_wrapper] expert check skipped seed=100240: RuntimeError
[eval_policy_wrapper] exception in beat_block_hammer.setup_demo
Traceback (most recent call last):
  File "/root/data/robot/OpenWAM/benchmarks/robotwin/eval_policy_wrapper.py", line 218, in wrapped
    return method(*args, **kwargs)
  File "/root/data/robot/work/RoboTwin-openwam-verified/envs/beat_block_hammer.py", line 10, in setup_demo
    super()._init_task_env_(**kwags)
  File "/root/data/robot/work/RoboTwin-openwam-verified/envs/_base_task.py", line 90, in _init_task_env_
    self.setup_scene()
  File "/root/data/robot/work/RoboTwin-openwam-verified/envs/_base_task.py", line 210, in setup_scene
    self.renderer = sapien.SapienRenderer()
  File "/root/data/miniconda3/envs/robotwin-openwam/lib/python3.10/site-packages/sapien/wrapper/renderer.py", line 9, in __init__
    super().__init__()
RuntimeError: vk::PhysicalDevice::createDeviceUnique: ErrorExtensionNotPresent
[eval_policy_wrapper] expert check skipped seed=100241: RuntimeError
[eval_policy_wrapper] exception in beat_block_hammer.setup_demo
Traceback (most recent call last):
  File "/root/data/robot/OpenWAM/benchmarks/robotwin/eval_policy_wrapper.py", line 218, in wrapped
    return method(*args, **kwargs)
  File "/root/data/robot/work/RoboTwin-openwam-verified/envs/beat_block_hammer.py", line 10, in setup_demo
    super()._init_task_env_(**kwags)
  File "/root/data/robot/work/RoboTwin-openwam-verified/envs/_base_task.py", line 90, in _init_task_env_
    self.setup_scene()
  File "/root/data/robot/work/RoboTwin-openwam-verified/envs/_base_task.py", line 210, in setup_scene
    self.renderer = sapien.SapienRenderer()
  File "/root/data/miniconda3/envs/robotwin-openwam/lib/python3.10/site-packages/sapien/wrapper/renderer.py", line 9, in __init__
    super().__init__()
RuntimeError: vk::PhysicalDevice::createDeviceUnique: ErrorExtensionNotPresent
[eval_policy_wrapper] expert check skipped seed=100242: RuntimeError
[eval_policy_wrapper] exception in beat_block_hammer.setup_demo
Traceback (most recent call last):
  File "/root/data/robot/OpenWAM/benchmarks/robotwin/eval_policy_wrapper.py", line 218, in wrapped
    return method(*args, **kwargs)
  File "/root/data/robot/work/RoboTwin-openwam-verified/envs/beat_block_hammer.py", line 10, in setup_demo
    super()._init_task_env_(**kwags)
  File "/root/data/robot/work/RoboTwin-openwam-verified/envs/_base_task.py", line 90, in _init_task_env_
    self.setup_scene()
  File "/root/data/robot/work/RoboTwin-openwam-verified/envs/_base_task.py", line 210, in setup_scene
    self.renderer = sapien.SapienRenderer()
  File "/root/data/miniconda3/envs/robotwin-openwam/lib/python3.10/site-packages/sapien/wrapper/renderer.py", line 9, in __init__
    super().__init__()
RuntimeError: vk::PhysicalDevice::createDeviceUnique: ErrorExtensionNotPresent
[eval_policy_wrapper] expert check skipped seed=100243: RuntimeError
[eval_policy_wrapper] exception in beat_block_hammer.setup_demo
Traceback (most recent call last):
  File "/root/data/robot/OpenWAM/benchmarks/robotwin/eval_policy_wrapper.py", line 218, in wrapped
    return method(*args, **kwargs)
  File "/root/data/robot/work/RoboTwin-openwam-verified/envs/beat_block_hammer.py", line 10, in setup_demo
    super()._init_task_env_(**kwags)
  File "/root/data/robot/work/RoboTwin-openwam-verified/envs/_base_task.py", line 90, in _init_task_env_
    self.setup_scene()
  File "/root/data/robot/work/RoboTwin-openwam-verified/envs/_base_task.py", line 210, in setup_scene
    self.renderer = sapien.SapienRenderer()
  File "/root/data/miniconda3/envs/robotwin-openwam/lib/python3.10/site-packages/sapien/wrapper/renderer.py", line 9, in __init__
    super().__init__()
RuntimeError: vk::PhysicalDevice::createDeviceUnique: ErrorExtensionNotPresent
[eval_policy_wrapper] expert check skipped seed=100244: RuntimeError
[eval_policy_wrapper] exception in beat_block_hammer.setup_demo
Traceback (most recent call last):
  File "/root/data/robot/OpenWAM/benchmarks/robotwin/eval_policy_wrapper.py", line 218, in wrapped
    return method(*args, **kwargs)
  File "/root/data/robot/work/RoboTwin-openwam-verified/envs/beat_block_hammer.py", line 10, in setup_demo
    super()._init_task_env_(**kwags)
  File "/root/data/robot/work/RoboTwin-openwam-verified/envs/_base_task.py", line 90, in _init_task_env_
    self.setup_scene()
  File "/root/data/robot/work/RoboTwin-openwam-verified/envs/_base_task.py", line 210, in setup_scene
    self.renderer = sapien.SapienRenderer()
  File "/root/data/miniconda3/envs/robotwin-openwam/lib/python3.10/site-packages/sapien/wrapper/renderer.py", line 9, in __init__
    super().__init__()
RuntimeError: vk::PhysicalDevice::createDeviceUnique: ErrorExtensionNotPresent
[eval_policy_wrapper] expert check skipped seed=100245: RuntimeError
[eval_policy_wrapper] exception in beat_block_hammer.setup_demo
Traceback (most recent call last):
  File "/root/data/robot/OpenWAM/benchmarks/robotwin/eval_policy_wrapper.py", line 218, in wrapped
    return method(*args, **kwargs)
  File "/root/data/robot/work/RoboTwin-openwam-verified/envs/beat_block_hammer.py", line 10, in setup_demo
    super()._init_task_env_(**kwags)
  File "/root/data/robot/work/RoboTwin-openwam-verified/envs/_base_task.py", line 90, in _init_task_env_
    self.setup_scene()
  File "/root/data/robot/work/RoboTwin-openwam-verified/envs/_base_task.py", line 210, in setup_scene
    self.renderer = sapien.SapienRenderer()
  File "/root/data/miniconda3/envs/robotwin-openwam/lib/python3.10/site-packages/sapien/wrapper/renderer.py", line 9, in __init__
    super().__init__()
RuntimeError: vk::PhysicalDevice::createDeviceUnique: ErrorExtensionNotPresent
[eval_policy_wrapper] expert check skipped seed=100246: RuntimeError
[eval_policy_wrapper] exception in beat_block_hammer.setup_demo
Traceback (most recent call last):
  File "/root/data/robot/OpenWAM/benchmarks/robotwin/eval_policy_wrapper.py", line 218, in wrapped
    return method(*args, **kwargs)
  File "/root/data/robot/work/RoboTwin-openwam-verified/envs/beat_block_hammer.py", line 10, in setup_demo
    super()._init_task_env_(**kwags)
  File "/root/data/robot/work/RoboTwin-openwam-verified/envs/_base_task.py", line 90, in _init_task_env_
    self.setup_scene()
  File "/root/data/robot/work/RoboTwin-openwam-verified/envs/_base_task.py", line 210, in setup_scene
    self.renderer = sapien.SapienRenderer()
  File "/root/data/miniconda3/envs/robotwin-openwam/lib/python3.10/site-packages/sapien/wrapper/renderer.py", line 9, in __init__
    super().__init__()
RuntimeError: vk::PhysicalDevice::createDeviceUnique: ErrorExtensionNotPresent
[eval_policy_wrapper] expert check skipped seed=100247: RuntimeError
[eval_policy_wrapper] exception in beat_block_hammer.setup_demo
Traceback (most recent call last):
  File "/root/data/robot/OpenWAM/benchmarks/robotwin/eval_policy_wrapper.py", line 218, in wrapped
    return method(*args, **kwargs)
  File "/root/data/robot/work/RoboTwin-openwam-verified/envs/beat_block_hammer.py", line 10, in setup_demo
    super()._init_task_env_(**kwags)
  File "/root/data/robot/work/RoboTwin-openwam-verified/envs/_base_task.py", line 90, in _init_task_env_
    self.setup_scene()
  File "/root/data/robot/work/RoboTwin-openwam-verified/envs/_base_task.py", line 210, in setup_scene
    self.renderer = sapien.SapienRenderer()
  File "/root/data/miniconda3/envs/robotwin-openwam/lib/python3.10/site-packages/sapien/wrapper/renderer.py", line 9, in __init__
    super().__init__()
RuntimeError: vk::PhysicalDevice::createDeviceUnique: ErrorExtensionNotPresent
[eval_policy_wrapper] expert check skipped seed=100248: RuntimeError
[eval_policy_wrapper] exception in beat_block_hammer.setup_demo
Traceback (most recent call last):
  File "/root/data/robot/OpenWAM/benchmarks/robotwin/eval_policy_wrapper.py", line 218, in wrapped
    return method(*args, **kwargs)
  File "/root/data/robot/work/RoboTwin-openwam-verified/envs/beat_block_hammer.py", line 10, in setup_demo
    super()._init_task_env_(**kwags)
  File "/root/data/robot/work/RoboTwin-openwam-verified/envs/_base_task.py", line 90, in _init_task_env_
    self.setup_scene()
  File "/root/data/robot/work/RoboTwin-openwam-verified/envs/_base_task.py", line 210, in setup_scene
    self.renderer = sapien.SapienRenderer()
  File "/root/data/miniconda3/envs/robotwin-openwam/lib/python3.10/site-packages/sapien/wrapper/renderer.py", line 9, in __init__
    super().__init__()
RuntimeError: vk::PhysicalDevice::createDeviceUnique: ErrorExtensionNotPresent
[eval_policy_wrapper] expert check skipped seed=100249: RuntimeError
[eval_policy_wrapper] exception in beat_block_hammer.setup_demo
Traceback (most recent call last):
  File "/root/data/robot/OpenWAM/benchmarks/robotwin/eval_policy_wrapper.py", line 218, in wrapped
    return method(*args, **kwargs)
  File "/root/data/robot/work/RoboTwin-openwam-verified/envs/beat_block_hammer.py", line 10, in setup_demo
    super()._init_task_env_(**kwags)
  File "/root/data/robot/work/RoboTwin-openwam-verified/envs/_base_task.py", line 90, in _init_task_env_
    self.setup_scene()
  File "/root/data/robot/work/RoboTwin-openwam-verified/envs/_base_task.py", line 210, in setup_scene
    self.renderer = sapien.SapienRenderer()
  File "/root/data/miniconda3/envs/robotwin-openwam/lib/python3.10/site-packages/sapien/wrapper/renderer.py", line 9, in __init__
    super().__init__()
RuntimeError: vk::PhysicalDevice::createDeviceUnique: ErrorExtensionNotPresent
[eval_policy_wrapper] expert check skipped seed=100250: RuntimeError
[eval_policy_wrapper] exception in beat_block_hammer.setup_demo
Traceback (most recent call last):
  File "/root/data/robot/OpenWAM/benchmarks/robotwin/eval_policy_wrapper.py", line 218, in wrapped
    return method(*args, **kwargs)
  File "/root/data/robot/work/RoboTwin-openwam-verified/envs/beat_block_hammer.py", line 10, in setup_demo
    super()._init_task_env_(**kwags)
  File "/root/data/robot/work/RoboTwin-openwam-verified/envs/_base_task.py", line 90, in _init_task_env_
    self.setup_scene()
  File "/root/data/robot/work/RoboTwin-openwam-verified/envs/_base_task.py", line 210, in setup_scene
    self.renderer = sapien.SapienRenderer()
  File "/root/data/miniconda3/envs/robotwin-openwam/lib/python3.10/site-packages/sapien/wrapper/renderer.py", line 9, in __init__
    super().__init__()
RuntimeError: vk::PhysicalDevice::createDeviceUnique: ErrorExtensionNotPresent
[eval_policy_wrapper] expert check skipped seed=100251: RuntimeError
[eval_policy_wrapper] exception in beat_block_hammer.setup_demo
Traceback (most recent call last):
  File "/root/data/robot/OpenWAM/benchmarks/robotwin/eval_policy_wrapper.py", line 218, in wrapped
    return method(*args, **kwargs)
  File "/root/data/robot/work/RoboTwin-openwam-verified/envs/beat_block_hammer.py", line 10, in setup_demo
    super()._init_task_env_(**kwags)
  File "/root/data/robot/work/RoboTwin-openwam-verified/envs/_base_task.py", line 90, in _init_task_env_
    self.setup_scene()
  File "/root/data/robot/work/RoboTwin-openwam-verified/envs/_base_task.py", line 210, in setup_scene
    self.renderer = sapien.SapienRenderer()
  File "/root/data/miniconda3/envs/robotwin-openwam/lib/python3.10/site-packages/sapien/wrapper/renderer.py", line 9, in __init__
    super().__init__()
RuntimeError: vk::PhysicalDevice::createDeviceUnique: ErrorExtensionNotPresent
[eval_policy_wrapper] expert check skipped seed=100252: RuntimeError
[eval_policy_wrapper] exception in beat_block_hammer.setup_demo
Traceback (most recent call last):
  File "/root/data/robot/OpenWAM/benchmarks/robotwin/eval_policy_wrapper.py", line 218, in wrapped
    return method(*args, **kwargs)
  File "/root/data/robot/work/RoboTwin-openwam-verified/envs/beat_block_hammer.py", line 10, in setup_demo
    super()._init_task_env_(**kwags)
  File "/root/data/robot/work/RoboTwin-openwam-verified/envs/_base_task.py", line 90, in _init_task_env_
    self.setup_scene()
  File "/root/data/robot/work/RoboTwin-openwam-verified/envs/_base_task.py", line 210, in setup_scene
    self.renderer = sapien.SapienRenderer()
  File "/root/data/miniconda3/envs/robotwin-openwam/lib/python3.10/site-packages/sapien/wrapper/renderer.py", line 9, in __init__
    super().__init__()
RuntimeError: vk::PhysicalDevice::createDeviceUnique: ErrorExtensionNotPresent
[eval_policy_wrapper] expert check skipped seed=100253: RuntimeError
[eval_policy_wrapper] exception in beat_block_hammer.setup_demo
Traceback (most recent call last):
  File "/root/data/robot/OpenWAM/benchmarks/robotwin/eval_policy_wrapper.py", line 218, in wrapped
    return method(*args, **kwargs)
  File "/root/data/robot/work/RoboTwin-openwam-verified/envs/beat_block_hammer.py", line 10, in setup_demo
    super()._init_task_env_(**kwags)
  File "/root/data/robot/work/RoboTwin-openwam-verified/envs/_base_task.py", line 90, in _init_task_env_
    self.setup_scene()
  File "/root/data/robot/work/RoboTwin-openwam-verified/envs/_base_task.py", line 210, in setup_scene
    self.renderer = sapien.SapienRenderer()
  File "/root/data/miniconda3/envs/robotwin-openwam/lib/python3.10/site-packages/sapien/wrapper/renderer.py", line 9, in __init__
    super().__init__()
RuntimeError: vk::PhysicalDevice::createDeviceUnique: ErrorExtensionNotPresent
[eval_policy_wrapper] expert check skipped seed=100254: RuntimeError
[eval_policy_wrapper] exception in beat_block_hammer.setup_demo
Traceback (most recent call last):
  File "/root/data/robot/OpenWAM/benchmarks/robotwin/eval_policy_wrapper.py", line 218, in wrapped
    return method(*args, **kwargs)
  File "/root/data/robot/work/RoboTwin-openwam-verified/envs/beat_block_hammer.py", line 10, in setup_demo
    super()._init_task_env_(**kwags)
  File "/root/data/robot/work/RoboTwin-openwam-verified/envs/_base_task.py", line 90, in _init_task_env_
    self.setup_scene()
  File "/root/data/robot/work/RoboTwin-openwam-verified/envs/_base_task.py", line 210, in setup_scene
    self.renderer = sapien.SapienRenderer()
  File "/root/data/miniconda3/envs/robotwin-openwam/lib/python3.10/site-packages/sapien/wrapper/renderer.py", line 9, in __init__
    super().__init__()
RuntimeError: vk::PhysicalDevice::createDeviceUnique: ErrorExtensionNotPresent
[eval_policy_wrapper] expert check skipped seed=100255: RuntimeError
[eval_policy_wrapper] exception in beat_block_hammer.setup_demo
Traceback (most recent call last):
  File "/root/data/robot/OpenWAM/benchmarks/robotwin/eval_policy_wrapper.py", line 218, in wrapped
    return method(*args, **kwargs)
  File "/root/data/robot/work/RoboTwin-openwam-verified/envs/beat_block_hammer.py", line 10, in setup_demo
    super()._init_task_env_(**kwags)
  File "/root/data/robot/work/RoboTwin-openwam-verified/envs/_base_task.py", line 90, in _init_task_env_
    self.setup_scene()
  File "/root/data/robot/work/RoboTwin-openwam-verified/envs/_base_task.py", line 210, in setup_scene
    self.renderer = sapien.SapienRenderer()
  File "/root/data/miniconda3/envs/robotwin-openwam/lib/python3.10/site-packages/sapien/wrapper/renderer.py", line 9, in __init__
    super().__init__()
RuntimeError: vk::PhysicalDevice::createDeviceUnique: ErrorExtensionNotPresent
[eval_policy_wrapper] expert check skipped seed=100256: RuntimeError
[eval_policy_wrapper] exception in beat_block_hammer.setup_demo
Traceback (most recent call last):
  File "/root/data/robot/OpenWAM/benchmarks/robotwin/eval_policy_wrapper.py", line 218, in wrapped
    return method(*args, **kwargs)
  File "/root/data/robot/work/RoboTwin-openwam-verified/envs/beat_block_hammer.py", line 10, in setup_demo
    super()._init_task_env_(**kwags)
  File "/root/data/robot/work/RoboTwin-openwam-verified/envs/_base_task.py", line 90, in _init_task_env_
    self.setup_scene()
  File "/root/data/robot/work/RoboTwin-openwam-verified/envs/_base_task.py", line 210, in setup_scene
    self.renderer = sapien.SapienRenderer()
  File "/root/data/miniconda3/envs/robotwin-openwam/lib/python3.10/site-packages/sapien/wrapper/renderer.py", line 9, in __init__
    super().__init__()
RuntimeError: vk::PhysicalDevice::createDeviceUnique: ErrorExtensionNotPresent
[eval_policy_wrapper] expert check skipped seed=100257: RuntimeError
[eval_policy_wrapper] exception in beat_block_hammer.setup_demo
Traceback (most recent call last):
  File "/root/data/robot/OpenWAM/benchmarks/robotwin/eval_policy_wrapper.py", line 218, in wrapped
    return method(*args, **kwargs)
  File "/root/data/robot/work/RoboTwin-openwam-verified/envs/beat_block_hammer.py", line 10, in setup_demo
    super()._init_task_env_(**kwags)
  File "/root/data/robot/work/RoboTwin-openwam-verified/envs/_base_task.py", line 90, in _init_task_env_
    self.setup_scene()
  File "/root/data/robot/work/RoboTwin-openwam-verified/envs/_base_task.py", line 210, in setup_scene
    self.renderer = sapien.SapienRenderer()
  File "/root/data/miniconda3/envs/robotwin-openwam/lib/python3.10/site-packages/sapien/wrapper/renderer.py", line 9, in __init__
    super().__init__()
RuntimeError: vk::PhysicalDevice::createDeviceUnique: ErrorExtensionNotPresent
[eval_policy_wrapper] expert check skipped seed=100258: RuntimeError
[eval_policy_wrapper] exception in beat_block_hammer.setup_demo
Traceback (most recent call last):
  File "/root/data/robot/OpenWAM/benchmarks/robotwin/eval_policy_wrapper.py", line 218, in wrapped
    return method(*args, **kwargs)
  File "/root/data/robot/work/RoboTwin-openwam-verified/envs/beat_block_hammer.py", line 10, in setup_demo
    super()._init_task_env_(**kwags)
  File "/root/data/robot/work/RoboTwin-openwam-verified/envs/_base_task.py", line 90, in _init_task_env_
    self.setup_scene()
  File "/root/data/robot/work/RoboTwin-openwam-verified/envs/_base_task.py", line 210, in setup_scene
    self.renderer = sapien.SapienRenderer()
  File "/root/data/miniconda3/envs/robotwin-openwam/lib/python3.10/site-packages/sapien/wrapper/renderer.py", line 9, in __init__
    super().__init__()
RuntimeError: vk::PhysicalDevice::createDeviceUnique: ErrorExtensionNotPresent
[eval_policy_wrapper] expert check skipped seed=100259: RuntimeError
[eval_policy_wrapper] exception in beat_block_hammer.setup_demo
Traceback (most recent call last):
  File "/root/data/robot/OpenWAM/benchmarks/robotwin/eval_policy_wrapper.py", line 218, in wrapped
    return method(*args, **kwargs)
  File "/root/data/robot/work/RoboTwin-openwam-verified/envs/beat_block_hammer.py", line 10, in setup_demo
    super()._init_task_env_(**kwags)
  File "/root/data/robot/work/RoboTwin-openwam-verified/envs/_base_task.py", line 90, in _init_task_env_
    self.setup_scene()
  File "/root/data/robot/work/RoboTwin-openwam-verified/envs/_base_task.py", line 210, in setup_scene
    self.renderer = sapien.SapienRenderer()
  File "/root/data/miniconda3/envs/robotwin-openwam/lib/python3.10/site-packages/sapien/wrapper/renderer.py", line 9, in __init__
    super().__init__()
RuntimeError: vk::PhysicalDevice::createDeviceUnique: ErrorExtensionNotPresent
[eval_policy_wrapper] expert check skipped seed=100260: RuntimeError
[eval_policy_wrapper] exception in beat_block_hammer.setup_demo
Traceback (most recent call last):
  File "/root/data/robot/OpenWAM/benchmarks/robotwin/eval_policy_wrapper.py", line 218, in wrapped
    return method(*args, **kwargs)
  File "/root/data/robot/work/RoboTwin-openwam-verified/envs/beat_block_hammer.py", line 10, in setup_demo
    super()._init_task_env_(**kwags)
  File "/root/data/robot/work/RoboTwin-openwam-verified/envs/_base_task.py", line 90, in _init_task_env_
    self.setup_scene()
  File "/root/data/robot/work/RoboTwin-openwam-verified/envs/_base_task.py", line 210, in setup_scene
    self.renderer = sapien.SapienRenderer()
  File "/root/data/miniconda3/envs/robotwin-openwam/lib/python3.10/site-packages/sapien/wrapper/renderer.py", line 9, in __init__
    super().__init__()
RuntimeError: vk::PhysicalDevice::createDeviceUnique: ErrorExtensionNotPresent
[eval_policy_wrapper] expert check skipped seed=100261: RuntimeError
[eval_policy_wrapper] exception in beat_block_hammer.setup_demo
Traceback (most recent call last):
  File "/root/data/robot/OpenWAM/benchmarks/robotwin/eval_policy_wrapper.py", line 218, in wrapped
    return method(*args, **kwargs)
  File "/root/data/robot/work/RoboTwin-openwam-verified/envs/beat_block_hammer.py", line 10, in setup_demo
    super()._init_task_env_(**kwags)
  File "/root/data/robot/work/RoboTwin-openwam-verified/envs/_base_task.py", line 90, in _init_task_env_
    self.setup_scene()
  File "/root/data/robot/work/RoboTwin-openwam-verified/envs/_base_task.py", line 210, in setup_scene
    self.renderer = sapien.SapienRenderer()
  File "/root/data/miniconda3/envs/robotwin-openwam/lib/python3.10/site-packages/sapien/wrapper/renderer.py", line 9, in __init__
    super().__init__()
RuntimeError: vk::PhysicalDevice::createDeviceUnique: ErrorExtensionNotPresent
[eval_policy_wrapper] expert check skipped seed=100262: RuntimeError
[eval_policy_wrapper] exception in beat_block_hammer.setup_demo
Traceback (most recent call last):
  File "/root/data/robot/OpenWAM/benchmarks/robotwin/eval_policy_wrapper.py", line 218, in wrapped
    return method(*args, **kwargs)
  File "/root/data/robot/work/RoboTwin-openwam-verified/envs/beat_block_hammer.py", line 10, in setup_demo
    super()._init_task_env_(**kwags)
  File "/root/data/robot/work/RoboTwin-openwam-verified/envs/_base_task.py", line 90, in _init_task_env_
    self.setup_scene()
  File "/root/data/robot/work/RoboTwin-openwam-verified/envs/_base_task.py", line 210, in setup_scene
    self.renderer = sapien.SapienRenderer()
  File "/root/data/miniconda3/envs/robotwin-openwam/lib/python3.10/site-packages/sapien/wrapper/renderer.py", line 9, in __init__
    super().__init__()
RuntimeError: vk::PhysicalDevice::createDeviceUnique: ErrorExtensionNotPresent
[eval_policy_wrapper] expert check skipped seed=100263: RuntimeError
[eval_policy_wrapper] exception in beat_block_hammer.setup_demo
Traceback (most recent call last):
  File "/root/data/robot/OpenWAM/benchmarks/robotwin/eval_policy_wrapper.py", line 218, in wrapped
    return method(*args, **kwargs)
  File "/root/data/robot/work/RoboTwin-openwam-verified/envs/beat_block_hammer.py", line 10, in setup_demo
    super()._init_task_env_(**kwags)
  File "/root/data/robot/work/RoboTwin-openwam-verified/envs/_base_task.py", line 90, in _init_task_env_
    self.setup_scene()
  File "/root/data/robot/work/RoboTwin-openwam-verified/envs/_base_task.py", line 210, in setup_scene
    self.renderer = sapien.SapienRenderer()
  File "/root/data/miniconda3/envs/robotwin-openwam/lib/python3.10/site-packages/sapien/wrapper/renderer.py", line 9, in __init__
    super().__init__()
RuntimeError: vk::PhysicalDevice::createDeviceUnique: ErrorExtensionNotPresent
[eval_policy_wrapper] expert check skipped seed=100264: RuntimeError
[eval_policy_wrapper] exception in beat_block_hammer.setup_demo
Traceback (most recent call last):
  File "/root/data/robot/OpenWAM/benchmarks/robotwin/eval_policy_wrapper.py", line 218, in wrapped
    return method(*args, **kwargs)
  File "/root/data/robot/work/RoboTwin-openwam-verified/envs/beat_block_hammer.py", line 10, in setup_demo
    super()._init_task_env_(**kwags)
  File "/root/data/robot/work/RoboTwin-openwam-verified/envs/_base_task.py", line 90, in _init_task_env_
    self.setup_scene()
  File "/root/data/robot/work/RoboTwin-openwam-verified/envs/_base_task.py", line 210, in setup_scene
    self.renderer = sapien.SapienRenderer()
  File "/root/data/miniconda3/envs/robotwin-openwam/lib/python3.10/site-packages/sapien/wrapper/renderer.py", line 9, in __init__
    super().__init__()
RuntimeError: vk::PhysicalDevice::createDeviceUnique: ErrorExtensionNotPresent
[eval_policy_wrapper] expert check skipped seed=100265: RuntimeError
[eval_policy_wrapper] exception in beat_block_hammer.setup_demo
Traceback (most recent call last):
  File "/root/data/robot/OpenWAM/benchmarks/robotwin/eval_policy_wrapper.py", line 218, in wrapped
    return method(*args, **kwargs)
  File "/root/data/robot/work/RoboTwin-openwam-verified/envs/beat_block_hammer.py", line 10, in setup_demo
    super()._init_task_env_(**kwags)
  File "/root/data/robot/work/RoboTwin-openwam-verified/envs/_base_task.py", line 90, in _init_task_env_
    self.setup_scene()
  File "/root/data/robot/work/RoboTwin-openwam-verified/envs/_base_task.py", line 210, in setup_scene
    self.renderer = sapien.SapienRenderer()
  File "/root/data/miniconda3/envs/robotwin-openwam/lib/python3.10/site-packages/sapien/wrapper/renderer.py", line 9, in __init__
    super().__init__()
RuntimeError: vk::PhysicalDevice::createDeviceUnique: ErrorExtensionNotPresent
[eval_policy_wrapper] expert check skipped seed=100266: RuntimeError
[eval_policy_wrapper] exception in beat_block_hammer.setup_demo
Traceback (most recent call last):
  File "/root/data/robot/OpenWAM/benchmarks/robotwin/eval_policy_wrapper.py", line 218, in wrapped
    return method(*args, **kwargs)
  File "/root/data/robot/work/RoboTwin-openwam-verified/envs/beat_block_hammer.py", line 10, in setup_demo
    super()._init_task_env_(**kwags)
  File "/root/data/robot/work/RoboTwin-openwam-verified/envs/_base_task.py", line 90, in _init_task_env_
    self.setup_scene()
  File "/root/data/robot/work/RoboTwin-openwam-verified/envs/_base_task.py", line 210, in setup_scene
    self.renderer = sapien.SapienRenderer()
  File "/root/data/miniconda3/envs/robotwin-openwam/lib/python3.10/site-packages/sapien/wrapper/renderer.py", line 9, in __init__
    super().__init__()
RuntimeError: vk::PhysicalDevice::createDeviceUnique: ErrorExtensionNotPresent
[eval_policy_wrapper] expert check skipped seed=100267: RuntimeError
[eval_policy_wrapper] exception in beat_block_hammer.setup_demo
Traceback (most recent call last):
  File "/root/data/robot/OpenWAM/benchmarks/robotwin/eval_policy_wrapper.py", line 218, in wrapped
    return method(*args, **kwargs)
  File "/root/data/robot/work/RoboTwin-openwam-verified/envs/beat_block_hammer.py", line 10, in setup_demo
    super()._init_task_env_(**kwags)
  File "/root/data/robot/work/RoboTwin-openwam-verified/envs/_base_task.py", line 90, in _init_task_env_
    self.setup_scene()
  File "/root/data/robot/work/RoboTwin-openwam-verified/envs/_base_task.py", line 210, in setup_scene
    self.renderer = sapien.SapienRenderer()
  File "/root/data/miniconda3/envs/robotwin-openwam/lib/python3.10/site-packages/sapien/wrapper/renderer.py", line 9, in __init__
    super().__init__()
RuntimeError: vk::PhysicalDevice::createDeviceUnique: ErrorExtensionNotPresent
[eval_policy_wrapper] expert check skipped seed=100268: RuntimeError
[eval_policy_wrapper] exception in beat_block_hammer.setup_demo
Traceback (most recent call last):
  File "/root/data/robot/OpenWAM/benchmarks/robotwin/eval_policy_wrapper.py", line 218, in wrapped
    return method(*args, **kwargs)
  File "/root/data/robot/work/RoboTwin-openwam-verified/envs/beat_block_hammer.py", line 10, in setup_demo
    super()._init_task_env_(**kwags)
  File "/root/data/robot/work/RoboTwin-openwam-verified/envs/_base_task.py", line 90, in _init_task_env_
    self.setup_scene()
  File "/root/data/robot/work/RoboTwin-openwam-verified/envs/_base_task.py", line 210, in setup_scene
    self.renderer = sapien.SapienRenderer()
  File "/root/data/miniconda3/envs/robotwin-openwam/lib/python3.10/site-packages/sapien/wrapper/renderer.py", line 9, in __init__
    super().__init__()
RuntimeError: vk::PhysicalDevice::createDeviceUnique: ErrorExtensionNotPresent
[eval_policy_wrapper] expert check skipped seed=100269: RuntimeError
[eval_policy_wrapper] exception in beat_block_hammer.setup_demo
Traceback (most recent call last):
  File "/root/data/robot/OpenWAM/benchmarks/robotwin/eval_policy_wrapper.py", line 218, in wrapped
    return method(*args, **kwargs)
  File "/root/data/robot/work/RoboTwin-openwam-verified/envs/beat_block_hammer.py", line 10, in setup_demo
    super()._init_task_env_(**kwags)
  File "/root/data/robot/work/RoboTwin-openwam-verified/envs/_base_task.py", line 90, in _init_task_env_
    self.setup_scene()
  File "/root/data/robot/work/RoboTwin-openwam-verified/envs/_base_task.py", line 210, in setup_scene
    self.renderer = sapien.SapienRenderer()
  File "/root/data/miniconda3/envs/robotwin-openwam/lib/python3.10/site-packages/sapien/wrapper/renderer.py", line 9, in __init__
    super().__init__()
RuntimeError: vk::PhysicalDevice::createDeviceUnique: ErrorExtensionNotPresent
[eval_policy_wrapper] expert check skipped seed=100270: RuntimeError
[eval_policy_wrapper] exception in beat_block_hammer.setup_demo
Traceback (most recent call last):
  File "/root/data/robot/OpenWAM/benchmarks/robotwin/eval_policy_wrapper.py", line 218, in wrapped
    return method(*args, **kwargs)
  File "/root/data/robot/work/RoboTwin-openwam-verified/envs/beat_block_hammer.py", line 10, in setup_demo
    super()._init_task_env_(**kwags)
  File "/root/data/robot/work/RoboTwin-openwam-verified/envs/_base_task.py", line 90, in _init_task_env_
    self.setup_scene()
  File "/root/data/robot/work/RoboTwin-openwam-verified/envs/_base_task.py", line 210, in setup_scene
    self.renderer = sapien.SapienRenderer()
  File "/root/data/miniconda3/envs/robotwin-openwam/lib/python3.10/site-packages/sapien/wrapper/renderer.py", line 9, in __init__
    super().__init__()
RuntimeError: vk::PhysicalDevice::createDeviceUnique: ErrorExtensionNotPresent
[eval_policy_wrapper] expert check skipped seed=100271: RuntimeError
[eval_policy_wrapper] exception in beat_block_hammer.setup_demo
Traceback (most recent call last):
  File "/root/data/robot/OpenWAM/benchmarks/robotwin/eval_policy_wrapper.py", line 218, in wrapped
    return method(*args, **kwargs)
  File "/root/data/robot/work/RoboTwin-openwam-verified/envs/beat_block_hammer.py", line 10, in setup_demo
    super()._init_task_env_(**kwags)
  File "/root/data/robot/work/RoboTwin-openwam-verified/envs/_base_task.py", line 90, in _init_task_env_
    self.setup_scene()
  File "/root/data/robot/work/RoboTwin-openwam-verified/envs/_base_task.py", line 210, in setup_scene
    self.renderer = sapien.SapienRenderer()
  File "/root/data/miniconda3/envs/robotwin-openwam/lib/python3.10/site-packages/sapien/wrapper/renderer.py", line 9, in __init__
    super().__init__()
RuntimeError: vk::PhysicalDevice::createDeviceUnique: ErrorExtensionNotPresent
[eval_policy_wrapper] expert check skipped seed=100272: RuntimeError
[eval_policy_wrapper] exception in beat_block_hammer.setup_demo
Traceback (most recent call last):
  File "/root/data/robot/OpenWAM/benchmarks/robotwin/eval_policy_wrapper.py", line 218, in wrapped
    return method(*args, **kwargs)
  File "/root/data/robot/work/RoboTwin-openwam-verified/envs/beat_block_hammer.py", line 10, in setup_demo
    super()._init_task_env_(**kwags)
  File "/root/data/robot/work/RoboTwin-openwam-verified/envs/_base_task.py", line 90, in _init_task_env_
    self.setup_scene()
  File "/root/data/robot/work/RoboTwin-openwam-verified/envs/_base_task.py", line 210, in setup_scene
    self.renderer = sapien.SapienRenderer()
  File "/root/data/miniconda3/envs/robotwin-openwam/lib/python3.10/site-packages/sapien/wrapper/renderer.py", line 9, in __init__
    super().__init__()
RuntimeError: vk::PhysicalDevice::createDeviceUnique: ErrorExtensionNotPresent
[eval_policy_wrapper] expert check skipped seed=100273: RuntimeError
[eval_policy_wrapper] exception in beat_block_hammer.setup_demo
Traceback (most recent call last):
  File "/root/data/robot/OpenWAM/benchmarks/robotwin/eval_policy_wrapper.py", line 218, in wrapped
    return method(*args, **kwargs)
  File "/root/data/robot/work/RoboTwin-openwam-verified/envs/beat_block_hammer.py", line 10, in setup_demo
    super()._init_task_env_(**kwags)
  File "/root/data/robot/work/RoboTwin-openwam-verified/envs/_base_task.py", line 90, in _init_task_env_
    self.setup_scene()
  File "/root/data/robot/work/RoboTwin-openwam-verified/envs/_base_task.py", line 210, in setup_scene
    self.renderer = sapien.SapienRenderer()
  File "/root/data/miniconda3/envs/robotwin-openwam/lib/python3.10/site-packages/sapien/wrapper/renderer.py", line 9, in __init__
    super().__init__()
RuntimeError: vk::PhysicalDevice::createDeviceUnique: ErrorExtensionNotPresent
[eval_policy_wrapper] expert check skipped seed=100274: RuntimeError
[eval_policy_wrapper] exception in beat_block_hammer.setup_demo
Traceback (most recent call last):
  File "/root/data/robot/OpenWAM/benchmarks/robotwin/eval_policy_wrapper.py", line 218, in wrapped
    return method(*args, **kwargs)
  File "/root/data/robot/work/RoboTwin-openwam-verified/envs/beat_block_hammer.py", line 10, in setup_demo
    super()._init_task_env_(**kwags)
  File "/root/data/robot/work/RoboTwin-openwam-verified/envs/_base_task.py", line 90, in _init_task_env_
    self.setup_scene()
  File "/root/data/robot/work/RoboTwin-openwam-verified/envs/_base_task.py", line 210, in setup_scene
    self.renderer = sapien.SapienRenderer()
  File "/root/data/miniconda3/envs/robotwin-openwam/lib/python3.10/site-packages/sapien/wrapper/renderer.py", line 9, in __init__
    super().__init__()
RuntimeError: vk::PhysicalDevice::createDeviceUnique: ErrorExtensionNotPresent
[eval_policy_wrapper] expert check skipped seed=100275: RuntimeError
[eval_policy_wrapper] exception in beat_block_hammer.setup_demo
Traceback (most recent call last):
  File "/root/data/robot/OpenWAM/benchmarks/robotwin/eval_policy_wrapper.py", line 218, in wrapped
    return method(*args, **kwargs)
  File "/root/data/robot/work/RoboTwin-openwam-verified/envs/beat_block_hammer.py", line 10, in setup_demo
    super()._init_task_env_(**kwags)
  File "/root/data/robot/work/RoboTwin-openwam-verified/envs/_base_task.py", line 90, in _init_task_env_
    self.setup_scene()
  File "/root/data/robot/work/RoboTwin-openwam-verified/envs/_base_task.py", line 210, in setup_scene
    self.renderer = sapien.SapienRenderer()
  File "/root/data/miniconda3/envs/robotwin-openwam/lib/python3.10/site-packages/sapien/wrapper/renderer.py", line 9, in __init__
    super().__init__()
RuntimeError: vk::PhysicalDevice::createDeviceUnique: ErrorExtensionNotPresent
[eval_policy_wrapper] expert check skipped seed=100276: RuntimeError
[eval_policy_wrapper] exception in beat_block_hammer.setup_demo
Traceback (most recent call last):
  File "/root/data/robot/OpenWAM/benchmarks/robotwin/eval_policy_wrapper.py", line 218, in wrapped
    return method(*args, **kwargs)
  File "/root/data/robot/work/RoboTwin-openwam-verified/envs/beat_block_hammer.py", line 10, in setup_demo
    super()._init_task_env_(**kwags)
  File "/root/data/robot/work/RoboTwin-openwam-verified/envs/_base_task.py", line 90, in _init_task_env_
    self.setup_scene()
  File "/root/data/robot/work/RoboTwin-openwam-verified/envs/_base_task.py", line 210, in setup_scene
    self.renderer = sapien.SapienRenderer()
  File "/root/data/miniconda3/envs/robotwin-openwam/lib/python3.10/site-packages/sapien/wrapper/renderer.py", line 9, in __init__
    super().__init__()
RuntimeError: vk::PhysicalDevice::createDeviceUnique: ErrorExtensionNotPresent
[eval_policy_wrapper] expert check skipped seed=100277: RuntimeError
[eval_policy_wrapper] exception in beat_block_hammer.setup_demo
Traceback (most recent call last):
  File "/root/data/robot/OpenWAM/benchmarks/robotwin/eval_policy_wrapper.py", line 218, in wrapped
    return method(*args, **kwargs)
  File "/root/data/robot/work/RoboTwin-openwam-verified/envs/beat_block_hammer.py", line 10, in setup_demo
    super()._init_task_env_(**kwags)
  File "/root/data/robot/work/RoboTwin-openwam-verified/envs/_base_task.py", line 90, in _init_task_env_
    self.setup_scene()
  File "/root/data/robot/work/RoboTwin-openwam-verified/envs/_base_task.py", line 210, in setup_scene
    self.renderer = sapien.SapienRenderer()
  File "/root/data/miniconda3/envs/robotwin-openwam/lib/python3.10/site-packages/sapien/wrapper/renderer.py", line 9, in __init__
    super().__init__()
RuntimeError: vk::PhysicalDevice::createDeviceUnique: ErrorExtensionNotPresent
[eval_policy_wrapper] expert check skipped seed=100278: RuntimeError
[eval_policy_wrapper] exception in beat_block_hammer.setup_demo
Traceback (most recent call last):
  File "/root/data/robot/OpenWAM/benchmarks/robotwin/eval_policy_wrapper.py", line 218, in wrapped
    return method(*args, **kwargs)
  File "/root/data/robot/work/RoboTwin-openwam-verified/envs/beat_block_hammer.py", line 10, in setup_demo
    super()._init_task_env_(**kwags)
  File "/root/data/robot/work/RoboTwin-openwam-verified/envs/_base_task.py", line 90, in _init_task_env_
    self.setup_scene()
  File "/root/data/robot/work/RoboTwin-openwam-verified/envs/_base_task.py", line 210, in setup_scene
    self.renderer = sapien.SapienRenderer()
  File "/root/data/miniconda3/envs/robotwin-openwam/lib/python3.10/site-packages/sapien/wrapper/renderer.py", line 9, in __init__
    super().__init__()
RuntimeError: vk::PhysicalDevice::createDeviceUnique: ErrorExtensionNotPresent
[eval_policy_wrapper] expert check skipped seed=100279: RuntimeError
[eval_policy_wrapper] exception in beat_block_hammer.setup_demo
Traceback (most recent call last):
  File "/root/data/robot/OpenWAM/benchmarks/robotwin/eval_policy_wrapper.py", line 218, in wrapped
    return method(*args, **kwargs)
  File "/root/data/robot/work/RoboTwin-openwam-verified/envs/beat_block_hammer.py", line 10, in setup_demo
    super()._init_task_env_(**kwags)
  File "/root/data/robot/work/RoboTwin-openwam-verified/envs/_base_task.py", line 90, in _init_task_env_
    self.setup_scene()
  File "/root/data/robot/work/RoboTwin-openwam-verified/envs/_base_task.py", line 210, in setup_scene
    self.renderer = sapien.SapienRenderer()
  File "/root/data/miniconda3/envs/robotwin-openwam/lib/python3.10/site-packages/sapien/wrapper/renderer.py", line 9, in __init__
    super().__init__()
RuntimeError: vk::PhysicalDevice::createDeviceUnique: ErrorExtensionNotPresent
[eval_policy_wrapper] expert check skipped seed=100280: RuntimeError
[eval_policy_wrapper] exception in beat_block_hammer.setup_demo
Traceback (most recent call last):
  File "/root/data/robot/OpenWAM/benchmarks/robotwin/eval_policy_wrapper.py", line 218, in wrapped
    return method(*args, **kwargs)
  File "/root/data/robot/work/RoboTwin-openwam-verified/envs/beat_block_hammer.py", line 10, in setup_demo
    super()._init_task_env_(**kwags)
  File "/root/data/robot/work/RoboTwin-openwam-verified/envs/_base_task.py", line 90, in _init_task_env_
    self.setup_scene()
  File "/root/data/robot/work/RoboTwin-openwam-verified/envs/_base_task.py", line 210, in setup_scene
    self.renderer = sapien.SapienRenderer()
  File "/root/data/miniconda3/envs/robotwin-openwam/lib/python3.10/site-packages/sapien/wrapper/renderer.py", line 9, in __init__
    super().__init__()
RuntimeError: vk::PhysicalDevice::createDeviceUnique: ErrorExtensionNotPresent
[eval_policy_wrapper] expert check skipped seed=100281: RuntimeError
[eval_policy_wrapper] exception in beat_block_hammer.setup_demo
Traceback (most recent call last):
  File "/root/data/robot/OpenWAM/benchmarks/robotwin/eval_policy_wrapper.py", line 218, in wrapped
    return method(*args, **kwargs)
  File "/root/data/robot/work/RoboTwin-openwam-verified/envs/beat_block_hammer.py", line 10, in setup_demo
    super()._init_task_env_(**kwags)
  File "/root/data/robot/work/RoboTwin-openwam-verified/envs/_base_task.py", line 90, in _init_task_env_
    self.setup_scene()
  File "/root/data/robot/work/RoboTwin-openwam-verified/envs/_base_task.py", line 210, in setup_scene
    self.renderer = sapien.SapienRenderer()
  File "/root/data/miniconda3/envs/robotwin-openwam/lib/python3.10/site-packages/sapien/wrapper/renderer.py", line 9, in __init__
    super().__init__()
RuntimeError: vk::PhysicalDevice::createDeviceUnique: ErrorExtensionNotPresent
[eval_policy_wrapper] expert check skipped seed=100282: RuntimeError
[eval_policy_wrapper] exception in beat_block_hammer.setup_demo
Traceback (most recent call last):
  File "/root/data/robot/OpenWAM/benchmarks/robotwin/eval_policy_wrapper.py", line 218, in wrapped
    return method(*args, **kwargs)
  File "/root/data/robot/work/RoboTwin-openwam-verified/envs/beat_block_hammer.py", line 10, in setup_demo
    super()._init_task_env_(**kwags)
  File "/root/data/robot/work/RoboTwin-openwam-verified/envs/_base_task.py", line 90, in _init_task_env_
    self.setup_scene()
  File "/root/data/robot/work/RoboTwin-openwam-verified/envs/_base_task.py", line 210, in setup_scene
    self.renderer = sapien.SapienRenderer()
  File "/root/data/miniconda3/envs/robotwin-openwam/lib/python3.10/site-packages/sapien/wrapper/renderer.py", line 9, in __init__
    super().__init__()
RuntimeError: vk::PhysicalDevice::createDeviceUnique: ErrorExtensionNotPresent
[eval_policy_wrapper] expert check skipped seed=100283: RuntimeError
[eval_policy_wrapper] exception in beat_block_hammer.setup_demo
Traceback (most recent call last):
  File "/root/data/robot/OpenWAM/benchmarks/robotwin/eval_policy_wrapper.py", line 218, in wrapped
    return method(*args, **kwargs)
  File "/root/data/robot/work/RoboTwin-openwam-verified/envs/beat_block_hammer.py", line 10, in setup_demo
    super()._init_task_env_(**kwags)
  File "/root/data/robot/work/RoboTwin-openwam-verified/envs/_base_task.py", line 90, in _init_task_env_
    self.setup_scene()
  File "/root/data/robot/work/RoboTwin-openwam-verified/envs/_base_task.py", line 210, in setup_scene
    self.renderer = sapien.SapienRenderer()
  File "/root/data/miniconda3/envs/robotwin-openwam/lib/python3.10/site-packages/sapien/wrapper/renderer.py", line 9, in __init__
    super().__init__()
RuntimeError: vk::PhysicalDevice::createDeviceUnique: ErrorExtensionNotPresent
[eval_policy_wrapper] expert check skipped seed=100284: RuntimeError
[eval_policy_wrapper] exception in beat_block_hammer.setup_demo
Traceback (most recent call last):
  File "/root/data/robot/OpenWAM/benchmarks/robotwin/eval_policy_wrapper.py", line 218, in wrapped
    return method(*args, **kwargs)
  File "/root/data/robot/work/RoboTwin-openwam-verified/envs/beat_block_hammer.py", line 10, in setup_demo
    super()._init_task_env_(**kwags)
  File "/root/data/robot/work/RoboTwin-openwam-verified/envs/_base_task.py", line 90, in _init_task_env_
    self.setup_scene()
  File "/root/data/robot/work/RoboTwin-openwam-verified/envs/_base_task.py", line 210, in setup_scene
    self.renderer = sapien.SapienRenderer()
  File "/root/data/miniconda3/envs/robotwin-openwam/lib/python3.10/site-packages/sapien/wrapper/renderer.py", line 9, in __init__
    super().__init__()
RuntimeError: vk::PhysicalDevice::createDeviceUnique: ErrorExtensionNotPresent
[eval_policy_wrapper] expert check skipped seed=100285: RuntimeError
[eval_policy_wrapper] exception in beat_block_hammer.setup_demo
Traceback (most recent call last):
  File "/root/data/robot/OpenWAM/benchmarks/robotwin/eval_policy_wrapper.py", line 218, in wrapped
    return method(*args, **kwargs)
  File "/root/data/robot/work/RoboTwin-openwam-verified/envs/beat_block_hammer.py", line 10, in setup_demo
    super()._init_task_env_(**kwags)
  File "/root/data/robot/work/RoboTwin-openwam-verified/envs/_base_task.py", line 90, in _init_task_env_
    self.setup_scene()
  File "/root/data/robot/work/RoboTwin-openwam-verified/envs/_base_task.py", line 210, in setup_scene
    self.renderer = sapien.SapienRenderer()
  File "/root/data/miniconda3/envs/robotwin-openwam/lib/python3.10/site-packages/sapien/wrapper/renderer.py", line 9, in __init__
    super().__init__()
RuntimeError: vk::PhysicalDevice::createDeviceUnique: ErrorExtensionNotPresent
[eval_policy_wrapper] expert check skipped seed=100286: RuntimeError
[eval_policy_wrapper] exception in beat_block_hammer.setup_demo
Traceback (most recent call last):
  File "/root/data/robot/OpenWAM/benchmarks/robotwin/eval_policy_wrapper.py", line 218, in wrapped
    return method(*args, **kwargs)
  File "/root/data/robot/work/RoboTwin-openwam-verified/envs/beat_block_hammer.py", line 10, in setup_demo
    super()._init_task_env_(**kwags)
  File "/root/data/robot/work/RoboTwin-openwam-verified/envs/_base_task.py", line 90, in _init_task_env_
    self.setup_scene()
  File "/root/data/robot/work/RoboTwin-openwam-verified/envs/_base_task.py", line 210, in setup_scene
    self.renderer = sapien.SapienRenderer()
  File "/root/data/miniconda3/envs/robotwin-openwam/lib/python3.10/site-packages/sapien/wrapper/renderer.py", line 9, in __init__
    super().__init__()
RuntimeError: vk::PhysicalDevice::createDeviceUnique: ErrorExtensionNotPresent
[eval_policy_wrapper] expert check skipped seed=100287: RuntimeError
[eval_policy_wrapper] exception in beat_block_hammer.setup_demo
Traceback (most recent call last):
  File "/root/data/robot/OpenWAM/benchmarks/robotwin/eval_policy_wrapper.py", line 218, in wrapped
    return method(*args, **kwargs)
  File "/root/data/robot/work/RoboTwin-openwam-verified/envs/beat_block_hammer.py", line 10, in setup_demo
    super()._init_task_env_(**kwags)
  File "/root/data/robot/work/RoboTwin-openwam-verified/envs/_base_task.py", line 90, in _init_task_env_
    self.setup_scene()
  File "/root/data/robot/work/RoboTwin-openwam-verified/envs/_base_task.py", line 210, in setup_scene
    self.renderer = sapien.SapienRenderer()
  File "/root/data/miniconda3/envs/robotwin-openwam/lib/python3.10/site-packages/sapien/wrapper/renderer.py", line 9, in __init__
    super().__init__()
RuntimeError: vk::PhysicalDevice::createDeviceUnique: ErrorExtensionNotPresent
[eval_policy_wrapper] expert check skipped seed=100288: RuntimeError
[eval_policy_wrapper] exception in beat_block_hammer.setup_demo
Traceback (most recent call last):
  File "/root/data/robot/OpenWAM/benchmarks/robotwin/eval_policy_wrapper.py", line 218, in wrapped
    return method(*args, **kwargs)
  File "/root/data/robot/work/RoboTwin-openwam-verified/envs/beat_block_hammer.py", line 10, in setup_demo
    super()._init_task_env_(**kwags)
  File "/root/data/robot/work/RoboTwin-openwam-verified/envs/_base_task.py", line 90, in _init_task_env_
    self.setup_scene()
  File "/root/data/robot/work/RoboTwin-openwam-verified/envs/_base_task.py", line 210, in setup_scene
    self.renderer = sapien.SapienRenderer()
  File "/root/data/miniconda3/envs/robotwin-openwam/lib/python3.10/site-packages/sapien/wrapper/renderer.py", line 9, in __init__
    super().__init__()
RuntimeError: vk::PhysicalDevice::createDeviceUnique: ErrorExtensionNotPresent
[eval_policy_wrapper] expert check skipped seed=100289: RuntimeError
[eval_policy_wrapper] exception in beat_block_hammer.setup_demo
Traceback (most recent call last):
  File "/root/data/robot/OpenWAM/benchmarks/robotwin/eval_policy_wrapper.py", line 218, in wrapped
    return method(*args, **kwargs)
  File "/root/data/robot/work/RoboTwin-openwam-verified/envs/beat_block_hammer.py", line 10, in setup_demo
    super()._init_task_env_(**kwags)
  File "/root/data/robot/work/RoboTwin-openwam-verified/envs/_base_task.py", line 90, in _init_task_env_
    self.setup_scene()
  File "/root/data/robot/work/RoboTwin-openwam-verified/envs/_base_task.py", line 210, in setup_scene
    self.renderer = sapien.SapienRenderer()
  File "/root/data/miniconda3/envs/robotwin-openwam/lib/python3.10/site-packages/sapien/wrapper/renderer.py", line 9, in __init__
    super().__init__()
RuntimeError: vk::PhysicalDevice::createDeviceUnique: ErrorExtensionNotPresent
[eval_policy_wrapper] expert check skipped seed=100290: RuntimeError
[eval_policy_wrapper] exception in beat_block_hammer.setup_demo
Traceback (most recent call last):
  File "/root/data/robot/OpenWAM/benchmarks/robotwin/eval_policy_wrapper.py", line 218, in wrapped
    return method(*args, **kwargs)
  File "/root/data/robot/work/RoboTwin-openwam-verified/envs/beat_block_hammer.py", line 10, in setup_demo
    super()._init_task_env_(**kwags)
  File "/root/data/robot/work/RoboTwin-openwam-verified/envs/_base_task.py", line 90, in _init_task_env_
    self.setup_scene()
  File "/root/data/robot/work/RoboTwin-openwam-verified/envs/_base_task.py", line 210, in setup_scene
    self.renderer = sapien.SapienRenderer()
  File "/root/data/miniconda3/envs/robotwin-openwam/lib/python3.10/site-packages/sapien/wrapper/renderer.py", line 9, in __init__
    super().__init__()
RuntimeError: vk::PhysicalDevice::createDeviceUnique: ErrorExtensionNotPresent
[eval_policy_wrapper] expert check skipped seed=100291: RuntimeError
[eval_policy_wrapper] exception in beat_block_hammer.setup_demo
Traceback (most recent call last):
  File "/root/data/robot/OpenWAM/benchmarks/robotwin/eval_policy_wrapper.py", line 218, in wrapped
    return method(*args, **kwargs)
  File "/root/data/robot/work/RoboTwin-openwam-verified/envs/beat_block_hammer.py", line 10, in setup_demo
    super()._init_task_env_(**kwags)
  File "/root/data/robot/work/RoboTwin-openwam-verified/envs/_base_task.py", line 90, in _init_task_env_
    self.setup_scene()
  File "/root/data/robot/work/RoboTwin-openwam-verified/envs/_base_task.py", line 210, in setup_scene
    self.renderer = sapien.SapienRenderer()
  File "/root/data/miniconda3/envs/robotwin-openwam/lib/python3.10/site-packages/sapien/wrapper/renderer.py", line 9, in __init__
    super().__init__()
RuntimeError: vk::PhysicalDevice::createDeviceUnique: ErrorExtensionNotPresent
[eval_policy_wrapper] expert check skipped seed=100292: RuntimeError
[eval_policy_wrapper] exception in beat_block_hammer.setup_demo
Traceback (most recent call last):
  File "/root/data/robot/OpenWAM/benchmarks/robotwin/eval_policy_wrapper.py", line 218, in wrapped
    return method(*args, **kwargs)
  File "/root/data/robot/work/RoboTwin-openwam-verified/envs/beat_block_hammer.py", line 10, in setup_demo
    super()._init_task_env_(**kwags)
  File "/root/data/robot/work/RoboTwin-openwam-verified/envs/_base_task.py", line 90, in _init_task_env_
    self.setup_scene()
  File "/root/data/robot/work/RoboTwin-openwam-verified/envs/_base_task.py", line 210, in setup_scene
    self.renderer = sapien.SapienRenderer()
  File "/root/data/miniconda3/envs/robotwin-openwam/lib/python3.10/site-packages/sapien/wrapper/renderer.py", line 9, in __init__
    super().__init__()
RuntimeError: vk::PhysicalDevice::createDeviceUnique: ErrorExtensionNotPresent
[eval_policy_wrapper] expert check skipped seed=100293: RuntimeError
[eval_policy_wrapper] exception in beat_block_hammer.setup_demo
Traceback (most recent call last):
  File "/root/data/robot/OpenWAM/benchmarks/robotwin/eval_policy_wrapper.py", line 218, in wrapped
    return method(*args, **kwargs)
  File "/root/data/robot/work/RoboTwin-openwam-verified/envs/beat_block_hammer.py", line 10, in setup_demo
    super()._init_task_env_(**kwags)
  File "/root/data/robot/work/RoboTwin-openwam-verified/envs/_base_task.py", line 90, in _init_task_env_
    self.setup_scene()
  File "/root/data/robot/work/RoboTwin-openwam-verified/envs/_base_task.py", line 210, in setup_scene
    self.renderer = sapien.SapienRenderer()
  File "/root/data/miniconda3/envs/robotwin-openwam/lib/python3.10/site-packages/sapien/wrapper/renderer.py", line 9, in __init__
    super().__init__()
RuntimeError: vk::PhysicalDevice::createDeviceUnique: ErrorExtensionNotPresent
[eval_policy_wrapper] expert check skipped seed=100294: RuntimeError
[eval_policy_wrapper] exception in beat_block_hammer.setup_demo
Traceback (most recent call last):
  File "/root/data/robot/OpenWAM/benchmarks/robotwin/eval_policy_wrapper.py", line 218, in wrapped
    return method(*args, **kwargs)
  File "/root/data/robot/work/RoboTwin-openwam-verified/envs/beat_block_hammer.py", line 10, in setup_demo
    super()._init_task_env_(**kwags)
  File "/root/data/robot/work/RoboTwin-openwam-verified/envs/_base_task.py", line 90, in _init_task_env_
    self.setup_scene()
  File "/root/data/robot/work/RoboTwin-openwam-verified/envs/_base_task.py", line 210, in setup_scene
    self.renderer = sapien.SapienRenderer()
  File "/root/data/miniconda3/envs/robotwin-openwam/lib/python3.10/site-packages/sapien/wrapper/renderer.py", line 9, in __init__
    super().__init__()
RuntimeError: vk::PhysicalDevice::createDeviceUnique: ErrorExtensionNotPresent
[eval_policy_wrapper] expert check skipped seed=100295: RuntimeError
[eval_policy_wrapper] exception in beat_block_hammer.setup_demo
Traceback (most recent call last):
  File "/root/data/robot/OpenWAM/benchmarks/robotwin/eval_policy_wrapper.py", line 218, in wrapped
    return method(*args, **kwargs)
  File "/root/data/robot/work/RoboTwin-openwam-verified/envs/beat_block_hammer.py", line 10, in setup_demo
    super()._init_task_env_(**kwags)
  File "/root/data/robot/work/RoboTwin-openwam-verified/envs/_base_task.py", line 90, in _init_task_env_
    self.setup_scene()
  File "/root/data/robot/work/RoboTwin-openwam-verified/envs/_base_task.py", line 210, in setup_scene
    self.renderer = sapien.SapienRenderer()
  File "/root/data/miniconda3/envs/robotwin-openwam/lib/python3.10/site-packages/sapien/wrapper/renderer.py", line 9, in __init__
    super().__init__()
RuntimeError: vk::PhysicalDevice::createDeviceUnique: ErrorExtensionNotPresent
[eval_policy_wrapper] expert check skipped seed=100296: RuntimeError
[eval_policy_wrapper] exception in beat_block_hammer.setup_demo
Traceback (most recent call last):
  File "/root/data/robot/OpenWAM/benchmarks/robotwin/eval_policy_wrapper.py", line 218, in wrapped
    return method(*args, **kwargs)
  File "/root/data/robot/work/RoboTwin-openwam-verified/envs/beat_block_hammer.py", line 10, in setup_demo
    super()._init_task_env_(**kwags)
  File "/root/data/robot/work/RoboTwin-openwam-verified/envs/_base_task.py", line 90, in _init_task_env_
    self.setup_scene()
  File "/root/data/robot/work/RoboTwin-openwam-verified/envs/_base_task.py", line 210, in setup_scene
    self.renderer = sapien.SapienRenderer()
  File "/root/data/miniconda3/envs/robotwin-openwam/lib/python3.10/site-packages/sapien/wrapper/renderer.py", line 9, in __init__
    super().__init__()
RuntimeError: vk::PhysicalDevice::createDeviceUnique: ErrorExtensionNotPresent
[eval_policy_wrapper] expert check skipped seed=100297: RuntimeError
[eval_policy_wrapper] exception in beat_block_hammer.setup_demo
Traceback (most recent call last):
  File "/root/data/robot/OpenWAM/benchmarks/robotwin/eval_policy_wrapper.py", line 218, in wrapped
    return method(*args, **kwargs)
  File "/root/data/robot/work/RoboTwin-openwam-verified/envs/beat_block_hammer.py", line 10, in setup_demo
    super()._init_task_env_(**kwags)
  File "/root/data/robot/work/RoboTwin-openwam-verified/envs/_base_task.py", line 90, in _init_task_env_
    self.setup_scene()
  File "/root/data/robot/work/RoboTwin-openwam-verified/envs/_base_task.py", line 210, in setup_scene
    self.renderer = sapien.SapienRenderer()
  File "/root/data/miniconda3/envs/robotwin-openwam/lib/python3.10/site-packages/sapien/wrapper/renderer.py", line 9, in __init__
    super().__init__()
RuntimeError: vk::PhysicalDevice::createDeviceUnique: ErrorExtensionNotPresent
[eval_policy_wrapper] expert check skipped seed=100298: RuntimeError
[eval_policy_wrapper] exception in beat_block_hammer.setup_demo
Traceback (most recent call last):
  File "/root/data/robot/OpenWAM/benchmarks/robotwin/eval_policy_wrapper.py", line 218, in wrapped
    return method(*args, **kwargs)
  File "/root/data/robot/work/RoboTwin-openwam-verified/envs/beat_block_hammer.py", line 10, in setup_demo
    super()._init_task_env_(**kwags)
  File "/root/data/robot/work/RoboTwin-openwam-verified/envs/_base_task.py", line 90, in _init_task_env_
    self.setup_scene()
  File "/root/data/robot/work/RoboTwin-openwam-verified/envs/_base_task.py", line 210, in setup_scene
    self.renderer = sapien.SapienRenderer()
  File "/root/data/miniconda3/envs/robotwin-openwam/lib/python3.10/site-packages/sapien/wrapper/renderer.py", line 9, in __init__
    super().__init__()
RuntimeError: vk::PhysicalDevice::createDeviceUnique: ErrorExtensionNotPresent
[eval_policy_wrapper] expert check skipped seed=100299: RuntimeError
[eval_policy_wrapper] exception in beat_block_hammer.setup_demo
Traceback (most recent call last):
  File "/root/data/robot/OpenWAM/benchmarks/robotwin/eval_policy_wrapper.py", line 218, in wrapped
    return method(*args, **kwargs)
  File "/root/data/robot/work/RoboTwin-openwam-verified/envs/beat_block_hammer.py", line 10, in setup_demo
    super()._init_task_env_(**kwags)
  File "/root/data/robot/work/RoboTwin-openwam-verified/envs/_base_task.py", line 90, in _init_task_env_
    self.setup_scene()
  File "/root/data/robot/work/RoboTwin-openwam-verified/envs/_base_task.py", line 210, in setup_scene
    self.renderer = sapien.SapienRenderer()
  File "/root/data/miniconda3/envs/robotwin-openwam/lib/python3.10/site-packages/sapien/wrapper/renderer.py", line 9, in __init__
    super().__init__()
RuntimeError: vk::PhysicalDevice::createDeviceUnique: ErrorExtensionNotPresent
[eval_policy_wrapper] expert check skipped seed=100300: RuntimeError
[eval_policy_wrapper] exception in beat_block_hammer.setup_demo
Traceback (most recent call last):
  File "/root/data/robot/OpenWAM/benchmarks/robotwin/eval_policy_wrapper.py", line 218, in wrapped
    return method(*args, **kwargs)
  File "/root/data/robot/work/RoboTwin-openwam-verified/envs/beat_block_hammer.py", line 10, in setup_demo
    super()._init_task_env_(**kwags)
  File "/root/data/robot/work/RoboTwin-openwam-verified/envs/_base_task.py", line 90, in _init_task_env_
    self.setup_scene()
  File "/root/data/robot/work/RoboTwin-openwam-verified/envs/_base_task.py", line 210, in setup_scene
    self.renderer = sapien.SapienRenderer()
  File "/root/data/miniconda3/envs/robotwin-openwam/lib/python3.10/site-packages/sapien/wrapper/renderer.py", line 9, in __init__
    super().__init__()
RuntimeError: vk::PhysicalDevice::createDeviceUnique: ErrorExtensionNotPresent
[eval_policy_wrapper] expert check skipped seed=100301: RuntimeError
[eval_policy_wrapper] exception in beat_block_hammer.setup_demo
Traceback (most recent call last):
  File "/root/data/robot/OpenWAM/benchmarks/robotwin/eval_policy_wrapper.py", line 218, in wrapped
    return method(*args, **kwargs)
  File "/root/data/robot/work/RoboTwin-openwam-verified/envs/beat_block_hammer.py", line 10, in setup_demo
    super()._init_task_env_(**kwags)
  File "/root/data/robot/work/RoboTwin-openwam-verified/envs/_base_task.py", line 90, in _init_task_env_
    self.setup_scene()
  File "/root/data/robot/work/RoboTwin-openwam-verified/envs/_base_task.py", line 210, in setup_scene
    self.renderer = sapien.SapienRenderer()
  File "/root/data/miniconda3/envs/robotwin-openwam/lib/python3.10/site-packages/sapien/wrapper/renderer.py", line 9, in __init__
    super().__init__()
RuntimeError: vk::PhysicalDevice::createDeviceUnique: ErrorExtensionNotPresent
[eval_policy_wrapper] expert check skipped seed=100302: RuntimeError
[eval_policy_wrapper] exception in beat_block_hammer.setup_demo
Traceback (most recent call last):
  File "/root/data/robot/OpenWAM/benchmarks/robotwin/eval_policy_wrapper.py", line 218, in wrapped
    return method(*args, **kwargs)
  File "/root/data/robot/work/RoboTwin-openwam-verified/envs/beat_block_hammer.py", line 10, in setup_demo
    super()._init_task_env_(**kwags)
  File "/root/data/robot/work/RoboTwin-openwam-verified/envs/_base_task.py", line 90, in _init_task_env_
    self.setup_scene()
  File "/root/data/robot/work/RoboTwin-openwam-verified/envs/_base_task.py", line 210, in setup_scene
    self.renderer = sapien.SapienRenderer()
  File "/root/data/miniconda3/envs/robotwin-openwam/lib/python3.10/site-packages/sapien/wrapper/renderer.py", line 9, in __init__
    super().__init__()
RuntimeError: vk::PhysicalDevice::createDeviceUnique: ErrorExtensionNotPresent
[eval_policy_wrapper] expert check skipped seed=100303: RuntimeError
[eval_policy_wrapper] exception in beat_block_hammer.setup_demo
Traceback (most recent call last):
  File "/root/data/robot/OpenWAM/benchmarks/robotwin/eval_policy_wrapper.py", line 218, in wrapped
    return method(*args, **kwargs)
  File "/root/data/robot/work/RoboTwin-openwam-verified/envs/beat_block_hammer.py", line 10, in setup_demo
    super()._init_task_env_(**kwags)
  File "/root/data/robot/work/RoboTwin-openwam-verified/envs/_base_task.py", line 90, in _init_task_env_
    self.setup_scene()
  File "/root/data/robot/work/RoboTwin-openwam-verified/envs/_base_task.py", line 210, in setup_scene
    self.renderer = sapien.SapienRenderer()
  File "/root/data/miniconda3/envs/robotwin-openwam/lib/python3.10/site-packages/sapien/wrapper/renderer.py", line 9, in __init__
    super().__init__()
RuntimeError: vk::PhysicalDevice::createDeviceUnique: ErrorExtensionNotPresent
[eval_policy_wrapper] expert check skipped seed=100304: RuntimeError
[eval_policy_wrapper] exception in beat_block_hammer.setup_demo
Traceback (most recent call last):
  File "/root/data/robot/OpenWAM/benchmarks/robotwin/eval_policy_wrapper.py", line 218, in wrapped
    return method(*args, **kwargs)
  File "/root/data/robot/work/RoboTwin-openwam-verified/envs/beat_block_hammer.py", line 10, in setup_demo
    super()._init_task_env_(**kwags)
  File "/root/data/robot/work/RoboTwin-openwam-verified/envs/_base_task.py", line 90, in _init_task_env_
    self.setup_scene()
  File "/root/data/robot/work/RoboTwin-openwam-verified/envs/_base_task.py", line 210, in setup_scene
    self.renderer = sapien.SapienRenderer()
  File "/root/data/miniconda3/envs/robotwin-openwam/lib/python3.10/site-packages/sapien/wrapper/renderer.py", line 9, in __init__
    super().__init__()
RuntimeError: vk::PhysicalDevice::createDeviceUnique: ErrorExtensionNotPresent
[eval_policy_wrapper] expert check skipped seed=100305: RuntimeError
[eval_policy_wrapper] exception in beat_block_hammer.setup_demo
Traceback (most recent call last):
  File "/root/data/robot/OpenWAM/benchmarks/robotwin/eval_policy_wrapper.py", line 218, in wrapped
    return method(*args, **kwargs)
  File "/root/data/robot/work/RoboTwin-openwam-verified/envs/beat_block_hammer.py", line 10, in setup_demo
    super()._init_task_env_(**kwags)
  File "/root/data/robot/work/RoboTwin-openwam-verified/envs/_base_task.py", line 90, in _init_task_env_
    self.setup_scene()
  File "/root/data/robot/work/RoboTwin-openwam-verified/envs/_base_task.py", line 210, in setup_scene
    self.renderer = sapien.SapienRenderer()
  File "/root/data/miniconda3/envs/robotwin-openwam/lib/python3.10/site-packages/sapien/wrapper/renderer.py", line 9, in __init__
    super().__init__()
RuntimeError: vk::PhysicalDevice::createDeviceUnique: ErrorExtensionNotPresent
[eval_policy_wrapper] expert check skipped seed=100306: RuntimeError
[eval_policy_wrapper] exception in beat_block_hammer.setup_demo
Traceback (most recent call last):
  File "/root/data/robot/OpenWAM/benchmarks/robotwin/eval_policy_wrapper.py", line 218, in wrapped
    return method(*args, **kwargs)
  File "/root/data/robot/work/RoboTwin-openwam-verified/envs/beat_block_hammer.py", line 10, in setup_demo
    super()._init_task_env_(**kwags)
  File "/root/data/robot/work/RoboTwin-openwam-verified/envs/_base_task.py", line 90, in _init_task_env_
    self.setup_scene()
  File "/root/data/robot/work/RoboTwin-openwam-verified/envs/_base_task.py", line 210, in setup_scene
    self.renderer = sapien.SapienRenderer()
  File "/root/data/miniconda3/envs/robotwin-openwam/lib/python3.10/site-packages/sapien/wrapper/renderer.py", line 9, in __init__
    super().__init__()
RuntimeError: vk::PhysicalDevice::createDeviceUnique: ErrorExtensionNotPresent
[eval_policy_wrapper] expert check skipped seed=100307: RuntimeError
[eval_policy_wrapper] exception in beat_block_hammer.setup_demo
Traceback (most recent call last):
  File "/root/data/robot/OpenWAM/benchmarks/robotwin/eval_policy_wrapper.py", line 218, in wrapped
    return method(*args, **kwargs)
  File "/root/data/robot/work/RoboTwin-openwam-verified/envs/beat_block_hammer.py", line 10, in setup_demo
    super()._init_task_env_(**kwags)
  File "/root/data/robot/work/RoboTwin-openwam-verified/envs/_base_task.py", line 90, in _init_task_env_
    self.setup_scene()
  File "/root/data/robot/work/RoboTwin-openwam-verified/envs/_base_task.py", line 210, in setup_scene
    self.renderer = sapien.SapienRenderer()
  File "/root/data/miniconda3/envs/robotwin-openwam/lib/python3.10/site-packages/sapien/wrapper/renderer.py", line 9, in __init__
    super().__init__()
RuntimeError: vk::PhysicalDevice::createDeviceUnique: ErrorExtensionNotPresent
[eval_policy_wrapper] expert check skipped seed=100308: RuntimeError
[eval_policy_wrapper] exception in beat_block_hammer.setup_demo
Traceback (most recent call last):
  File "/root/data/robot/OpenWAM/benchmarks/robotwin/eval_policy_wrapper.py", line 218, in wrapped
    return method(*args, **kwargs)
  File "/root/data/robot/work/RoboTwin-openwam-verified/envs/beat_block_hammer.py", line 10, in setup_demo
    super()._init_task_env_(**kwags)
  File "/root/data/robot/work/RoboTwin-openwam-verified/envs/_base_task.py", line 90, in _init_task_env_
    self.setup_scene()
  File "/root/data/robot/work/RoboTwin-openwam-verified/envs/_base_task.py", line 210, in setup_scene
    self.renderer = sapien.SapienRenderer()
  File "/root/data/miniconda3/envs/robotwin-openwam/lib/python3.10/site-packages/sapien/wrapper/renderer.py", line 9, in __init__
    super().__init__()
RuntimeError: vk::PhysicalDevice::createDeviceUnique: ErrorExtensionNotPresent
[eval_policy_wrapper] expert check skipped seed=100309: RuntimeError
[eval_policy_wrapper] exception in beat_block_hammer.setup_demo
Traceback (most recent call last):
  File "/root/data/robot/OpenWAM/benchmarks/robotwin/eval_policy_wrapper.py", line 218, in wrapped
    return method(*args, **kwargs)
  File "/root/data/robot/work/RoboTwin-openwam-verified/envs/beat_block_hammer.py", line 10, in setup_demo
    super()._init_task_env_(**kwags)
  File "/root/data/robot/work/RoboTwin-openwam-verified/envs/_base_task.py", line 90, in _init_task_env_
    self.setup_scene()
  File "/root/data/robot/work/RoboTwin-openwam-verified/envs/_base_task.py", line 210, in setup_scene
    self.renderer = sapien.SapienRenderer()
  File "/root/data/miniconda3/envs/robotwin-openwam/lib/python3.10/site-packages/sapien/wrapper/renderer.py", line 9, in __init__
    super().__init__()
RuntimeError: vk::PhysicalDevice::createDeviceUnique: ErrorExtensionNotPresent
[eval_policy_wrapper] expert check skipped seed=100310: RuntimeError
[eval_policy_wrapper] exception in beat_block_hammer.setup_demo
Traceback (most recent call last):
  File "/root/data/robot/OpenWAM/benchmarks/robotwin/eval_policy_wrapper.py", line 218, in wrapped
    return method(*args, **kwargs)
  File "/root/data/robot/work/RoboTwin-openwam-verified/envs/beat_block_hammer.py", line 10, in setup_demo
    super()._init_task_env_(**kwags)
  File "/root/data/robot/work/RoboTwin-openwam-verified/envs/_base_task.py", line 90, in _init_task_env_
    self.setup_scene()
  File "/root/data/robot/work/RoboTwin-openwam-verified/envs/_base_task.py", line 210, in setup_scene
    self.renderer = sapien.SapienRenderer()
  File "/root/data/miniconda3/envs/robotwin-openwam/lib/python3.10/site-packages/sapien/wrapper/renderer.py", line 9, in __init__
    super().__init__()
RuntimeError: vk::PhysicalDevice::createDeviceUnique: ErrorExtensionNotPresent
[eval_policy_wrapper] expert check skipped seed=100311: RuntimeError
[eval_policy_wrapper] exception in beat_block_hammer.setup_demo
Traceback (most recent call last):
  File "/root/data/robot/OpenWAM/benchmarks/robotwin/eval_policy_wrapper.py", line 218, in wrapped
    return method(*args, **kwargs)
  File "/root/data/robot/work/RoboTwin-openwam-verified/envs/beat_block_hammer.py", line 10, in setup_demo
    super()._init_task_env_(**kwags)
  File "/root/data/robot/work/RoboTwin-openwam-verified/envs/_base_task.py", line 90, in _init_task_env_
    self.setup_scene()
  File "/root/data/robot/work/RoboTwin-openwam-verified/envs/_base_task.py", line 210, in setup_scene
    self.renderer = sapien.SapienRenderer()
  File "/root/data/miniconda3/envs/robotwin-openwam/lib/python3.10/site-packages/sapien/wrapper/renderer.py", line 9, in __init__
    super().__init__()
RuntimeError: vk::PhysicalDevice::createDeviceUnique: ErrorExtensionNotPresent
[eval_policy_wrapper] expert check skipped seed=100312: RuntimeError
[eval_policy_wrapper] exception in beat_block_hammer.setup_demo
Traceback (most recent call last):
  File "/root/data/robot/OpenWAM/benchmarks/robotwin/eval_policy_wrapper.py", line 218, in wrapped
    return method(*args, **kwargs)
  File "/root/data/robot/work/RoboTwin-openwam-verified/envs/beat_block_hammer.py", line 10, in setup_demo
    super()._init_task_env_(**kwags)
  File "/root/data/robot/work/RoboTwin-openwam-verified/envs/_base_task.py", line 90, in _init_task_env_
    self.setup_scene()
  File "/root/data/robot/work/RoboTwin-openwam-verified/envs/_base_task.py", line 210, in setup_scene
    self.renderer = sapien.SapienRenderer()
  File "/root/data/miniconda3/envs/robotwin-openwam/lib/python3.10/site-packages/sapien/wrapper/renderer.py", line 9, in __init__
    super().__init__()
RuntimeError: vk::PhysicalDevice::createDeviceUnique: ErrorExtensionNotPresent
[eval_policy_wrapper] expert check skipped seed=100313: RuntimeError
[eval_policy_wrapper] exception in beat_block_hammer.setup_demo
Traceback (most recent call last):
  File "/root/data/robot/OpenWAM/benchmarks/robotwin/eval_policy_wrapper.py", line 218, in wrapped
    return method(*args, **kwargs)
  File "/root/data/robot/work/RoboTwin-openwam-verified/envs/beat_block_hammer.py", line 10, in setup_demo
    super()._init_task_env_(**kwags)
  File "/root/data/robot/work/RoboTwin-openwam-verified/envs/_base_task.py", line 90, in _init_task_env_
    self.setup_scene()
  File "/root/data/robot/work/RoboTwin-openwam-verified/envs/_base_task.py", line 210, in setup_scene
    self.renderer = sapien.SapienRenderer()
  File "/root/data/miniconda3/envs/robotwin-openwam/lib/python3.10/site-packages/sapien/wrapper/renderer.py", line 9, in __init__
    super().__init__()
RuntimeError: vk::PhysicalDevice::createDeviceUnique: ErrorExtensionNotPresent
[eval_policy_wrapper] expert check skipped seed=100314: RuntimeError
[eval_policy_wrapper] exception in beat_block_hammer.setup_demo
Traceback (most recent call last):
  File "/root/data/robot/OpenWAM/benchmarks/robotwin/eval_policy_wrapper.py", line 218, in wrapped
    return method(*args, **kwargs)
  File "/root/data/robot/work/RoboTwin-openwam-verified/envs/beat_block_hammer.py", line 10, in setup_demo
    super()._init_task_env_(**kwags)
  File "/root/data/robot/work/RoboTwin-openwam-verified/envs/_base_task.py", line 90, in _init_task_env_
    self.setup_scene()
  File "/root/data/robot/work/RoboTwin-openwam-verified/envs/_base_task.py", line 210, in setup_scene
    self.renderer = sapien.SapienRenderer()
  File "/root/data/miniconda3/envs/robotwin-openwam/lib/python3.10/site-packages/sapien/wrapper/renderer.py", line 9, in __init__
    super().__init__()
RuntimeError: vk::PhysicalDevice::createDeviceUnique: ErrorExtensionNotPresent
[eval_policy_wrapper] expert check skipped seed=100315: RuntimeError
[eval_policy_wrapper] exception in beat_block_hammer.setup_demo
Traceback (most recent call last):
  File "/root/data/robot/OpenWAM/benchmarks/robotwin/eval_policy_wrapper.py", line 218, in wrapped
    return method(*args, **kwargs)
  File "/root/data/robot/work/RoboTwin-openwam-verified/envs/beat_block_hammer.py", line 10, in setup_demo
    super()._init_task_env_(**kwags)
  File "/root/data/robot/work/RoboTwin-openwam-verified/envs/_base_task.py", line 90, in _init_task_env_
    self.setup_scene()
  File "/root/data/robot/work/RoboTwin-openwam-verified/envs/_base_task.py", line 210, in setup_scene
    self.renderer = sapien.SapienRenderer()
  File "/root/data/miniconda3/envs/robotwin-openwam/lib/python3.10/site-packages/sapien/wrapper/renderer.py", line 9, in __init__
    super().__init__()
RuntimeError: vk::PhysicalDevice::createDeviceUnique: ErrorExtensionNotPresent
[eval_policy_wrapper] expert check skipped seed=100316: RuntimeError
[eval_policy_wrapper] exception in beat_block_hammer.setup_demo
Traceback (most recent call last):
  File "/root/data/robot/OpenWAM/benchmarks/robotwin/eval_policy_wrapper.py", line 218, in wrapped
    return method(*args, **kwargs)
  File "/root/data/robot/work/RoboTwin-openwam-verified/envs/beat_block_hammer.py", line 10, in setup_demo
    super()._init_task_env_(**kwags)
  File "/root/data/robot/work/RoboTwin-openwam-verified/envs/_base_task.py", line 90, in _init_task_env_
    self.setup_scene()
  File "/root/data/robot/work/RoboTwin-openwam-verified/envs/_base_task.py", line 210, in setup_scene
    self.renderer = sapien.SapienRenderer()
  File "/root/data/miniconda3/envs/robotwin-openwam/lib/python3.10/site-packages/sapien/wrapper/renderer.py", line 9, in __init__
    super().__init__()
RuntimeError: vk::PhysicalDevice::createDeviceUnique: ErrorExtensionNotPresent
[eval_policy_wrapper] expert check skipped seed=100317: RuntimeError
[eval_policy_wrapper] exception in beat_block_hammer.setup_demo
Traceback (most recent call last):
  File "/root/data/robot/OpenWAM/benchmarks/robotwin/eval_policy_wrapper.py", line 218, in wrapped
    return method(*args, **kwargs)
  File "/root/data/robot/work/RoboTwin-openwam-verified/envs/beat_block_hammer.py", line 10, in setup_demo
    super()._init_task_env_(**kwags)
  File "/root/data/robot/work/RoboTwin-openwam-verified/envs/_base_task.py", line 90, in _init_task_env_
    self.setup_scene()
  File "/root/data/robot/work/RoboTwin-openwam-verified/envs/_base_task.py", line 210, in setup_scene
    self.renderer = sapien.SapienRenderer()
  File "/root/data/miniconda3/envs/robotwin-openwam/lib/python3.10/site-packages/sapien/wrapper/renderer.py", line 9, in __init__
    super().__init__()
RuntimeError: vk::PhysicalDevice::createDeviceUnique: ErrorExtensionNotPresent
[eval_policy_wrapper] expert check skipped seed=100318: RuntimeError
[eval_policy_wrapper] exception in beat_block_hammer.setup_demo
Traceback (most recent call last):
  File "/root/data/robot/OpenWAM/benchmarks/robotwin/eval_policy_wrapper.py", line 218, in wrapped
    return method(*args, **kwargs)
  File "/root/data/robot/work/RoboTwin-openwam-verified/envs/beat_block_hammer.py", line 10, in setup_demo
    super()._init_task_env_(**kwags)
  File "/root/data/robot/work/RoboTwin-openwam-verified/envs/_base_task.py", line 90, in _init_task_env_
    self.setup_scene()
  File "/root/data/robot/work/RoboTwin-openwam-verified/envs/_base_task.py", line 210, in setup_scene
    self.renderer = sapien.SapienRenderer()
  File "/root/data/miniconda3/envs/robotwin-openwam/lib/python3.10/site-packages/sapien/wrapper/renderer.py", line 9, in __init__
    super().__init__()
RuntimeError: vk::PhysicalDevice::createDeviceUnique: ErrorExtensionNotPresent
[eval_policy_wrapper] expert check skipped seed=100319: RuntimeError
[eval_policy_wrapper] exception in beat_block_hammer.setup_demo
Traceback (most recent call last):
  File "/root/data/robot/OpenWAM/benchmarks/robotwin/eval_policy_wrapper.py", line 218, in wrapped
    return method(*args, **kwargs)
  File "/root/data/robot/work/RoboTwin-openwam-verified/envs/beat_block_hammer.py", line 10, in setup_demo
    super()._init_task_env_(**kwags)
  File "/root/data/robot/work/RoboTwin-openwam-verified/envs/_base_task.py", line 90, in _init_task_env_
    self.setup_scene()
  File "/root/data/robot/work/RoboTwin-openwam-verified/envs/_base_task.py", line 210, in setup_scene
    self.renderer = sapien.SapienRenderer()
  File "/root/data/miniconda3/envs/robotwin-openwam/lib/python3.10/site-packages/sapien/wrapper/renderer.py", line 9, in __init__
    super().__init__()
RuntimeError: vk::PhysicalDevice::createDeviceUnique: ErrorExtensionNotPresent
[eval_policy_wrapper] expert check skipped seed=100320: RuntimeError
[eval_policy_wrapper] exception in beat_block_hammer.setup_demo
Traceback (most recent call last):
  File "/root/data/robot/OpenWAM/benchmarks/robotwin/eval_policy_wrapper.py", line 218, in wrapped
    return method(*args, **kwargs)
  File "/root/data/robot/work/RoboTwin-openwam-verified/envs/beat_block_hammer.py", line 10, in setup_demo
    super()._init_task_env_(**kwags)
  File "/root/data/robot/work/RoboTwin-openwam-verified/envs/_base_task.py", line 90, in _init_task_env_
    self.setup_scene()
  File "/root/data/robot/work/RoboTwin-openwam-verified/envs/_base_task.py", line 210, in setup_scene
    self.renderer = sapien.SapienRenderer()
  File "/root/data/miniconda3/envs/robotwin-openwam/lib/python3.10/site-packages/sapien/wrapper/renderer.py", line 9, in __init__
    super().__init__()
RuntimeError: vk::PhysicalDevice::createDeviceUnique: ErrorExtensionNotPresent
[eval_policy_wrapper] expert check skipped seed=100321: RuntimeError
[eval_policy_wrapper] exception in beat_block_hammer.setup_demo
Traceback (most recent call last):
  File "/root/data/robot/OpenWAM/benchmarks/robotwin/eval_policy_wrapper.py", line 218, in wrapped
    return method(*args, **kwargs)
  File "/root/data/robot/work/RoboTwin-openwam-verified/envs/beat_block_hammer.py", line 10, in setup_demo
    super()._init_task_env_(**kwags)
  File "/root/data/robot/work/RoboTwin-openwam-verified/envs/_base_task.py", line 90, in _init_task_env_
    self.setup_scene()
  File "/root/data/robot/work/RoboTwin-openwam-verified/envs/_base_task.py", line 210, in setup_scene
    self.renderer = sapien.SapienRenderer()
  File "/root/data/miniconda3/envs/robotwin-openwam/lib/python3.10/site-packages/sapien/wrapper/renderer.py", line 9, in __init__
    super().__init__()
RuntimeError: vk::PhysicalDevice::createDeviceUnique: ErrorExtensionNotPresent
[eval_policy_wrapper] expert check skipped seed=100322: RuntimeError
[eval_policy_wrapper] exception in beat_block_hammer.setup_demo
Traceback (most recent call last):
  File "/root/data/robot/OpenWAM/benchmarks/robotwin/eval_policy_wrapper.py", line 218, in wrapped
    return method(*args, **kwargs)
  File "/root/data/robot/work/RoboTwin-openwam-verified/envs/beat_block_hammer.py", line 10, in setup_demo
    super()._init_task_env_(**kwags)
  File "/root/data/robot/work/RoboTwin-openwam-verified/envs/_base_task.py", line 90, in _init_task_env_
    self.setup_scene()
  File "/root/data/robot/work/RoboTwin-openwam-verified/envs/_base_task.py", line 210, in setup_scene
    self.renderer = sapien.SapienRenderer()
  File "/root/data/miniconda3/envs/robotwin-openwam/lib/python3.10/site-packages/sapien/wrapper/renderer.py", line 9, in __init__
    super().__init__()
RuntimeError: vk::PhysicalDevice::createDeviceUnique: ErrorExtensionNotPresent
[eval_policy_wrapper] expert check skipped seed=100323: RuntimeError
[eval_policy_wrapper] exception in beat_block_hammer.setup_demo
Traceback (most recent call last):
  File "/root/data/robot/OpenWAM/benchmarks/robotwin/eval_policy_wrapper.py", line 218, in wrapped
    return method(*args, **kwargs)
  File "/root/data/robot/work/RoboTwin-openwam-verified/envs/beat_block_hammer.py", line 10, in setup_demo
    super()._init_task_env_(**kwags)
  File "/root/data/robot/work/RoboTwin-openwam-verified/envs/_base_task.py", line 90, in _init_task_env_
    self.setup_scene()
  File "/root/data/robot/work/RoboTwin-openwam-verified/envs/_base_task.py", line 210, in setup_scene
    self.renderer = sapien.SapienRenderer()
  File "/root/data/miniconda3/envs/robotwin-openwam/lib/python3.10/site-packages/sapien/wrapper/renderer.py", line 9, in __init__
    super().__init__()
RuntimeError: vk::PhysicalDevice::createDeviceUnique: ErrorExtensionNotPresent
[eval_policy_wrapper] expert check skipped seed=100324: RuntimeError
[eval_policy_wrapper] exception in beat_block_hammer.setup_demo
Traceback (most recent call last):
  File "/root/data/robot/OpenWAM/benchmarks/robotwin/eval_policy_wrapper.py", line 218, in wrapped
    return method(*args, **kwargs)
  File "/root/data/robot/work/RoboTwin-openwam-verified/envs/beat_block_hammer.py", line 10, in setup_demo
    super()._init_task_env_(**kwags)
  File "/root/data/robot/work/RoboTwin-openwam-verified/envs/_base_task.py", line 90, in _init_task_env_
    self.setup_scene()
  File "/root/data/robot/work/RoboTwin-openwam-verified/envs/_base_task.py", line 210, in setup_scene
    self.renderer = sapien.SapienRenderer()
  File "/root/data/miniconda3/envs/robotwin-openwam/lib/python3.10/site-packages/sapien/wrapper/renderer.py", line 9, in __init__
    super().__init__()
RuntimeError: vk::PhysicalDevice::createDeviceUnique: ErrorExtensionNotPresent
[eval_policy_wrapper] expert check skipped seed=100325: RuntimeError
[eval_policy_wrapper] exception in beat_block_hammer.setup_demo
Traceback (most recent call last):
  File "/root/data/robot/OpenWAM/benchmarks/robotwin/eval_policy_wrapper.py", line 218, in wrapped
    return method(*args, **kwargs)
  File "/root/data/robot/work/RoboTwin-openwam-verified/envs/beat_block_hammer.py", line 10, in setup_demo
    super()._init_task_env_(**kwags)
  File "/root/data/robot/work/RoboTwin-openwam-verified/envs/_base_task.py", line 90, in _init_task_env_
    self.setup_scene()
  File "/root/data/robot/work/RoboTwin-openwam-verified/envs/_base_task.py", line 210, in setup_scene
    self.renderer = sapien.SapienRenderer()
  File "/root/data/miniconda3/envs/robotwin-openwam/lib/python3.10/site-packages/sapien/wrapper/renderer.py", line 9, in __init__
    super().__init__()
RuntimeError: vk::PhysicalDevice::createDeviceUnique: ErrorExtensionNotPresent
[eval_policy_wrapper] expert check skipped seed=100326: RuntimeError
[eval_policy_wrapper] exception in beat_block_hammer.setup_demo
Traceback (most recent call last):
  File "/root/data/robot/OpenWAM/benchmarks/robotwin/eval_policy_wrapper.py", line 218, in wrapped
    return method(*args, **kwargs)
  File "/root/data/robot/work/RoboTwin-openwam-verified/envs/beat_block_hammer.py", line 10, in setup_demo
    super()._init_task_env_(**kwags)
  File "/root/data/robot/work/RoboTwin-openwam-verified/envs/_base_task.py", line 90, in _init_task_env_
    self.setup_scene()
  File "/root/data/robot/work/RoboTwin-openwam-verified/envs/_base_task.py", line 210, in setup_scene
    self.renderer = sapien.SapienRenderer()
  File "/root/data/miniconda3/envs/robotwin-openwam/lib/python3.10/site-packages/sapien/wrapper/renderer.py", line 9, in __init__
    super().__init__()
RuntimeError: vk::PhysicalDevice::createDeviceUnique: ErrorExtensionNotPresent
[eval_policy_wrapper] expert check skipped seed=100327: RuntimeError
[eval_policy_wrapper] exception in beat_block_hammer.setup_demo
Traceback (most recent call last):
  File "/root/data/robot/OpenWAM/benchmarks/robotwin/eval_policy_wrapper.py", line 218, in wrapped
    return method(*args, **kwargs)
  File "/root/data/robot/work/RoboTwin-openwam-verified/envs/beat_block_hammer.py", line 10, in setup_demo
    super()._init_task_env_(**kwags)
  File "/root/data/robot/work/RoboTwin-openwam-verified/envs/_base_task.py", line 90, in _init_task_env_
    self.setup_scene()
  File "/root/data/robot/work/RoboTwin-openwam-verified/envs/_base_task.py", line 210, in setup_scene
    self.renderer = sapien.SapienRenderer()
  File "/root/data/miniconda3/envs/robotwin-openwam/lib/python3.10/site-packages/sapien/wrapper/renderer.py", line 9, in __init__
    super().__init__()
RuntimeError: vk::PhysicalDevice::createDeviceUnique: ErrorExtensionNotPresent
[eval_policy_wrapper] expert check skipped seed=100328: RuntimeError
[eval_policy_wrapper] exception in beat_block_hammer.setup_demo
Traceback (most recent call last):
  File "/root/data/robot/OpenWAM/benchmarks/robotwin/eval_policy_wrapper.py", line 218, in wrapped
    return method(*args, **kwargs)
  File "/root/data/robot/work/RoboTwin-openwam-verified/envs/beat_block_hammer.py", line 10, in setup_demo
    super()._init_task_env_(**kwags)
  File "/root/data/robot/work/RoboTwin-openwam-verified/envs/_base_task.py", line 90, in _init_task_env_
    self.setup_scene()
  File "/root/data/robot/work/RoboTwin-openwam-verified/envs/_base_task.py", line 210, in setup_scene
    self.renderer = sapien.SapienRenderer()
  File "/root/data/miniconda3/envs/robotwin-openwam/lib/python3.10/site-packages/sapien/wrapper/renderer.py", line 9, in __init__
    super().__init__()
RuntimeError: vk::PhysicalDevice::createDeviceUnique: ErrorExtensionNotPresent
[eval_policy_wrapper] expert check skipped seed=100329: RuntimeError
[eval_policy_wrapper] exception in beat_block_hammer.setup_demo
Traceback (most recent call last):
  File "/root/data/robot/OpenWAM/benchmarks/robotwin/eval_policy_wrapper.py", line 218, in wrapped
    return method(*args, **kwargs)
  File "/root/data/robot/work/RoboTwin-openwam-verified/envs/beat_block_hammer.py", line 10, in setup_demo
    super()._init_task_env_(**kwags)
  File "/root/data/robot/work/RoboTwin-openwam-verified/envs/_base_task.py", line 90, in _init_task_env_
    self.setup_scene()
  File "/root/data/robot/work/RoboTwin-openwam-verified/envs/_base_task.py", line 210, in setup_scene
    self.renderer = sapien.SapienRenderer()
  File "/root/data/miniconda3/envs/robotwin-openwam/lib/python3.10/site-packages/sapien/wrapper/renderer.py", line 9, in __init__
    super().__init__()
RuntimeError: vk::PhysicalDevice::createDeviceUnique: ErrorExtensionNotPresent
[eval_policy_wrapper] expert check skipped seed=100330: RuntimeError
[eval_policy_wrapper] exception in beat_block_hammer.setup_demo
Traceback (most recent call last):
  File "/root/data/robot/OpenWAM/benchmarks/robotwin/eval_policy_wrapper.py", line 218, in wrapped
    return method(*args, **kwargs)
  File "/root/data/robot/work/RoboTwin-openwam-verified/envs/beat_block_hammer.py", line 10, in setup_demo
    super()._init_task_env_(**kwags)
  File "/root/data/robot/work/RoboTwin-openwam-verified/envs/_base_task.py", line 90, in _init_task_env_
    self.setup_scene()
  File "/root/data/robot/work/RoboTwin-openwam-verified/envs/_base_task.py", line 210, in setup_scene
    self.renderer = sapien.SapienRenderer()
  File "/root/data/miniconda3/envs/robotwin-openwam/lib/python3.10/site-packages/sapien/wrapper/renderer.py", line 9, in __init__
    super().__init__()
RuntimeError: vk::PhysicalDevice::createDeviceUnique: ErrorExtensionNotPresent
[eval_policy_wrapper] expert check skipped seed=100331: RuntimeError
[eval_policy_wrapper] exception in beat_block_hammer.setup_demo
Traceback (most recent call last):
  File "/root/data/robot/OpenWAM/benchmarks/robotwin/eval_policy_wrapper.py", line 218, in wrapped
    return method(*args, **kwargs)
  File "/root/data/robot/work/RoboTwin-openwam-verified/envs/beat_block_hammer.py", line 10, in setup_demo
    super()._init_task_env_(**kwags)
  File "/root/data/robot/work/RoboTwin-openwam-verified/envs/_base_task.py", line 90, in _init_task_env_
    self.setup_scene()
  File "/root/data/robot/work/RoboTwin-openwam-verified/envs/_base_task.py", line 210, in setup_scene
    self.renderer = sapien.SapienRenderer()
  File "/root/data/miniconda3/envs/robotwin-openwam/lib/python3.10/site-packages/sapien/wrapper/renderer.py", line 9, in __init__
    super().__init__()
RuntimeError: vk::PhysicalDevice::createDeviceUnique: ErrorExtensionNotPresent
[eval_policy_wrapper] expert check skipped seed=100332: RuntimeError
[eval_policy_wrapper] exception in beat_block_hammer.setup_demo
Traceback (most recent call last):
  File "/root/data/robot/OpenWAM/benchmarks/robotwin/eval_policy_wrapper.py", line 218, in wrapped
    return method(*args, **kwargs)
  File "/root/data/robot/work/RoboTwin-openwam-verified/envs/beat_block_hammer.py", line 10, in setup_demo
    super()._init_task_env_(**kwags)
  File "/root/data/robot/work/RoboTwin-openwam-verified/envs/_base_task.py", line 90, in _init_task_env_
    self.setup_scene()
  File "/root/data/robot/work/RoboTwin-openwam-verified/envs/_base_task.py", line 210, in setup_scene
    self.renderer = sapien.SapienRenderer()
  File "/root/data/miniconda3/envs/robotwin-openwam/lib/python3.10/site-packages/sapien/wrapper/renderer.py", line 9, in __init__
    super().__init__()
RuntimeError: vk::PhysicalDevice::createDeviceUnique: ErrorExtensionNotPresent
[eval_policy_wrapper] expert check skipped seed=100333: RuntimeError
[eval_policy_wrapper] exception in beat_block_hammer.setup_demo
Traceback (most recent call last):
  File "/root/data/robot/OpenWAM/benchmarks/robotwin/eval_policy_wrapper.py", line 218, in wrapped
    return method(*args, **kwargs)
  File "/root/data/robot/work/RoboTwin-openwam-verified/envs/beat_block_hammer.py", line 10, in setup_demo
    super()._init_task_env_(**kwags)
  File "/root/data/robot/work/RoboTwin-openwam-verified/envs/_base_task.py", line 90, in _init_task_env_
    self.setup_scene()
  File "/root/data/robot/work/RoboTwin-openwam-verified/envs/_base_task.py", line 210, in setup_scene
    self.renderer = sapien.SapienRenderer()
  File "/root/data/miniconda3/envs/robotwin-openwam/lib/python3.10/site-packages/sapien/wrapper/renderer.py", line 9, in __init__
    super().__init__()
RuntimeError: vk::PhysicalDevice::createDeviceUnique: ErrorExtensionNotPresent
[eval_policy_wrapper] expert check skipped seed=100334: RuntimeError
[eval_policy_wrapper] exception in beat_block_hammer.setup_demo
Traceback (most recent call last):
  File "/root/data/robot/OpenWAM/benchmarks/robotwin/eval_policy_wrapper.py", line 218, in wrapped
    return method(*args, **kwargs)
  File "/root/data/robot/work/RoboTwin-openwam-verified/envs/beat_block_hammer.py", line 10, in setup_demo
    super()._init_task_env_(**kwags)
  File "/root/data/robot/work/RoboTwin-openwam-verified/envs/_base_task.py", line 90, in _init_task_env_
    self.setup_scene()
  File "/root/data/robot/work/RoboTwin-openwam-verified/envs/_base_task.py", line 210, in setup_scene
    self.renderer = sapien.SapienRenderer()
  File "/root/data/miniconda3/envs/robotwin-openwam/lib/python3.10/site-packages/sapien/wrapper/renderer.py", line 9, in __init__
    super().__init__()
RuntimeError: vk::PhysicalDevice::createDeviceUnique: ErrorExtensionNotPresent
[eval_policy_wrapper] expert check skipped seed=100335: RuntimeError
[eval_policy_wrapper] exception in beat_block_hammer.setup_demo
Traceback (most recent call last):
  File "/root/data/robot/OpenWAM/benchmarks/robotwin/eval_policy_wrapper.py", line 218, in wrapped
    return method(*args, **kwargs)
  File "/root/data/robot/work/RoboTwin-openwam-verified/envs/beat_block_hammer.py", line 10, in setup_demo
    super()._init_task_env_(**kwags)
  File "/root/data/robot/work/RoboTwin-openwam-verified/envs/_base_task.py", line 90, in _init_task_env_
    self.setup_scene()
  File "/root/data/robot/work/RoboTwin-openwam-verified/envs/_base_task.py", line 210, in setup_scene
    self.renderer = sapien.SapienRenderer()
  File "/root/data/miniconda3/envs/robotwin-openwam/lib/python3.10/site-packages/sapien/wrapper/renderer.py", line 9, in __init__
    super().__init__()
RuntimeError: vk::PhysicalDevice::createDeviceUnique: ErrorExtensionNotPresent
[eval_policy_wrapper] expert check skipped seed=100336: RuntimeError
[eval_policy_wrapper] exception in beat_block_hammer.setup_demo
Traceback (most recent call last):
  File "/root/data/robot/OpenWAM/benchmarks/robotwin/eval_policy_wrapper.py", line 218, in wrapped
    return method(*args, **kwargs)
  File "/root/data/robot/work/RoboTwin-openwam-verified/envs/beat_block_hammer.py", line 10, in setup_demo
    super()._init_task_env_(**kwags)
  File "/root/data/robot/work/RoboTwin-openwam-verified/envs/_base_task.py", line 90, in _init_task_env_
    self.setup_scene()
  File "/root/data/robot/work/RoboTwin-openwam-verified/envs/_base_task.py", line 210, in setup_scene
    self.renderer = sapien.SapienRenderer()
  File "/root/data/miniconda3/envs/robotwin-openwam/lib/python3.10/site-packages/sapien/wrapper/renderer.py", line 9, in __init__
    super().__init__()
RuntimeError: vk::PhysicalDevice::createDeviceUnique: ErrorExtensionNotPresent
[eval_policy_wrapper] expert check skipped seed=100337: RuntimeError
[eval_policy_wrapper] exception in beat_block_hammer.setup_demo
Traceback (most recent call last):
  File "/root/data/robot/OpenWAM/benchmarks/robotwin/eval_policy_wrapper.py", line 218, in wrapped
    return method(*args, **kwargs)
  File "/root/data/robot/work/RoboTwin-openwam-verified/envs/beat_block_hammer.py", line 10, in setup_demo
    super()._init_task_env_(**kwags)
  File "/root/data/robot/work/RoboTwin-openwam-verified/envs/_base_task.py", line 90, in _init_task_env_
    self.setup_scene()
  File "/root/data/robot/work/RoboTwin-openwam-verified/envs/_base_task.py", line 210, in setup_scene
    self.renderer = sapien.SapienRenderer()
  File "/root/data/miniconda3/envs/robotwin-openwam/lib/python3.10/site-packages/sapien/wrapper/renderer.py", line 9, in __init__
    super().__init__()
RuntimeError: vk::PhysicalDevice::createDeviceUnique: ErrorExtensionNotPresent
[eval_policy_wrapper] expert check skipped seed=100338: RuntimeError
[eval_policy_wrapper] exception in beat_block_hammer.setup_demo
Traceback (most recent call last):
  File "/root/data/robot/OpenWAM/benchmarks/robotwin/eval_policy_wrapper.py", line 218, in wrapped
    return method(*args, **kwargs)
  File "/root/data/robot/work/RoboTwin-openwam-verified/envs/beat_block_hammer.py", line 10, in setup_demo
    super()._init_task_env_(**kwags)
  File "/root/data/robot/work/RoboTwin-openwam-verified/envs/_base_task.py", line 90, in _init_task_env_
    self.setup_scene()
  File "/root/data/robot/work/RoboTwin-openwam-verified/envs/_base_task.py", line 210, in setup_scene
    self.renderer = sapien.SapienRenderer()
  File "/root/data/miniconda3/envs/robotwin-openwam/lib/python3.10/site-packages/sapien/wrapper/renderer.py", line 9, in __init__
    super().__init__()
RuntimeError: vk::PhysicalDevice::createDeviceUnique: ErrorExtensionNotPresent
[eval_policy_wrapper] expert check skipped seed=100339: RuntimeError
[eval_policy_wrapper] exception in beat_block_hammer.setup_demo
Traceback (most recent call last):
  File "/root/data/robot/OpenWAM/benchmarks/robotwin/eval_policy_wrapper.py", line 218, in wrapped
    return method(*args, **kwargs)
  File "/root/data/robot/work/RoboTwin-openwam-verified/envs/beat_block_hammer.py", line 10, in setup_demo
    super()._init_task_env_(**kwags)
  File "/root/data/robot/work/RoboTwin-openwam-verified/envs/_base_task.py", line 90, in _init_task_env_
    self.setup_scene()
  File "/root/data/robot/work/RoboTwin-openwam-verified/envs/_base_task.py", line 210, in setup_scene
    self.renderer = sapien.SapienRenderer()
  File "/root/data/miniconda3/envs/robotwin-openwam/lib/python3.10/site-packages/sapien/wrapper/renderer.py", line 9, in __init__
    super().__init__()
RuntimeError: vk::PhysicalDevice::createDeviceUnique: ErrorExtensionNotPresent
[eval_policy_wrapper] expert check skipped seed=100340: RuntimeError
[eval_policy_wrapper] exception in beat_block_hammer.setup_demo
Traceback (most recent call last):
  File "/root/data/robot/OpenWAM/benchmarks/robotwin/eval_policy_wrapper.py", line 218, in wrapped
    return method(*args, **kwargs)
  File "/root/data/robot/work/RoboTwin-openwam-verified/envs/beat_block_hammer.py", line 10, in setup_demo
    super()._init_task_env_(**kwags)
  File "/root/data/robot/work/RoboTwin-openwam-verified/envs/_base_task.py", line 90, in _init_task_env_
    self.setup_scene()
  File "/root/data/robot/work/RoboTwin-openwam-verified/envs/_base_task.py", line 210, in setup_scene
    self.renderer = sapien.SapienRenderer()
  File "/root/data/miniconda3/envs/robotwin-openwam/lib/python3.10/site-packages/sapien/wrapper/renderer.py", line 9, in __init__
    super().__init__()
RuntimeError: vk::PhysicalDevice::createDeviceUnique: ErrorExtensionNotPresent
[eval_policy_wrapper] expert check skipped seed=100341: RuntimeError
[eval_policy_wrapper] exception in beat_block_hammer.setup_demo
Traceback (most recent call last):
  File "/root/data/robot/OpenWAM/benchmarks/robotwin/eval_policy_wrapper.py", line 218, in wrapped
    return method(*args, **kwargs)
  File "/root/data/robot/work/RoboTwin-openwam-verified/envs/beat_block_hammer.py", line 10, in setup_demo
    super()._init_task_env_(**kwags)
  File "/root/data/robot/work/RoboTwin-openwam-verified/envs/_base_task.py", line 90, in _init_task_env_
    self.setup_scene()
  File "/root/data/robot/work/RoboTwin-openwam-verified/envs/_base_task.py", line 210, in setup_scene
    self.renderer = sapien.SapienRenderer()
  File "/root/data/miniconda3/envs/robotwin-openwam/lib/python3.10/site-packages/sapien/wrapper/renderer.py", line 9, in __init__
    super().__init__()
RuntimeError: vk::PhysicalDevice::createDeviceUnique: ErrorExtensionNotPresent
[eval_policy_wrapper] expert check skipped seed=100342: RuntimeError
[eval_policy_wrapper] exception in beat_block_hammer.setup_demo
Traceback (most recent call last):
  File "/root/data/robot/OpenWAM/benchmarks/robotwin/eval_policy_wrapper.py", line 218, in wrapped
    return method(*args, **kwargs)
  File "/root/data/robot/work/RoboTwin-openwam-verified/envs/beat_block_hammer.py", line 10, in setup_demo
    super()._init_task_env_(**kwags)
  File "/root/data/robot/work/RoboTwin-openwam-verified/envs/_base_task.py", line 90, in _init_task_env_
    self.setup_scene()
  File "/root/data/robot/work/RoboTwin-openwam-verified/envs/_base_task.py", line 210, in setup_scene
    self.renderer = sapien.SapienRenderer()
  File "/root/data/miniconda3/envs/robotwin-openwam/lib/python3.10/site-packages/sapien/wrapper/renderer.py", line 9, in __init__
    super().__init__()
RuntimeError: vk::PhysicalDevice::createDeviceUnique: ErrorExtensionNotPresent
[eval_policy_wrapper] expert check skipped seed=100343: RuntimeError
[eval_policy_wrapper] exception in beat_block_hammer.setup_demo
Traceback (most recent call last):
  File "/root/data/robot/OpenWAM/benchmarks/robotwin/eval_policy_wrapper.py", line 218, in wrapped
    return method(*args, **kwargs)
  File "/root/data/robot/work/RoboTwin-openwam-verified/envs/beat_block_hammer.py", line 10, in setup_demo
    super()._init_task_env_(**kwags)
  File "/root/data/robot/work/RoboTwin-openwam-verified/envs/_base_task.py", line 90, in _init_task_env_
    self.setup_scene()
  File "/root/data/robot/work/RoboTwin-openwam-verified/envs/_base_task.py", line 210, in setup_scene
    self.renderer = sapien.SapienRenderer()
  File "/root/data/miniconda3/envs/robotwin-openwam/lib/python3.10/site-packages/sapien/wrapper/renderer.py", line 9, in __init__
    super().__init__()
RuntimeError: vk::PhysicalDevice::createDeviceUnique: ErrorExtensionNotPresent
[eval_policy_wrapper] expert check skipped seed=100344: RuntimeError
[eval_policy_wrapper] exception in beat_block_hammer.setup_demo
Traceback (most recent call last):
  File "/root/data/robot/OpenWAM/benchmarks/robotwin/eval_policy_wrapper.py", line 218, in wrapped
    return method(*args, **kwargs)
  File "/root/data/robot/work/RoboTwin-openwam-verified/envs/beat_block_hammer.py", line 10, in setup_demo
    super()._init_task_env_(**kwags)
  File "/root/data/robot/work/RoboTwin-openwam-verified/envs/_base_task.py", line 90, in _init_task_env_
    self.setup_scene()
  File "/root/data/robot/work/RoboTwin-openwam-verified/envs/_base_task.py", line 210, in setup_scene
    self.renderer = sapien.SapienRenderer()
  File "/root/data/miniconda3/envs/robotwin-openwam/lib/python3.10/site-packages/sapien/wrapper/renderer.py", line 9, in __init__
    super().__init__()
RuntimeError: vk::PhysicalDevice::createDeviceUnique: ErrorExtensionNotPresent
[eval_policy_wrapper] expert check skipped seed=100345: RuntimeError
[eval_policy_wrapper] exception in beat_block_hammer.setup_demo
Traceback (most recent call last):
  File "/root/data/robot/OpenWAM/benchmarks/robotwin/eval_policy_wrapper.py", line 218, in wrapped
    return method(*args, **kwargs)
  File "/root/data/robot/work/RoboTwin-openwam-verified/envs/beat_block_hammer.py", line 10, in setup_demo
    super()._init_task_env_(**kwags)
  File "/root/data/robot/work/RoboTwin-openwam-verified/envs/_base_task.py", line 90, in _init_task_env_
    self.setup_scene()
  File "/root/data/robot/work/RoboTwin-openwam-verified/envs/_base_task.py", line 210, in setup_scene
    self.renderer = sapien.SapienRenderer()
  File "/root/data/miniconda3/envs/robotwin-openwam/lib/python3.10/site-packages/sapien/wrapper/renderer.py", line 9, in __init__
    super().__init__()
RuntimeError: vk::PhysicalDevice::createDeviceUnique: ErrorExtensionNotPresent
[eval_policy_wrapper] expert check skipped seed=100346: RuntimeError
[eval_policy_wrapper] exception in beat_block_hammer.setup_demo
Traceback (most recent call last):
  File "/root/data/robot/OpenWAM/benchmarks/robotwin/eval_policy_wrapper.py", line 218, in wrapped
    return method(*args, **kwargs)
  File "/root/data/robot/work/RoboTwin-openwam-verified/envs/beat_block_hammer.py", line 10, in setup_demo
    super()._init_task_env_(**kwags)
  File "/root/data/robot/work/RoboTwin-openwam-verified/envs/_base_task.py", line 90, in _init_task_env_
    self.setup_scene()
  File "/root/data/robot/work/RoboTwin-openwam-verified/envs/_base_task.py", line 210, in setup_scene
    self.renderer = sapien.SapienRenderer()
  File "/root/data/miniconda3/envs/robotwin-openwam/lib/python3.10/site-packages/sapien/wrapper/renderer.py", line 9, in __init__
    super().__init__()
RuntimeError: vk::PhysicalDevice::createDeviceUnique: ErrorExtensionNotPresent
[eval_policy_wrapper] expert check skipped seed=100347: RuntimeError
[eval_policy_wrapper] exception in beat_block_hammer.setup_demo
Traceback (most recent call last):
  File "/root/data/robot/OpenWAM/benchmarks/robotwin/eval_policy_wrapper.py", line 218, in wrapped
    return method(*args, **kwargs)
  File "/root/data/robot/work/RoboTwin-openwam-verified/envs/beat_block_hammer.py", line 10, in setup_demo
    super()._init_task_env_(**kwags)
  File "/root/data/robot/work/RoboTwin-openwam-verified/envs/_base_task.py", line 90, in _init_task_env_
    self.setup_scene()
  File "/root/data/robot/work/RoboTwin-openwam-verified/envs/_base_task.py", line 210, in setup_scene
    self.renderer = sapien.SapienRenderer()
  File "/root/data/miniconda3/envs/robotwin-openwam/lib/python3.10/site-packages/sapien/wrapper/renderer.py", line 9, in __init__
    super().__init__()
RuntimeError: vk::PhysicalDevice::createDeviceUnique: ErrorExtensionNotPresent
[eval_policy_wrapper] expert check skipped seed=100348: RuntimeError
[eval_policy_wrapper] exception in beat_block_hammer.setup_demo
Traceback (most recent call last):
  File "/root/data/robot/OpenWAM/benchmarks/robotwin/eval_policy_wrapper.py", line 218, in wrapped
    return method(*args, **kwargs)
  File "/root/data/robot/work/RoboTwin-openwam-verified/envs/beat_block_hammer.py", line 10, in setup_demo
    super()._init_task_env_(**kwags)
  File "/root/data/robot/work/RoboTwin-openwam-verified/envs/_base_task.py", line 90, in _init_task_env_
    self.setup_scene()
  File "/root/data/robot/work/RoboTwin-openwam-verified/envs/_base_task.py", line 210, in setup_scene
    self.renderer = sapien.SapienRenderer()
  File "/root/data/miniconda3/envs/robotwin-openwam/lib/python3.10/site-packages/sapien/wrapper/renderer.py", line 9, in __init__
    super().__init__()
RuntimeError: vk::PhysicalDevice::createDeviceUnique: ErrorExtensionNotPresent
[eval_policy_wrapper] expert check skipped seed=100349: RuntimeError
[eval_policy_wrapper] exception in beat_block_hammer.setup_demo
Traceback (most recent call last):
  File "/root/data/robot/OpenWAM/benchmarks/robotwin/eval_policy_wrapper.py", line 218, in wrapped
    return method(*args, **kwargs)
  File "/root/data/robot/work/RoboTwin-openwam-verified/envs/beat_block_hammer.py", line 10, in setup_demo
    super()._init_task_env_(**kwags)
  File "/root/data/robot/work/RoboTwin-openwam-verified/envs/_base_task.py", line 90, in _init_task_env_
    self.setup_scene()
  File "/root/data/robot/work/RoboTwin-openwam-verified/envs/_base_task.py", line 210, in setup_scene
    self.renderer = sapien.SapienRenderer()
  File "/root/data/miniconda3/envs/robotwin-openwam/lib/python3.10/site-packages/sapien/wrapper/renderer.py", line 9, in __init__
    super().__init__()
RuntimeError: vk::PhysicalDevice::createDeviceUnique: ErrorExtensionNotPresent
[eval_policy_wrapper] expert check skipped seed=100350: RuntimeError
[eval_policy_wrapper] exception in beat_block_hammer.setup_demo
Traceback (most recent call last):
  File "/root/data/robot/OpenWAM/benchmarks/robotwin/eval_policy_wrapper.py", line 218, in wrapped
    return method(*args, **kwargs)
  File "/root/data/robot/work/RoboTwin-openwam-verified/envs/beat_block_hammer.py", line 10, in setup_demo
    super()._init_task_env_(**kwags)
  File "/root/data/robot/work/RoboTwin-openwam-verified/envs/_base_task.py", line 90, in _init_task_env_
    self.setup_scene()
  File "/root/data/robot/work/RoboTwin-openwam-verified/envs/_base_task.py", line 210, in setup_scene
    self.renderer = sapien.SapienRenderer()
  File "/root/data/miniconda3/envs/robotwin-openwam/lib/python3.10/site-packages/sapien/wrapper/renderer.py", line 9, in __init__
    super().__init__()
RuntimeError: vk::PhysicalDevice::createDeviceUnique: ErrorExtensionNotPresent
[eval_policy_wrapper] expert check skipped seed=100351: RuntimeError
[eval_policy_wrapper] exception in beat_block_hammer.setup_demo
Traceback (most recent call last):
  File "/root/data/robot/OpenWAM/benchmarks/robotwin/eval_policy_wrapper.py", line 218, in wrapped
    return method(*args, **kwargs)
  File "/root/data/robot/work/RoboTwin-openwam-verified/envs/beat_block_hammer.py", line 10, in setup_demo
    super()._init_task_env_(**kwags)
  File "/root/data/robot/work/RoboTwin-openwam-verified/envs/_base_task.py", line 90, in _init_task_env_
    self.setup_scene()
  File "/root/data/robot/work/RoboTwin-openwam-verified/envs/_base_task.py", line 210, in setup_scene
    self.renderer = sapien.SapienRenderer()
  File "/root/data/miniconda3/envs/robotwin-openwam/lib/python3.10/site-packages/sapien/wrapper/renderer.py", line 9, in __init__
    super().__init__()
RuntimeError: vk::PhysicalDevice::createDeviceUnique: ErrorExtensionNotPresent
[eval_policy_wrapper] expert check skipped seed=100352: RuntimeError
[eval_policy_wrapper] exception in beat_block_hammer.setup_demo
Traceback (most recent call last):
  File "/root/data/robot/OpenWAM/benchmarks/robotwin/eval_policy_wrapper.py", line 218, in wrapped
    return method(*args, **kwargs)
  File "/root/data/robot/work/RoboTwin-openwam-verified/envs/beat_block_hammer.py", line 10, in setup_demo
    super()._init_task_env_(**kwags)
  File "/root/data/robot/work/RoboTwin-openwam-verified/envs/_base_task.py", line 90, in _init_task_env_
    self.setup_scene()
  File "/root/data/robot/work/RoboTwin-openwam-verified/envs/_base_task.py", line 210, in setup_scene
    self.renderer = sapien.SapienRenderer()
  File "/root/data/miniconda3/envs/robotwin-openwam/lib/python3.10/site-packages/sapien/wrapper/renderer.py", line 9, in __init__
    super().__init__()
RuntimeError: vk::PhysicalDevice::createDeviceUnique: ErrorExtensionNotPresent
[eval_policy_wrapper] expert check skipped seed=100353: RuntimeError
[eval_policy_wrapper] exception in beat_block_hammer.setup_demo
Traceback (most recent call last):
  File "/root/data/robot/OpenWAM/benchmarks/robotwin/eval_policy_wrapper.py", line 218, in wrapped
    return method(*args, **kwargs)
  File "/root/data/robot/work/RoboTwin-openwam-verified/envs/beat_block_hammer.py", line 10, in setup_demo
    super()._init_task_env_(**kwags)
  File "/root/data/robot/work/RoboTwin-openwam-verified/envs/_base_task.py", line 90, in _init_task_env_
    self.setup_scene()
  File "/root/data/robot/work/RoboTwin-openwam-verified/envs/_base_task.py", line 210, in setup_scene
    self.renderer = sapien.SapienRenderer()
  File "/root/data/miniconda3/envs/robotwin-openwam/lib/python3.10/site-packages/sapien/wrapper/renderer.py", line 9, in __init__
    super().__init__()
RuntimeError: vk::PhysicalDevice::createDeviceUnique: ErrorExtensionNotPresent
[eval_policy_wrapper] expert check skipped seed=100354: RuntimeError
[eval_policy_wrapper] exception in beat_block_hammer.setup_demo
Traceback (most recent call last):
  File "/root/data/robot/OpenWAM/benchmarks/robotwin/eval_policy_wrapper.py", line 218, in wrapped
    return method(*args, **kwargs)
  File "/root/data/robot/work/RoboTwin-openwam-verified/envs/beat_block_hammer.py", line 10, in setup_demo
    super()._init_task_env_(**kwags)
  File "/root/data/robot/work/RoboTwin-openwam-verified/envs/_base_task.py", line 90, in _init_task_env_
    self.setup_scene()
  File "/root/data/robot/work/RoboTwin-openwam-verified/envs/_base_task.py", line 210, in setup_scene
    self.renderer = sapien.SapienRenderer()
  File "/root/data/miniconda3/envs/robotwin-openwam/lib/python3.10/site-packages/sapien/wrapper/renderer.py", line 9, in __init__
    super().__init__()
RuntimeError: vk::PhysicalDevice::createDeviceUnique: ErrorExtensionNotPresent
[eval_policy_wrapper] expert check skipped seed=100355: RuntimeError
[eval_policy_wrapper] exception in beat_block_hammer.setup_demo
Traceback (most recent call last):
  File "/root/data/robot/OpenWAM/benchmarks/robotwin/eval_policy_wrapper.py", line 218, in wrapped
    return method(*args, **kwargs)
  File "/root/data/robot/work/RoboTwin-openwam-verified/envs/beat_block_hammer.py", line 10, in setup_demo
    super()._init_task_env_(**kwags)
  File "/root/data/robot/work/RoboTwin-openwam-verified/envs/_base_task.py", line 90, in _init_task_env_
    self.setup_scene()
  File "/root/data/robot/work/RoboTwin-openwam-verified/envs/_base_task.py", line 210, in setup_scene
    self.renderer = sapien.SapienRenderer()
  File "/root/data/miniconda3/envs/robotwin-openwam/lib/python3.10/site-packages/sapien/wrapper/renderer.py", line 9, in __init__
    super().__init__()
RuntimeError: vk::PhysicalDevice::createDeviceUnique: ErrorExtensionNotPresent
[eval_policy_wrapper] expert check skipped seed=100356: RuntimeError
[eval_policy_wrapper] exception in beat_block_hammer.setup_demo
Traceback (most recent call last):
  File "/root/data/robot/OpenWAM/benchmarks/robotwin/eval_policy_wrapper.py", line 218, in wrapped
    return method(*args, **kwargs)
  File "/root/data/robot/work/RoboTwin-openwam-verified/envs/beat_block_hammer.py", line 10, in setup_demo
    super()._init_task_env_(**kwags)
  File "/root/data/robot/work/RoboTwin-openwam-verified/envs/_base_task.py", line 90, in _init_task_env_
    self.setup_scene()
  File "/root/data/robot/work/RoboTwin-openwam-verified/envs/_base_task.py", line 210, in setup_scene
    self.renderer = sapien.SapienRenderer()
  File "/root/data/miniconda3/envs/robotwin-openwam/lib/python3.10/site-packages/sapien/wrapper/renderer.py", line 9, in __init__
    super().__init__()
RuntimeError: vk::PhysicalDevice::createDeviceUnique: ErrorExtensionNotPresent
[eval_policy_wrapper] expert check skipped seed=100357: RuntimeError
[eval_policy_wrapper] exception in beat_block_hammer.setup_demo
Traceback (most recent call last):
  File "/root/data/robot/OpenWAM/benchmarks/robotwin/eval_policy_wrapper.py", line 218, in wrapped
    return method(*args, **kwargs)
  File "/root/data/robot/work/RoboTwin-openwam-verified/envs/beat_block_hammer.py", line 10, in setup_demo
    super()._init_task_env_(**kwags)
  File "/root/data/robot/work/RoboTwin-openwam-verified/envs/_base_task.py", line 90, in _init_task_env_
    self.setup_scene()
  File "/root/data/robot/work/RoboTwin-openwam-verified/envs/_base_task.py", line 210, in setup_scene
    self.renderer = sapien.SapienRenderer()
  File "/root/data/miniconda3/envs/robotwin-openwam/lib/python3.10/site-packages/sapien/wrapper/renderer.py", line 9, in __init__
    super().__init__()
RuntimeError: vk::PhysicalDevice::createDeviceUnique: ErrorExtensionNotPresent
[eval_policy_wrapper] expert check skipped seed=100358: RuntimeError
[eval_policy_wrapper] exception in beat_block_hammer.setup_demo
Traceback (most recent call last):
  File "/root/data/robot/OpenWAM/benchmarks/robotwin/eval_policy_wrapper.py", line 218, in wrapped
    return method(*args, **kwargs)
  File "/root/data/robot/work/RoboTwin-openwam-verified/envs/beat_block_hammer.py", line 10, in setup_demo
    super()._init_task_env_(**kwags)
  File "/root/data/robot/work/RoboTwin-openwam-verified/envs/_base_task.py", line 90, in _init_task_env_
    self.setup_scene()
  File "/root/data/robot/work/RoboTwin-openwam-verified/envs/_base_task.py", line 210, in setup_scene
    self.renderer = sapien.SapienRenderer()
  File "/root/data/miniconda3/envs/robotwin-openwam/lib/python3.10/site-packages/sapien/wrapper/renderer.py", line 9, in __init__
    super().__init__()
RuntimeError: vk::PhysicalDevice::createDeviceUnique: ErrorExtensionNotPresent
[eval_policy_wrapper] expert check skipped seed=100359: RuntimeError
[eval_policy_wrapper] exception in beat_block_hammer.setup_demo
Traceback (most recent call last):
  File "/root/data/robot/OpenWAM/benchmarks/robotwin/eval_policy_wrapper.py", line 218, in wrapped
    return method(*args, **kwargs)
  File "/root/data/robot/work/RoboTwin-openwam-verified/envs/beat_block_hammer.py", line 10, in setup_demo
    super()._init_task_env_(**kwags)
  File "/root/data/robot/work/RoboTwin-openwam-verified/envs/_base_task.py", line 90, in _init_task_env_
    self.setup_scene()
  File "/root/data/robot/work/RoboTwin-openwam-verified/envs/_base_task.py", line 210, in setup_scene
    self.renderer = sapien.SapienRenderer()
  File "/root/data/miniconda3/envs/robotwin-openwam/lib/python3.10/site-packages/sapien/wrapper/renderer.py", line 9, in __init__
    super().__init__()
RuntimeError: vk::PhysicalDevice::createDeviceUnique: ErrorExtensionNotPresent
[eval_policy_wrapper] expert check skipped seed=100360: RuntimeError
[eval_policy_wrapper] exception in beat_block_hammer.setup_demo
Traceback (most recent call last):
  File "/root/data/robot/OpenWAM/benchmarks/robotwin/eval_policy_wrapper.py", line 218, in wrapped
    return method(*args, **kwargs)
  File "/root/data/robot/work/RoboTwin-openwam-verified/envs/beat_block_hammer.py", line 10, in setup_demo
    super()._init_task_env_(**kwags)
  File "/root/data/robot/work/RoboTwin-openwam-verified/envs/_base_task.py", line 90, in _init_task_env_
    self.setup_scene()
  File "/root/data/robot/work/RoboTwin-openwam-verified/envs/_base_task.py", line 210, in setup_scene
    self.renderer = sapien.SapienRenderer()
  File "/root/data/miniconda3/envs/robotwin-openwam/lib/python3.10/site-packages/sapien/wrapper/renderer.py", line 9, in __init__
    super().__init__()
RuntimeError: vk::PhysicalDevice::createDeviceUnique: ErrorExtensionNotPresent
[eval_policy_wrapper] expert check skipped seed=100361: RuntimeError
[eval_policy_wrapper] exception in beat_block_hammer.setup_demo
Traceback (most recent call last):
  File "/root/data/robot/OpenWAM/benchmarks/robotwin/eval_policy_wrapper.py", line 218, in wrapped
    return method(*args, **kwargs)
  File "/root/data/robot/work/RoboTwin-openwam-verified/envs/beat_block_hammer.py", line 10, in setup_demo
    super()._init_task_env_(**kwags)
  File "/root/data/robot/work/RoboTwin-openwam-verified/envs/_base_task.py", line 90, in _init_task_env_
    self.setup_scene()
  File "/root/data/robot/work/RoboTwin-openwam-verified/envs/_base_task.py", line 210, in setup_scene
    self.renderer = sapien.SapienRenderer()
  File "/root/data/miniconda3/envs/robotwin-openwam/lib/python3.10/site-packages/sapien/wrapper/renderer.py", line 9, in __init__
    super().__init__()
RuntimeError: vk::PhysicalDevice::createDeviceUnique: ErrorExtensionNotPresent
[eval_policy_wrapper] expert check skipped seed=100362: RuntimeError
[eval_policy_wrapper] exception in beat_block_hammer.setup_demo
Traceback (most recent call last):
  File "/root/data/robot/OpenWAM/benchmarks/robotwin/eval_policy_wrapper.py", line 218, in wrapped
    return method(*args, **kwargs)
  File "/root/data/robot/work/RoboTwin-openwam-verified/envs/beat_block_hammer.py", line 10, in setup_demo
    super()._init_task_env_(**kwags)
  File "/root/data/robot/work/RoboTwin-openwam-verified/envs/_base_task.py", line 90, in _init_task_env_
    self.setup_scene()
  File "/root/data/robot/work/RoboTwin-openwam-verified/envs/_base_task.py", line 210, in setup_scene
    self.renderer = sapien.SapienRenderer()
  File "/root/data/miniconda3/envs/robotwin-openwam/lib/python3.10/site-packages/sapien/wrapper/renderer.py", line 9, in __init__
    super().__init__()
RuntimeError: vk::PhysicalDevice::createDeviceUnique: ErrorExtensionNotPresent
[eval_policy_wrapper] expert check skipped seed=100363: RuntimeError
[eval_policy_wrapper] exception in beat_block_hammer.setup_demo
Traceback (most recent call last):
  File "/root/data/robot/OpenWAM/benchmarks/robotwin/eval_policy_wrapper.py", line 218, in wrapped
    return method(*args, **kwargs)
  File "/root/data/robot/work/RoboTwin-openwam-verified/envs/beat_block_hammer.py", line 10, in setup_demo
    super()._init_task_env_(**kwags)
  File "/root/data/robot/work/RoboTwin-openwam-verified/envs/_base_task.py", line 90, in _init_task_env_
    self.setup_scene()
  File "/root/data/robot/work/RoboTwin-openwam-verified/envs/_base_task.py", line 210, in setup_scene
    self.renderer = sapien.SapienRenderer()
  File "/root/data/miniconda3/envs/robotwin-openwam/lib/python3.10/site-packages/sapien/wrapper/renderer.py", line 9, in __init__
    super().__init__()
RuntimeError: vk::PhysicalDevice::createDeviceUnique: ErrorExtensionNotPresent
[eval_policy_wrapper] expert check skipped seed=100364: RuntimeError
[eval_policy_wrapper] exception in beat_block_hammer.setup_demo
Traceback (most recent call last):
  File "/root/data/robot/OpenWAM/benchmarks/robotwin/eval_policy_wrapper.py", line 218, in wrapped
    return method(*args, **kwargs)
  File "/root/data/robot/work/RoboTwin-openwam-verified/envs/beat_block_hammer.py", line 10, in setup_demo
    super()._init_task_env_(**kwags)
  File "/root/data/robot/work/RoboTwin-openwam-verified/envs/_base_task.py", line 90, in _init_task_env_
    self.setup_scene()
  File "/root/data/robot/work/RoboTwin-openwam-verified/envs/_base_task.py", line 210, in setup_scene
    self.renderer = sapien.SapienRenderer()
  File "/root/data/miniconda3/envs/robotwin-openwam/lib/python3.10/site-packages/sapien/wrapper/renderer.py", line 9, in __init__
    super().__init__()
RuntimeError: vk::PhysicalDevice::createDeviceUnique: ErrorExtensionNotPresent
[eval_policy_wrapper] expert check skipped seed=100365: RuntimeError
[eval_policy_wrapper] exception in beat_block_hammer.setup_demo
Traceback (most recent call last):
  File "/root/data/robot/OpenWAM/benchmarks/robotwin/eval_policy_wrapper.py", line 218, in wrapped
    return method(*args, **kwargs)
  File "/root/data/robot/work/RoboTwin-openwam-verified/envs/beat_block_hammer.py", line 10, in setup_demo
    super()._init_task_env_(**kwags)
  File "/root/data/robot/work/RoboTwin-openwam-verified/envs/_base_task.py", line 90, in _init_task_env_
    self.setup_scene()
  File "/root/data/robot/work/RoboTwin-openwam-verified/envs/_base_task.py", line 210, in setup_scene
    self.renderer = sapien.SapienRenderer()
  File "/root/data/miniconda3/envs/robotwin-openwam/lib/python3.10/site-packages/sapien/wrapper/renderer.py", line 9, in __init__
    super().__init__()
RuntimeError: vk::PhysicalDevice::createDeviceUnique: ErrorExtensionNotPresent
[eval_policy_wrapper] expert check skipped seed=100366: RuntimeError
[eval_policy_wrapper] exception in beat_block_hammer.setup_demo
Traceback (most recent call last):
  File "/root/data/robot/OpenWAM/benchmarks/robotwin/eval_policy_wrapper.py", line 218, in wrapped
    return method(*args, **kwargs)
  File "/root/data/robot/work/RoboTwin-openwam-verified/envs/beat_block_hammer.py", line 10, in setup_demo
    super()._init_task_env_(**kwags)
  File "/root/data/robot/work/RoboTwin-openwam-verified/envs/_base_task.py", line 90, in _init_task_env_
    self.setup_scene()
  File "/root/data/robot/work/RoboTwin-openwam-verified/envs/_base_task.py", line 210, in setup_scene
    self.renderer = sapien.SapienRenderer()
  File "/root/data/miniconda3/envs/robotwin-openwam/lib/python3.10/site-packages/sapien/wrapper/renderer.py", line 9, in __init__
    super().__init__()
RuntimeError: vk::PhysicalDevice::createDeviceUnique: ErrorExtensionNotPresent
[eval_policy_wrapper] expert check skipped seed=100367: RuntimeError
[eval_policy_wrapper] exception in beat_block_hammer.setup_demo
Traceback (most recent call last):
  File "/root/data/robot/OpenWAM/benchmarks/robotwin/eval_policy_wrapper.py", line 218, in wrapped
    return method(*args, **kwargs)
  File "/root/data/robot/work/RoboTwin-openwam-verified/envs/beat_block_hammer.py", line 10, in setup_demo
    super()._init_task_env_(**kwags)
  File "/root/data/robot/work/RoboTwin-openwam-verified/envs/_base_task.py", line 90, in _init_task_env_
    self.setup_scene()
  File "/root/data/robot/work/RoboTwin-openwam-verified/envs/_base_task.py", line 210, in setup_scene
    self.renderer = sapien.SapienRenderer()
  File "/root/data/miniconda3/envs/robotwin-openwam/lib/python3.10/site-packages/sapien/wrapper/renderer.py", line 9, in __init__
    super().__init__()
RuntimeError: vk::PhysicalDevice::createDeviceUnique: ErrorExtensionNotPresent
[eval_policy_wrapper] expert check skipped seed=100368: RuntimeError
[eval_policy_wrapper] exception in beat_block_hammer.setup_demo
Traceback (most recent call last):
  File "/root/data/robot/OpenWAM/benchmarks/robotwin/eval_policy_wrapper.py", line 218, in wrapped
    return method(*args, **kwargs)
  File "/root/data/robot/work/RoboTwin-openwam-verified/envs/beat_block_hammer.py", line 10, in setup_demo
    super()._init_task_env_(**kwags)
  File "/root/data/robot/work/RoboTwin-openwam-verified/envs/_base_task.py", line 90, in _init_task_env_
    self.setup_scene()
  File "/root/data/robot/work/RoboTwin-openwam-verified/envs/_base_task.py", line 210, in setup_scene
    self.renderer = sapien.SapienRenderer()
  File "/root/data/miniconda3/envs/robotwin-openwam/lib/python3.10/site-packages/sapien/wrapper/renderer.py", line 9, in __init__
    super().__init__()
RuntimeError: vk::PhysicalDevice::createDeviceUnique: ErrorExtensionNotPresent
[eval_policy_wrapper] expert check skipped seed=100369: RuntimeError
[eval_policy_wrapper] exception in beat_block_hammer.setup_demo
Traceback (most recent call last):
  File "/root/data/robot/OpenWAM/benchmarks/robotwin/eval_policy_wrapper.py", line 218, in wrapped
    return method(*args, **kwargs)
  File "/root/data/robot/work/RoboTwin-openwam-verified/envs/beat_block_hammer.py", line 10, in setup_demo
    super()._init_task_env_(**kwags)
  File "/root/data/robot/work/RoboTwin-openwam-verified/envs/_base_task.py", line 90, in _init_task_env_
    self.setup_scene()
  File "/root/data/robot/work/RoboTwin-openwam-verified/envs/_base_task.py", line 210, in setup_scene
    self.renderer = sapien.SapienRenderer()
  File "/root/data/miniconda3/envs/robotwin-openwam/lib/python3.10/site-packages/sapien/wrapper/renderer.py", line 9, in __init__
    super().__init__()
RuntimeError: vk::PhysicalDevice::createDeviceUnique: ErrorExtensionNotPresent
[eval_policy_wrapper] expert check skipped seed=100370: RuntimeError
[eval_policy_wrapper] exception in beat_block_hammer.setup_demo
Traceback (most recent call last):
  File "/root/data/robot/OpenWAM/benchmarks/robotwin/eval_policy_wrapper.py", line 218, in wrapped
    return method(*args, **kwargs)
  File "/root/data/robot/work/RoboTwin-openwam-verified/envs/beat_block_hammer.py", line 10, in setup_demo
    super()._init_task_env_(**kwags)
  File "/root/data/robot/work/RoboTwin-openwam-verified/envs/_base_task.py", line 90, in _init_task_env_
    self.setup_scene()
  File "/root/data/robot/work/RoboTwin-openwam-verified/envs/_base_task.py", line 210, in setup_scene
    self.renderer = sapien.SapienRenderer()
  File "/root/data/miniconda3/envs/robotwin-openwam/lib/python3.10/site-packages/sapien/wrapper/renderer.py", line 9, in __init__
    super().__init__()
RuntimeError: vk::PhysicalDevice::createDeviceUnique: ErrorExtensionNotPresent
[eval_policy_wrapper] expert check skipped seed=100371: RuntimeError
[eval_policy_wrapper] exception in beat_block_hammer.setup_demo
Traceback (most recent call last):
  File "/root/data/robot/OpenWAM/benchmarks/robotwin/eval_policy_wrapper.py", line 218, in wrapped
    return method(*args, **kwargs)
  File "/root/data/robot/work/RoboTwin-openwam-verified/envs/beat_block_hammer.py", line 10, in setup_demo
    super()._init_task_env_(**kwags)
  File "/root/data/robot/work/RoboTwin-openwam-verified/envs/_base_task.py", line 90, in _init_task_env_
    self.setup_scene()
  File "/root/data/robot/work/RoboTwin-openwam-verified/envs/_base_task.py", line 210, in setup_scene
    self.renderer = sapien.SapienRenderer()
  File "/root/data/miniconda3/envs/robotwin-openwam/lib/python3.10/site-packages/sapien/wrapper/renderer.py", line 9, in __init__
    super().__init__()
RuntimeError: vk::PhysicalDevice::createDeviceUnique: ErrorExtensionNotPresent
[eval_policy_wrapper] expert check skipped seed=100372: RuntimeError
[eval_policy_wrapper] exception in beat_block_hammer.setup_demo
Traceback (most recent call last):
  File "/root/data/robot/OpenWAM/benchmarks/robotwin/eval_policy_wrapper.py", line 218, in wrapped
    return method(*args, **kwargs)
  File "/root/data/robot/work/RoboTwin-openwam-verified/envs/beat_block_hammer.py", line 10, in setup_demo
    super()._init_task_env_(**kwags)
  File "/root/data/robot/work/RoboTwin-openwam-verified/envs/_base_task.py", line 90, in _init_task_env_
    self.setup_scene()
  File "/root/data/robot/work/RoboTwin-openwam-verified/envs/_base_task.py", line 210, in setup_scene
    self.renderer = sapien.SapienRenderer()
  File "/root/data/miniconda3/envs/robotwin-openwam/lib/python3.10/site-packages/sapien/wrapper/renderer.py", line 9, in __init__
    super().__init__()
RuntimeError: vk::PhysicalDevice::createDeviceUnique: ErrorExtensionNotPresent
[eval_policy_wrapper] expert check skipped seed=100373: RuntimeError
[eval_policy_wrapper] exception in beat_block_hammer.setup_demo
Traceback (most recent call last):
  File "/root/data/robot/OpenWAM/benchmarks/robotwin/eval_policy_wrapper.py", line 218, in wrapped
    return method(*args, **kwargs)
  File "/root/data/robot/work/RoboTwin-openwam-verified/envs/beat_block_hammer.py", line 10, in setup_demo
    super()._init_task_env_(**kwags)
  File "/root/data/robot/work/RoboTwin-openwam-verified/envs/_base_task.py", line 90, in _init_task_env_
    self.setup_scene()
  File "/root/data/robot/work/RoboTwin-openwam-verified/envs/_base_task.py", line 210, in setup_scene
    self.renderer = sapien.SapienRenderer()
  File "/root/data/miniconda3/envs/robotwin-openwam/lib/python3.10/site-packages/sapien/wrapper/renderer.py", line 9, in __init__
    super().__init__()
RuntimeError: vk::PhysicalDevice::createDeviceUnique: ErrorExtensionNotPresent
[eval_policy_wrapper] expert check skipped seed=100374: RuntimeError
[eval_policy_wrapper] exception in beat_block_hammer.setup_demo
Traceback (most recent call last):
  File "/root/data/robot/OpenWAM/benchmarks/robotwin/eval_policy_wrapper.py", line 218, in wrapped
    return method(*args, **kwargs)
  File "/root/data/robot/work/RoboTwin-openwam-verified/envs/beat_block_hammer.py", line 10, in setup_demo
    super()._init_task_env_(**kwags)
  File "/root/data/robot/work/RoboTwin-openwam-verified/envs/_base_task.py", line 90, in _init_task_env_
    self.setup_scene()
  File "/root/data/robot/work/RoboTwin-openwam-verified/envs/_base_task.py", line 210, in setup_scene
    self.renderer = sapien.SapienRenderer()
  File "/root/data/miniconda3/envs/robotwin-openwam/lib/python3.10/site-packages/sapien/wrapper/renderer.py", line 9, in __init__
    super().__init__()
RuntimeError: vk::PhysicalDevice::createDeviceUnique: ErrorExtensionNotPresent
[eval_policy_wrapper] expert check skipped seed=100375: RuntimeError
[eval_policy_wrapper] exception in beat_block_hammer.setup_demo
Traceback (most recent call last):
  File "/root/data/robot/OpenWAM/benchmarks/robotwin/eval_policy_wrapper.py", line 218, in wrapped
    return method(*args, **kwargs)
  File "/root/data/robot/work/RoboTwin-openwam-verified/envs/beat_block_hammer.py", line 10, in setup_demo
    super()._init_task_env_(**kwags)
  File "/root/data/robot/work/RoboTwin-openwam-verified/envs/_base_task.py", line 90, in _init_task_env_
    self.setup_scene()
  File "/root/data/robot/work/RoboTwin-openwam-verified/envs/_base_task.py", line 210, in setup_scene
    self.renderer = sapien.SapienRenderer()
  File "/root/data/miniconda3/envs/robotwin-openwam/lib/python3.10/site-packages/sapien/wrapper/renderer.py", line 9, in __init__
    super().__init__()
RuntimeError: vk::PhysicalDevice::createDeviceUnique: ErrorExtensionNotPresent
[eval_policy_wrapper] expert check skipped seed=100376: RuntimeError
[eval_policy_wrapper] exception in beat_block_hammer.setup_demo
Traceback (most recent call last):
  File "/root/data/robot/OpenWAM/benchmarks/robotwin/eval_policy_wrapper.py", line 218, in wrapped
    return method(*args, **kwargs)
  File "/root/data/robot/work/RoboTwin-openwam-verified/envs/beat_block_hammer.py", line 10, in setup_demo
    super()._init_task_env_(**kwags)
  File "/root/data/robot/work/RoboTwin-openwam-verified/envs/_base_task.py", line 90, in _init_task_env_
    self.setup_scene()
  File "/root/data/robot/work/RoboTwin-openwam-verified/envs/_base_task.py", line 210, in setup_scene
    self.renderer = sapien.SapienRenderer()
  File "/root/data/miniconda3/envs/robotwin-openwam/lib/python3.10/site-packages/sapien/wrapper/renderer.py", line 9, in __init__
    super().__init__()
RuntimeError: vk::PhysicalDevice::createDeviceUnique: ErrorExtensionNotPresent
[eval_policy_wrapper] expert check skipped seed=100377: RuntimeError
[eval_policy_wrapper] exception in beat_block_hammer.setup_demo
Traceback (most recent call last):
  File "/root/data/robot/OpenWAM/benchmarks/robotwin/eval_policy_wrapper.py", line 218, in wrapped
    return method(*args, **kwargs)
  File "/root/data/robot/work/RoboTwin-openwam-verified/envs/beat_block_hammer.py", line 10, in setup_demo
    super()._init_task_env_(**kwags)
  File "/root/data/robot/work/RoboTwin-openwam-verified/envs/_base_task.py", line 90, in _init_task_env_
    self.setup_scene()
  File "/root/data/robot/work/RoboTwin-openwam-verified/envs/_base_task.py", line 210, in setup_scene
    self.renderer = sapien.SapienRenderer()
  File "/root/data/miniconda3/envs/robotwin-openwam/lib/python3.10/site-packages/sapien/wrapper/renderer.py", line 9, in __init__
    super().__init__()
RuntimeError: vk::PhysicalDevice::createDeviceUnique: ErrorExtensionNotPresent
[eval_policy_wrapper] expert check skipped seed=100378: RuntimeError
[eval_policy_wrapper] exception in beat_block_hammer.setup_demo
Traceback (most recent call last):
  File "/root/data/robot/OpenWAM/benchmarks/robotwin/eval_policy_wrapper.py", line 218, in wrapped
    return method(*args, **kwargs)
  File "/root/data/robot/work/RoboTwin-openwam-verified/envs/beat_block_hammer.py", line 10, in setup_demo
    super()._init_task_env_(**kwags)
  File "/root/data/robot/work/RoboTwin-openwam-verified/envs/_base_task.py", line 90, in _init_task_env_
    self.setup_scene()
  File "/root/data/robot/work/RoboTwin-openwam-verified/envs/_base_task.py", line 210, in setup_scene
    self.renderer = sapien.SapienRenderer()
  File "/root/data/miniconda3/envs/robotwin-openwam/lib/python3.10/site-packages/sapien/wrapper/renderer.py", line 9, in __init__
    super().__init__()
RuntimeError: vk::PhysicalDevice::createDeviceUnique: ErrorExtensionNotPresent
[eval_policy_wrapper] expert check skipped seed=100379: RuntimeError
[eval_policy_wrapper] exception in beat_block_hammer.setup_demo
Traceback (most recent call last):
  File "/root/data/robot/OpenWAM/benchmarks/robotwin/eval_policy_wrapper.py", line 218, in wrapped
    return method(*args, **kwargs)
  File "/root/data/robot/work/RoboTwin-openwam-verified/envs/beat_block_hammer.py", line 10, in setup_demo
    super()._init_task_env_(**kwags)
  File "/root/data/robot/work/RoboTwin-openwam-verified/envs/_base_task.py", line 90, in _init_task_env_
    self.setup_scene()
  File "/root/data/robot/work/RoboTwin-openwam-verified/envs/_base_task.py", line 210, in setup_scene
    self.renderer = sapien.SapienRenderer()
  File "/root/data/miniconda3/envs/robotwin-openwam/lib/python3.10/site-packages/sapien/wrapper/renderer.py", line 9, in __init__
    super().__init__()
RuntimeError: vk::PhysicalDevice::createDeviceUnique: ErrorExtensionNotPresent
[eval_policy_wrapper] expert check skipped seed=100380: RuntimeError
[eval_policy_wrapper] exception in beat_block_hammer.setup_demo
Traceback (most recent call last):
  File "/root/data/robot/OpenWAM/benchmarks/robotwin/eval_policy_wrapper.py", line 218, in wrapped
    return method(*args, **kwargs)
  File "/root/data/robot/work/RoboTwin-openwam-verified/envs/beat_block_hammer.py", line 10, in setup_demo
    super()._init_task_env_(**kwags)
  File "/root/data/robot/work/RoboTwin-openwam-verified/envs/_base_task.py", line 90, in _init_task_env_
    self.setup_scene()
  File "/root/data/robot/work/RoboTwin-openwam-verified/envs/_base_task.py", line 210, in setup_scene
    self.renderer = sapien.SapienRenderer()
  File "/root/data/miniconda3/envs/robotwin-openwam/lib/python3.10/site-packages/sapien/wrapper/renderer.py", line 9, in __init__
    super().__init__()
RuntimeError: vk::PhysicalDevice::createDeviceUnique: ErrorExtensionNotPresent
[eval_policy_wrapper] expert check skipped seed=100381: RuntimeError
[eval_policy_wrapper] exception in beat_block_hammer.setup_demo
Traceback (most recent call last):
  File "/root/data/robot/OpenWAM/benchmarks/robotwin/eval_policy_wrapper.py", line 218, in wrapped
    return method(*args, **kwargs)
  File "/root/data/robot/work/RoboTwin-openwam-verified/envs/beat_block_hammer.py", line 10, in setup_demo
    super()._init_task_env_(**kwags)
  File "/root/data/robot/work/RoboTwin-openwam-verified/envs/_base_task.py", line 90, in _init_task_env_
    self.setup_scene()
  File "/root/data/robot/work/RoboTwin-openwam-verified/envs/_base_task.py", line 210, in setup_scene
    self.renderer = sapien.SapienRenderer()
  File "/root/data/miniconda3/envs/robotwin-openwam/lib/python3.10/site-packages/sapien/wrapper/renderer.py", line 9, in __init__
    super().__init__()
RuntimeError: vk::PhysicalDevice::createDeviceUnique: ErrorExtensionNotPresent
[eval_policy_wrapper] expert check skipped seed=100382: RuntimeError
[eval_policy_wrapper] exception in beat_block_hammer.setup_demo
Traceback (most recent call last):
  File "/root/data/robot/OpenWAM/benchmarks/robotwin/eval_policy_wrapper.py", line 218, in wrapped
    return method(*args, **kwargs)
  File "/root/data/robot/work/RoboTwin-openwam-verified/envs/beat_block_hammer.py", line 10, in setup_demo
    super()._init_task_env_(**kwags)
  File "/root/data/robot/work/RoboTwin-openwam-verified/envs/_base_task.py", line 90, in _init_task_env_
    self.setup_scene()
  File "/root/data/robot/work/RoboTwin-openwam-verified/envs/_base_task.py", line 210, in setup_scene
    self.renderer = sapien.SapienRenderer()
  File "/root/data/miniconda3/envs/robotwin-openwam/lib/python3.10/site-packages/sapien/wrapper/renderer.py", line 9, in __init__
    super().__init__()
RuntimeError: vk::PhysicalDevice::createDeviceUnique: ErrorExtensionNotPresent
[eval_policy_wrapper] expert check skipped seed=100383: RuntimeError
[eval_policy_wrapper] exception in beat_block_hammer.setup_demo
Traceback (most recent call last):
  File "/root/data/robot/OpenWAM/benchmarks/robotwin/eval_policy_wrapper.py", line 218, in wrapped
    return method(*args, **kwargs)
  File "/root/data/robot/work/RoboTwin-openwam-verified/envs/beat_block_hammer.py", line 10, in setup_demo
    super()._init_task_env_(**kwags)
  File "/root/data/robot/work/RoboTwin-openwam-verified/envs/_base_task.py", line 90, in _init_task_env_
    self.setup_scene()
  File "/root/data/robot/work/RoboTwin-openwam-verified/envs/_base_task.py", line 210, in setup_scene
    self.renderer = sapien.SapienRenderer()
  File "/root/data/miniconda3/envs/robotwin-openwam/lib/python3.10/site-packages/sapien/wrapper/renderer.py", line 9, in __init__
    super().__init__()
RuntimeError: vk::PhysicalDevice::createDeviceUnique: ErrorExtensionNotPresent
[eval_policy_wrapper] expert check skipped seed=100384: RuntimeError
[eval_policy_wrapper] exception in beat_block_hammer.setup_demo
Traceback (most recent call last):
  File "/root/data/robot/OpenWAM/benchmarks/robotwin/eval_policy_wrapper.py", line 218, in wrapped
    return method(*args, **kwargs)
  File "/root/data/robot/work/RoboTwin-openwam-verified/envs/beat_block_hammer.py", line 10, in setup_demo
    super()._init_task_env_(**kwags)
  File "/root/data/robot/work/RoboTwin-openwam-verified/envs/_base_task.py", line 90, in _init_task_env_
    self.setup_scene()
  File "/root/data/robot/work/RoboTwin-openwam-verified/envs/_base_task.py", line 210, in setup_scene
    self.renderer = sapien.SapienRenderer()
  File "/root/data/miniconda3/envs/robotwin-openwam/lib/python3.10/site-packages/sapien/wrapper/renderer.py", line 9, in __init__
    super().__init__()
RuntimeError: vk::PhysicalDevice::createDeviceUnique: ErrorExtensionNotPresent
[eval_policy_wrapper] expert check skipped seed=100385: RuntimeError
[eval_policy_wrapper] exception in beat_block_hammer.setup_demo
Traceback (most recent call last):
  File "/root/data/robot/OpenWAM/benchmarks/robotwin/eval_policy_wrapper.py", line 218, in wrapped
    return method(*args, **kwargs)
  File "/root/data/robot/work/RoboTwin-openwam-verified/envs/beat_block_hammer.py", line 10, in setup_demo
    super()._init_task_env_(**kwags)
  File "/root/data/robot/work/RoboTwin-openwam-verified/envs/_base_task.py", line 90, in _init_task_env_
    self.setup_scene()
  File "/root/data/robot/work/RoboTwin-openwam-verified/envs/_base_task.py", line 210, in setup_scene
    self.renderer = sapien.SapienRenderer()
  File "/root/data/miniconda3/envs/robotwin-openwam/lib/python3.10/site-packages/sapien/wrapper/renderer.py", line 9, in __init__
    super().__init__()
RuntimeError: vk::PhysicalDevice::createDeviceUnique: ErrorExtensionNotPresent
[eval_policy_wrapper] expert check skipped seed=100386: RuntimeError
[eval_policy_wrapper] exception in beat_block_hammer.setup_demo
Traceback (most recent call last):
  File "/root/data/robot/OpenWAM/benchmarks/robotwin/eval_policy_wrapper.py", line 218, in wrapped
    return method(*args, **kwargs)
  File "/root/data/robot/work/RoboTwin-openwam-verified/envs/beat_block_hammer.py", line 10, in setup_demo
    super()._init_task_env_(**kwags)
  File "/root/data/robot/work/RoboTwin-openwam-verified/envs/_base_task.py", line 90, in _init_task_env_
    self.setup_scene()
  File "/root/data/robot/work/RoboTwin-openwam-verified/envs/_base_task.py", line 210, in setup_scene
    self.renderer = sapien.SapienRenderer()
  File "/root/data/miniconda3/envs/robotwin-openwam/lib/python3.10/site-packages/sapien/wrapper/renderer.py", line 9, in __init__
    super().__init__()
RuntimeError: vk::PhysicalDevice::createDeviceUnique: ErrorExtensionNotPresent
[eval_policy_wrapper] expert check skipped seed=100387: RuntimeError
[eval_policy_wrapper] exception in beat_block_hammer.setup_demo
Traceback (most recent call last):
  File "/root/data/robot/OpenWAM/benchmarks/robotwin/eval_policy_wrapper.py", line 218, in wrapped
    return method(*args, **kwargs)
  File "/root/data/robot/work/RoboTwin-openwam-verified/envs/beat_block_hammer.py", line 10, in setup_demo
    super()._init_task_env_(**kwags)
  File "/root/data/robot/work/RoboTwin-openwam-verified/envs/_base_task.py", line 90, in _init_task_env_
    self.setup_scene()
  File "/root/data/robot/work/RoboTwin-openwam-verified/envs/_base_task.py", line 210, in setup_scene
    self.renderer = sapien.SapienRenderer()
  File "/root/data/miniconda3/envs/robotwin-openwam/lib/python3.10/site-packages/sapien/wrapper/renderer.py", line 9, in __init__
    super().__init__()
RuntimeError: vk::PhysicalDevice::createDeviceUnique: ErrorExtensionNotPresent
[eval_policy_wrapper] expert check skipped seed=100388: RuntimeError
[eval_policy_wrapper] exception in beat_block_hammer.setup_demo
Traceback (most recent call last):
  File "/root/data/robot/OpenWAM/benchmarks/robotwin/eval_policy_wrapper.py", line 218, in wrapped
    return method(*args, **kwargs)
  File "/root/data/robot/work/RoboTwin-openwam-verified/envs/beat_block_hammer.py", line 10, in setup_demo
    super()._init_task_env_(**kwags)
  File "/root/data/robot/work/RoboTwin-openwam-verified/envs/_base_task.py", line 90, in _init_task_env_
    self.setup_scene()
  File "/root/data/robot/work/RoboTwin-openwam-verified/envs/_base_task.py", line 210, in setup_scene
    self.renderer = sapien.SapienRenderer()
  File "/root/data/miniconda3/envs/robotwin-openwam/lib/python3.10/site-packages/sapien/wrapper/renderer.py", line 9, in __init__
    super().__init__()
RuntimeError: vk::PhysicalDevice::createDeviceUnique: ErrorExtensionNotPresent
[eval_policy_wrapper] expert check skipped seed=100389: RuntimeError
[eval_policy_wrapper] exception in beat_block_hammer.setup_demo
Traceback (most recent call last):
  File "/root/data/robot/OpenWAM/benchmarks/robotwin/eval_policy_wrapper.py", line 218, in wrapped
    return method(*args, **kwargs)
  File "/root/data/robot/work/RoboTwin-openwam-verified/envs/beat_block_hammer.py", line 10, in setup_demo
    super()._init_task_env_(**kwags)
  File "/root/data/robot/work/RoboTwin-openwam-verified/envs/_base_task.py", line 90, in _init_task_env_
    self.setup_scene()
  File "/root/data/robot/work/RoboTwin-openwam-verified/envs/_base_task.py", line 210, in setup_scene
    self.renderer = sapien.SapienRenderer()
  File "/root/data/miniconda3/envs/robotwin-openwam/lib/python3.10/site-packages/sapien/wrapper/renderer.py", line 9, in __init__
    super().__init__()
RuntimeError: vk::PhysicalDevice::createDeviceUnique: ErrorExtensionNotPresent
[eval_policy_wrapper] expert check skipped seed=100390: RuntimeError
[eval_policy_wrapper] exception in beat_block_hammer.setup_demo
Traceback (most recent call last):
  File "/root/data/robot/OpenWAM/benchmarks/robotwin/eval_policy_wrapper.py", line 218, in wrapped
    return method(*args, **kwargs)
  File "/root/data/robot/work/RoboTwin-openwam-verified/envs/beat_block_hammer.py", line 10, in setup_demo
    super()._init_task_env_(**kwags)
  File "/root/data/robot/work/RoboTwin-openwam-verified/envs/_base_task.py", line 90, in _init_task_env_
    self.setup_scene()
  File "/root/data/robot/work/RoboTwin-openwam-verified/envs/_base_task.py", line 210, in setup_scene
    self.renderer = sapien.SapienRenderer()
  File "/root/data/miniconda3/envs/robotwin-openwam/lib/python3.10/site-packages/sapien/wrapper/renderer.py", line 9, in __init__
    super().__init__()
RuntimeError: vk::PhysicalDevice::createDeviceUnique: ErrorExtensionNotPresent
[eval_policy_wrapper] expert check skipped seed=100391: RuntimeError
[eval_policy_wrapper] exception in beat_block_hammer.setup_demo
Traceback (most recent call last):
  File "/root/data/robot/OpenWAM/benchmarks/robotwin/eval_policy_wrapper.py", line 218, in wrapped
    return method(*args, **kwargs)
  File "/root/data/robot/work/RoboTwin-openwam-verified/envs/beat_block_hammer.py", line 10, in setup_demo
    super()._init_task_env_(**kwags)
  File "/root/data/robot/work/RoboTwin-openwam-verified/envs/_base_task.py", line 90, in _init_task_env_
    self.setup_scene()
  File "/root/data/robot/work/RoboTwin-openwam-verified/envs/_base_task.py", line 210, in setup_scene
    self.renderer = sapien.SapienRenderer()
  File "/root/data/miniconda3/envs/robotwin-openwam/lib/python3.10/site-packages/sapien/wrapper/renderer.py", line 9, in __init__
    super().__init__()
RuntimeError: vk::PhysicalDevice::createDeviceUnique: ErrorExtensionNotPresent
[eval_policy_wrapper] expert check skipped seed=100392: RuntimeError
[eval_policy_wrapper] exception in beat_block_hammer.setup_demo
Traceback (most recent call last):
  File "/root/data/robot/OpenWAM/benchmarks/robotwin/eval_policy_wrapper.py", line 218, in wrapped
    return method(*args, **kwargs)
  File "/root/data/robot/work/RoboTwin-openwam-verified/envs/beat_block_hammer.py", line 10, in setup_demo
    super()._init_task_env_(**kwags)
  File "/root/data/robot/work/RoboTwin-openwam-verified/envs/_base_task.py", line 90, in _init_task_env_
    self.setup_scene()
  File "/root/data/robot/work/RoboTwin-openwam-verified/envs/_base_task.py", line 210, in setup_scene
    self.renderer = sapien.SapienRenderer()
  File "/root/data/miniconda3/envs/robotwin-openwam/lib/python3.10/site-packages/sapien/wrapper/renderer.py", line 9, in __init__
    super().__init__()
RuntimeError: vk::PhysicalDevice::createDeviceUnique: ErrorExtensionNotPresent
[eval_policy_wrapper] expert check skipped seed=100393: RuntimeError
[eval_policy_wrapper] exception in beat_block_hammer.setup_demo
Traceback (most recent call last):
  File "/root/data/robot/OpenWAM/benchmarks/robotwin/eval_policy_wrapper.py", line 218, in wrapped
    return method(*args, **kwargs)
  File "/root/data/robot/work/RoboTwin-openwam-verified/envs/beat_block_hammer.py", line 10, in setup_demo
    super()._init_task_env_(**kwags)
  File "/root/data/robot/work/RoboTwin-openwam-verified/envs/_base_task.py", line 90, in _init_task_env_
    self.setup_scene()
  File "/root/data/robot/work/RoboTwin-openwam-verified/envs/_base_task.py", line 210, in setup_scene
    self.renderer = sapien.SapienRenderer()
  File "/root/data/miniconda3/envs/robotwin-openwam/lib/python3.10/site-packages/sapien/wrapper/renderer.py", line 9, in __init__
    super().__init__()
RuntimeError: vk::PhysicalDevice::createDeviceUnique: ErrorExtensionNotPresent
[eval_policy_wrapper] expert check skipped seed=100394: RuntimeError
[eval_policy_wrapper] exception in beat_block_hammer.setup_demo
Traceback (most recent call last):
  File "/root/data/robot/OpenWAM/benchmarks/robotwin/eval_policy_wrapper.py", line 218, in wrapped
    return method(*args, **kwargs)
  File "/root/data/robot/work/RoboTwin-openwam-verified/envs/beat_block_hammer.py", line 10, in setup_demo
    super()._init_task_env_(**kwags)
  File "/root/data/robot/work/RoboTwin-openwam-verified/envs/_base_task.py", line 90, in _init_task_env_
    self.setup_scene()
  File "/root/data/robot/work/RoboTwin-openwam-verified/envs/_base_task.py", line 210, in setup_scene
    self.renderer = sapien.SapienRenderer()
  File "/root/data/miniconda3/envs/robotwin-openwam/lib/python3.10/site-packages/sapien/wrapper/renderer.py", line 9, in __init__
    super().__init__()
RuntimeError: vk::PhysicalDevice::createDeviceUnique: ErrorExtensionNotPresent
[eval_policy_wrapper] expert check skipped seed=100395: RuntimeError
[eval_policy_wrapper] exception in beat_block_hammer.setup_demo
Traceback (most recent call last):
  File "/root/data/robot/OpenWAM/benchmarks/robotwin/eval_policy_wrapper.py", line 218, in wrapped
    return method(*args, **kwargs)
  File "/root/data/robot/work/RoboTwin-openwam-verified/envs/beat_block_hammer.py", line 10, in setup_demo
    super()._init_task_env_(**kwags)
  File "/root/data/robot/work/RoboTwin-openwam-verified/envs/_base_task.py", line 90, in _init_task_env_
    self.setup_scene()
  File "/root/data/robot/work/RoboTwin-openwam-verified/envs/_base_task.py", line 210, in setup_scene
    self.renderer = sapien.SapienRenderer()
  File "/root/data/miniconda3/envs/robotwin-openwam/lib/python3.10/site-packages/sapien/wrapper/renderer.py", line 9, in __init__
    super().__init__()
RuntimeError: vk::PhysicalDevice::createDeviceUnique: ErrorExtensionNotPresent
[eval_policy_wrapper] expert check skipped seed=100396: RuntimeError
[eval_policy_wrapper] exception in beat_block_hammer.setup_demo
Traceback (most recent call last):
  File "/root/data/robot/OpenWAM/benchmarks/robotwin/eval_policy_wrapper.py", line 218, in wrapped
    return method(*args, **kwargs)
  File "/root/data/robot/work/RoboTwin-openwam-verified/envs/beat_block_hammer.py", line 10, in setup_demo
    super()._init_task_env_(**kwags)
  File "/root/data/robot/work/RoboTwin-openwam-verified/envs/_base_task.py", line 90, in _init_task_env_
    self.setup_scene()
  File "/root/data/robot/work/RoboTwin-openwam-verified/envs/_base_task.py", line 210, in setup_scene
    self.renderer = sapien.SapienRenderer()
  File "/root/data/miniconda3/envs/robotwin-openwam/lib/python3.10/site-packages/sapien/wrapper/renderer.py", line 9, in __init__
    super().__init__()
RuntimeError: vk::PhysicalDevice::createDeviceUnique: ErrorExtensionNotPresent
[eval_policy_wrapper] expert check skipped seed=100397: RuntimeError
[eval_policy_wrapper] exception in beat_block_hammer.setup_demo
Traceback (most recent call last):
  File "/root/data/robot/OpenWAM/benchmarks/robotwin/eval_policy_wrapper.py", line 218, in wrapped
    return method(*args, **kwargs)
  File "/root/data/robot/work/RoboTwin-openwam-verified/envs/beat_block_hammer.py", line 10, in setup_demo
    super()._init_task_env_(**kwags)
  File "/root/data/robot/work/RoboTwin-openwam-verified/envs/_base_task.py", line 90, in _init_task_env_
    self.setup_scene()
  File "/root/data/robot/work/RoboTwin-openwam-verified/envs/_base_task.py", line 210, in setup_scene
    self.renderer = sapien.SapienRenderer()
  File "/root/data/miniconda3/envs/robotwin-openwam/lib/python3.10/site-packages/sapien/wrapper/renderer.py", line 9, in __init__
    super().__init__()
RuntimeError: vk::PhysicalDevice::createDeviceUnique: ErrorExtensionNotPresent
[eval_policy_wrapper] expert check skipped seed=100398: RuntimeError
[eval_policy_wrapper] exception in beat_block_hammer.setup_demo
Traceback (most recent call last):
  File "/root/data/robot/OpenWAM/benchmarks/robotwin/eval_policy_wrapper.py", line 218, in wrapped
    return method(*args, **kwargs)
  File "/root/data/robot/work/RoboTwin-openwam-verified/envs/beat_block_hammer.py", line 10, in setup_demo
    super()._init_task_env_(**kwags)
  File "/root/data/robot/work/RoboTwin-openwam-verified/envs/_base_task.py", line 90, in _init_task_env_
    self.setup_scene()
  File "/root/data/robot/work/RoboTwin-openwam-verified/envs/_base_task.py", line 210, in setup_scene
    self.renderer = sapien.SapienRenderer()
  File "/root/data/miniconda3/envs/robotwin-openwam/lib/python3.10/site-packages/sapien/wrapper/renderer.py", line 9, in __init__
    super().__init__()
RuntimeError: vk::PhysicalDevice::createDeviceUnique: ErrorExtensionNotPresent
[eval_policy_wrapper] expert check skipped seed=100399: RuntimeError
[eval_policy_wrapper] exception in beat_block_hammer.setup_demo
Traceback (most recent call last):
  File "/root/data/robot/OpenWAM/benchmarks/robotwin/eval_policy_wrapper.py", line 218, in wrapped
    return method(*args, **kwargs)
  File "/root/data/robot/work/RoboTwin-openwam-verified/envs/beat_block_hammer.py", line 10, in setup_demo
    super()._init_task_env_(**kwags)
  File "/root/data/robot/work/RoboTwin-openwam-verified/envs/_base_task.py", line 90, in _init_task_env_
    self.setup_scene()
  File "/root/data/robot/work/RoboTwin-openwam-verified/envs/_base_task.py", line 210, in setup_scene
    self.renderer = sapien.SapienRenderer()
  File "/root/data/miniconda3/envs/robotwin-openwam/lib/python3.10/site-packages/sapien/wrapper/renderer.py", line 9, in __init__
    super().__init__()
RuntimeError: vk::PhysicalDevice::createDeviceUnique: ErrorExtensionNotPresent
[eval_policy_wrapper] expert check skipped seed=100400: RuntimeError
[eval_policy_wrapper] exception in beat_block_hammer.setup_demo
Traceback (most recent call last):
  File "/root/data/robot/OpenWAM/benchmarks/robotwin/eval_policy_wrapper.py", line 218, in wrapped
    return method(*args, **kwargs)
  File "/root/data/robot/work/RoboTwin-openwam-verified/envs/beat_block_hammer.py", line 10, in setup_demo
    super()._init_task_env_(**kwags)
  File "/root/data/robot/work/RoboTwin-openwam-verified/envs/_base_task.py", line 90, in _init_task_env_
    self.setup_scene()
  File "/root/data/robot/work/RoboTwin-openwam-verified/envs/_base_task.py", line 210, in setup_scene
    self.renderer = sapien.SapienRenderer()
  File "/root/data/miniconda3/envs/robotwin-openwam/lib/python3.10/site-packages/sapien/wrapper/renderer.py", line 9, in __init__
    super().__init__()
RuntimeError: vk::PhysicalDevice::createDeviceUnique: ErrorExtensionNotPresent
[eval_policy_wrapper] expert check skipped seed=100401: RuntimeError
[eval_policy_wrapper] exception in beat_block_hammer.setup_demo
Traceback (most recent call last):
  File "/root/data/robot/OpenWAM/benchmarks/robotwin/eval_policy_wrapper.py", line 218, in wrapped
    return method(*args, **kwargs)
  File "/root/data/robot/work/RoboTwin-openwam-verified/envs/beat_block_hammer.py", line 10, in setup_demo
    super()._init_task_env_(**kwags)
  File "/root/data/robot/work/RoboTwin-openwam-verified/envs/_base_task.py", line 90, in _init_task_env_
    self.setup_scene()
  File "/root/data/robot/work/RoboTwin-openwam-verified/envs/_base_task.py", line 210, in setup_scene
    self.renderer = sapien.SapienRenderer()
  File "/root/data/miniconda3/envs/robotwin-openwam/lib/python3.10/site-packages/sapien/wrapper/renderer.py", line 9, in __init__
    super().__init__()
RuntimeError: vk::PhysicalDevice::createDeviceUnique: ErrorExtensionNotPresent
[eval_policy_wrapper] expert check skipped seed=100402: RuntimeError
[eval_policy_wrapper] exception in beat_block_hammer.setup_demo
Traceback (most recent call last):
  File "/root/data/robot/OpenWAM/benchmarks/robotwin/eval_policy_wrapper.py", line 218, in wrapped
    return method(*args, **kwargs)
  File "/root/data/robot/work/RoboTwin-openwam-verified/envs/beat_block_hammer.py", line 10, in setup_demo
    super()._init_task_env_(**kwags)
  File "/root/data/robot/work/RoboTwin-openwam-verified/envs/_base_task.py", line 90, in _init_task_env_
    self.setup_scene()
  File "/root/data/robot/work/RoboTwin-openwam-verified/envs/_base_task.py", line 210, in setup_scene
    self.renderer = sapien.SapienRenderer()
  File "/root/data/miniconda3/envs/robotwin-openwam/lib/python3.10/site-packages/sapien/wrapper/renderer.py", line 9, in __init__
    super().__init__()
RuntimeError: vk::PhysicalDevice::createDeviceUnique: ErrorExtensionNotPresent
[eval_policy_wrapper] expert check skipped seed=100403: RuntimeError
[eval_policy_wrapper] exception in beat_block_hammer.setup_demo
Traceback (most recent call last):
  File "/root/data/robot/OpenWAM/benchmarks/robotwin/eval_policy_wrapper.py", line 218, in wrapped
    return method(*args, **kwargs)
  File "/root/data/robot/work/RoboTwin-openwam-verified/envs/beat_block_hammer.py", line 10, in setup_demo
    super()._init_task_env_(**kwags)
  File "/root/data/robot/work/RoboTwin-openwam-verified/envs/_base_task.py", line 90, in _init_task_env_
    self.setup_scene()
  File "/root/data/robot/work/RoboTwin-openwam-verified/envs/_base_task.py", line 210, in setup_scene
    self.renderer = sapien.SapienRenderer()
  File "/root/data/miniconda3/envs/robotwin-openwam/lib/python3.10/site-packages/sapien/wrapper/renderer.py", line 9, in __init__
    super().__init__()
RuntimeError: vk::PhysicalDevice::createDeviceUnique: ErrorExtensionNotPresent
[eval_policy_wrapper] expert check skipped seed=100404: RuntimeError
[eval_policy_wrapper] exception in beat_block_hammer.setup_demo
Traceback (most recent call last):
  File "/root/data/robot/OpenWAM/benchmarks/robotwin/eval_policy_wrapper.py", line 218, in wrapped
    return method(*args, **kwargs)
  File "/root/data/robot/work/RoboTwin-openwam-verified/envs/beat_block_hammer.py", line 10, in setup_demo
    super()._init_task_env_(**kwags)
  File "/root/data/robot/work/RoboTwin-openwam-verified/envs/_base_task.py", line 90, in _init_task_env_
    self.setup_scene()
  File "/root/data/robot/work/RoboTwin-openwam-verified/envs/_base_task.py", line 210, in setup_scene
    self.renderer = sapien.SapienRenderer()
  File "/root/data/miniconda3/envs/robotwin-openwam/lib/python3.10/site-packages/sapien/wrapper/renderer.py", line 9, in __init__
    super().__init__()
RuntimeError: vk::PhysicalDevice::createDeviceUnique: ErrorExtensionNotPresent
[eval_policy_wrapper] expert check skipped seed=100405: RuntimeError
[eval_policy_wrapper] exception in beat_block_hammer.setup_demo
Traceback (most recent call last):
  File "/root/data/robot/OpenWAM/benchmarks/robotwin/eval_policy_wrapper.py", line 218, in wrapped
    return method(*args, **kwargs)
  File "/root/data/robot/work/RoboTwin-openwam-verified/envs/beat_block_hammer.py", line 10, in setup_demo
    super()._init_task_env_(**kwags)
  File "/root/data/robot/work/RoboTwin-openwam-verified/envs/_base_task.py", line 90, in _init_task_env_
    self.setup_scene()
  File "/root/data/robot/work/RoboTwin-openwam-verified/envs/_base_task.py", line 210, in setup_scene
    self.renderer = sapien.SapienRenderer()
  File "/root/data/miniconda3/envs/robotwin-openwam/lib/python3.10/site-packages/sapien/wrapper/renderer.py", line 9, in __init__
    super().__init__()
RuntimeError: vk::PhysicalDevice::createDeviceUnique: ErrorExtensionNotPresent
[eval_policy_wrapper] expert check skipped seed=100406: RuntimeError
[eval_policy_wrapper] exception in beat_block_hammer.setup_demo
Traceback (most recent call last):
  File "/root/data/robot/OpenWAM/benchmarks/robotwin/eval_policy_wrapper.py", line 218, in wrapped
    return method(*args, **kwargs)
  File "/root/data/robot/work/RoboTwin-openwam-verified/envs/beat_block_hammer.py", line 10, in setup_demo
    super()._init_task_env_(**kwags)
  File "/root/data/robot/work/RoboTwin-openwam-verified/envs/_base_task.py", line 90, in _init_task_env_
    self.setup_scene()
  File "/root/data/robot/work/RoboTwin-openwam-verified/envs/_base_task.py", line 210, in setup_scene
    self.renderer = sapien.SapienRenderer()
  File "/root/data/miniconda3/envs/robotwin-openwam/lib/python3.10/site-packages/sapien/wrapper/renderer.py", line 9, in __init__
    super().__init__()
RuntimeError: vk::PhysicalDevice::createDeviceUnique: ErrorExtensionNotPresent
[eval_policy_wrapper] expert check skipped seed=100407: RuntimeError
[eval_policy_wrapper] exception in beat_block_hammer.setup_demo
Traceback (most recent call last):
  File "/root/data/robot/OpenWAM/benchmarks/robotwin/eval_policy_wrapper.py", line 218, in wrapped
    return method(*args, **kwargs)
  File "/root/data/robot/work/RoboTwin-openwam-verified/envs/beat_block_hammer.py", line 10, in setup_demo
    super()._init_task_env_(**kwags)
  File "/root/data/robot/work/RoboTwin-openwam-verified/envs/_base_task.py", line 90, in _init_task_env_
    self.setup_scene()
  File "/root/data/robot/work/RoboTwin-openwam-verified/envs/_base_task.py", line 210, in setup_scene
    self.renderer = sapien.SapienRenderer()
  File "/root/data/miniconda3/envs/robotwin-openwam/lib/python3.10/site-packages/sapien/wrapper/renderer.py", line 9, in __init__
    super().__init__()
RuntimeError: vk::PhysicalDevice::createDeviceUnique: ErrorExtensionNotPresent
[eval_policy_wrapper] expert check skipped seed=100408: RuntimeError
[eval_policy_wrapper] exception in beat_block_hammer.setup_demo
Traceback (most recent call last):
  File "/root/data/robot/OpenWAM/benchmarks/robotwin/eval_policy_wrapper.py", line 218, in wrapped
    return method(*args, **kwargs)
  File "/root/data/robot/work/RoboTwin-openwam-verified/envs/beat_block_hammer.py", line 10, in setup_demo
    super()._init_task_env_(**kwags)
  File "/root/data/robot/work/RoboTwin-openwam-verified/envs/_base_task.py", line 90, in _init_task_env_
    self.setup_scene()
  File "/root/data/robot/work/RoboTwin-openwam-verified/envs/_base_task.py", line 210, in setup_scene
    self.renderer = sapien.SapienRenderer()
  File "/root/data/miniconda3/envs/robotwin-openwam/lib/python3.10/site-packages/sapien/wrapper/renderer.py", line 9, in __init__
    super().__init__()
RuntimeError: vk::PhysicalDevice::createDeviceUnique: ErrorExtensionNotPresent
[eval_policy_wrapper] expert check skipped seed=100409: RuntimeError
[eval_policy_wrapper] exception in beat_block_hammer.setup_demo
Traceback (most recent call last):
  File "/root/data/robot/OpenWAM/benchmarks/robotwin/eval_policy_wrapper.py", line 218, in wrapped
    return method(*args, **kwargs)
  File "/root/data/robot/work/RoboTwin-openwam-verified/envs/beat_block_hammer.py", line 10, in setup_demo
    super()._init_task_env_(**kwags)
  File "/root/data/robot/work/RoboTwin-openwam-verified/envs/_base_task.py", line 90, in _init_task_env_
    self.setup_scene()
  File "/root/data/robot/work/RoboTwin-openwam-verified/envs/_base_task.py", line 210, in setup_scene
    self.renderer = sapien.SapienRenderer()
  File "/root/data/miniconda3/envs/robotwin-openwam/lib/python3.10/site-packages/sapien/wrapper/renderer.py", line 9, in __init__
    super().__init__()
RuntimeError: vk::PhysicalDevice::createDeviceUnique: ErrorExtensionNotPresent
[eval_policy_wrapper] expert check skipped seed=100410: RuntimeError
[eval_policy_wrapper] exception in beat_block_hammer.setup_demo
Traceback (most recent call last):
  File "/root/data/robot/OpenWAM/benchmarks/robotwin/eval_policy_wrapper.py", line 218, in wrapped
    return method(*args, **kwargs)
  File "/root/data/robot/work/RoboTwin-openwam-verified/envs/beat_block_hammer.py", line 10, in setup_demo
    super()._init_task_env_(**kwags)
  File "/root/data/robot/work/RoboTwin-openwam-verified/envs/_base_task.py", line 90, in _init_task_env_
    self.setup_scene()
  File "/root/data/robot/work/RoboTwin-openwam-verified/envs/_base_task.py", line 210, in setup_scene
    self.renderer = sapien.SapienRenderer()
  File "/root/data/miniconda3/envs/robotwin-openwam/lib/python3.10/site-packages/sapien/wrapper/renderer.py", line 9, in __init__
    super().__init__()
RuntimeError: vk::PhysicalDevice::createDeviceUnique: ErrorExtensionNotPresent
[eval_policy_wrapper] expert check skipped seed=100411: RuntimeError
[eval_policy_wrapper] exception in beat_block_hammer.setup_demo
Traceback (most recent call last):
  File "/root/data/robot/OpenWAM/benchmarks/robotwin/eval_policy_wrapper.py", line 218, in wrapped
    return method(*args, **kwargs)
  File "/root/data/robot/work/RoboTwin-openwam-verified/envs/beat_block_hammer.py", line 10, in setup_demo
    super()._init_task_env_(**kwags)
  File "/root/data/robot/work/RoboTwin-openwam-verified/envs/_base_task.py", line 90, in _init_task_env_
    self.setup_scene()
  File "/root/data/robot/work/RoboTwin-openwam-verified/envs/_base_task.py", line 210, in setup_scene
    self.renderer = sapien.SapienRenderer()
  File "/root/data/miniconda3/envs/robotwin-openwam/lib/python3.10/site-packages/sapien/wrapper/renderer.py", line 9, in __init__
    super().__init__()
RuntimeError: vk::PhysicalDevice::createDeviceUnique: ErrorExtensionNotPresent
[eval_policy_wrapper] expert check skipped seed=100412: RuntimeError
[eval_policy_wrapper] exception in beat_block_hammer.setup_demo
Traceback (most recent call last):
  File "/root/data/robot/OpenWAM/benchmarks/robotwin/eval_policy_wrapper.py", line 218, in wrapped
    return method(*args, **kwargs)
  File "/root/data/robot/work/RoboTwin-openwam-verified/envs/beat_block_hammer.py", line 10, in setup_demo
    super()._init_task_env_(**kwags)
  File "/root/data/robot/work/RoboTwin-openwam-verified/envs/_base_task.py", line 90, in _init_task_env_
    self.setup_scene()
  File "/root/data/robot/work/RoboTwin-openwam-verified/envs/_base_task.py", line 210, in setup_scene
    self.renderer = sapien.SapienRenderer()
  File "/root/data/miniconda3/envs/robotwin-openwam/lib/python3.10/site-packages/sapien/wrapper/renderer.py", line 9, in __init__
    super().__init__()
RuntimeError: vk::PhysicalDevice::createDeviceUnique: ErrorExtensionNotPresent
[eval_policy_wrapper] expert check skipped seed=100413: RuntimeError
[eval_policy_wrapper] exception in beat_block_hammer.setup_demo
Traceback (most recent call last):
  File "/root/data/robot/OpenWAM/benchmarks/robotwin/eval_policy_wrapper.py", line 218, in wrapped
    return method(*args, **kwargs)
  File "/root/data/robot/work/RoboTwin-openwam-verified/envs/beat_block_hammer.py", line 10, in setup_demo
    super()._init_task_env_(**kwags)
  File "/root/data/robot/work/RoboTwin-openwam-verified/envs/_base_task.py", line 90, in _init_task_env_
    self.setup_scene()
  File "/root/data/robot/work/RoboTwin-openwam-verified/envs/_base_task.py", line 210, in setup_scene
    self.renderer = sapien.SapienRenderer()
  File "/root/data/miniconda3/envs/robotwin-openwam/lib/python3.10/site-packages/sapien/wrapper/renderer.py", line 9, in __init__
    super().__init__()
RuntimeError: vk::PhysicalDevice::createDeviceUnique: ErrorExtensionNotPresent
[eval_policy_wrapper] expert check skipped seed=100414: RuntimeError
[eval_policy_wrapper] exception in beat_block_hammer.setup_demo
Traceback (most recent call last):
  File "/root/data/robot/OpenWAM/benchmarks/robotwin/eval_policy_wrapper.py", line 218, in wrapped
    return method(*args, **kwargs)
  File "/root/data/robot/work/RoboTwin-openwam-verified/envs/beat_block_hammer.py", line 10, in setup_demo
    super()._init_task_env_(**kwags)
  File "/root/data/robot/work/RoboTwin-openwam-verified/envs/_base_task.py", line 90, in _init_task_env_
    self.setup_scene()
  File "/root/data/robot/work/RoboTwin-openwam-verified/envs/_base_task.py", line 210, in setup_scene
    self.renderer = sapien.SapienRenderer()
  File "/root/data/miniconda3/envs/robotwin-openwam/lib/python3.10/site-packages/sapien/wrapper/renderer.py", line 9, in __init__
    super().__init__()
RuntimeError: vk::PhysicalDevice::createDeviceUnique: ErrorExtensionNotPresent
[eval_policy_wrapper] expert check skipped seed=100415: RuntimeError
[eval_policy_wrapper] exception in beat_block_hammer.setup_demo
Traceback (most recent call last):
  File "/root/data/robot/OpenWAM/benchmarks/robotwin/eval_policy_wrapper.py", line 218, in wrapped
    return method(*args, **kwargs)
  File "/root/data/robot/work/RoboTwin-openwam-verified/envs/beat_block_hammer.py", line 10, in setup_demo
    super()._init_task_env_(**kwags)
  File "/root/data/robot/work/RoboTwin-openwam-verified/envs/_base_task.py", line 90, in _init_task_env_
    self.setup_scene()
  File "/root/data/robot/work/RoboTwin-openwam-verified/envs/_base_task.py", line 210, in setup_scene
    self.renderer = sapien.SapienRenderer()
  File "/root/data/miniconda3/envs/robotwin-openwam/lib/python3.10/site-packages/sapien/wrapper/renderer.py", line 9, in __init__
    super().__init__()
RuntimeError: vk::PhysicalDevice::createDeviceUnique: ErrorExtensionNotPresent
[eval_policy_wrapper] expert check skipped seed=100416: RuntimeError
[eval_policy_wrapper] exception in beat_block_hammer.setup_demo
Traceback (most recent call last):
  File "/root/data/robot/OpenWAM/benchmarks/robotwin/eval_policy_wrapper.py", line 218, in wrapped
    return method(*args, **kwargs)
  File "/root/data/robot/work/RoboTwin-openwam-verified/envs/beat_block_hammer.py", line 10, in setup_demo
    super()._init_task_env_(**kwags)
  File "/root/data/robot/work/RoboTwin-openwam-verified/envs/_base_task.py", line 90, in _init_task_env_
    self.setup_scene()
  File "/root/data/robot/work/RoboTwin-openwam-verified/envs/_base_task.py", line 210, in setup_scene
    self.renderer = sapien.SapienRenderer()
  File "/root/data/miniconda3/envs/robotwin-openwam/lib/python3.10/site-packages/sapien/wrapper/renderer.py", line 9, in __init__
    super().__init__()
RuntimeError: vk::PhysicalDevice::createDeviceUnique: ErrorExtensionNotPresent
[eval_policy_wrapper] expert check skipped seed=100417: RuntimeError
[eval_policy_wrapper] exception in beat_block_hammer.setup_demo
Traceback (most recent call last):
  File "/root/data/robot/OpenWAM/benchmarks/robotwin/eval_policy_wrapper.py", line 218, in wrapped
    return method(*args, **kwargs)
  File "/root/data/robot/work/RoboTwin-openwam-verified/envs/beat_block_hammer.py", line 10, in setup_demo
    super()._init_task_env_(**kwags)
  File "/root/data/robot/work/RoboTwin-openwam-verified/envs/_base_task.py", line 90, in _init_task_env_
    self.setup_scene()
  File "/root/data/robot/work/RoboTwin-openwam-verified/envs/_base_task.py", line 210, in setup_scene
    self.renderer = sapien.SapienRenderer()
  File "/root/data/miniconda3/envs/robotwin-openwam/lib/python3.10/site-packages/sapien/wrapper/renderer.py", line 9, in __init__
    super().__init__()
RuntimeError: vk::PhysicalDevice::createDeviceUnique: ErrorExtensionNotPresent
[eval_policy_wrapper] expert check skipped seed=100418: RuntimeError
[eval_policy_wrapper] exception in beat_block_hammer.setup_demo
Traceback (most recent call last):
  File "/root/data/robot/OpenWAM/benchmarks/robotwin/eval_policy_wrapper.py", line 218, in wrapped
    return method(*args, **kwargs)
  File "/root/data/robot/work/RoboTwin-openwam-verified/envs/beat_block_hammer.py", line 10, in setup_demo
    super()._init_task_env_(**kwags)
  File "/root/data/robot/work/RoboTwin-openwam-verified/envs/_base_task.py", line 90, in _init_task_env_
    self.setup_scene()
  File "/root/data/robot/work/RoboTwin-openwam-verified/envs/_base_task.py", line 210, in setup_scene
    self.renderer = sapien.SapienRenderer()
  File "/root/data/miniconda3/envs/robotwin-openwam/lib/python3.10/site-packages/sapien/wrapper/renderer.py", line 9, in __init__
    super().__init__()
RuntimeError: vk::PhysicalDevice::createDeviceUnique: ErrorExtensionNotPresent
[eval_policy_wrapper] expert check skipped seed=100419: RuntimeError
[eval_policy_wrapper] exception in beat_block_hammer.setup_demo
Traceback (most recent call last):
  File "/root/data/robot/OpenWAM/benchmarks/robotwin/eval_policy_wrapper.py", line 218, in wrapped
    return method(*args, **kwargs)
  File "/root/data/robot/work/RoboTwin-openwam-verified/envs/beat_block_hammer.py", line 10, in setup_demo
    super()._init_task_env_(**kwags)
  File "/root/data/robot/work/RoboTwin-openwam-verified/envs/_base_task.py", line 90, in _init_task_env_
    self.setup_scene()
  File "/root/data/robot/work/RoboTwin-openwam-verified/envs/_base_task.py", line 210, in setup_scene
    self.renderer = sapien.SapienRenderer()
  File "/root/data/miniconda3/envs/robotwin-openwam/lib/python3.10/site-packages/sapien/wrapper/renderer.py", line 9, in __init__
    super().__init__()
RuntimeError: vk::PhysicalDevice::createDeviceUnique: ErrorExtensionNotPresent
[eval_policy_wrapper] expert check skipped seed=100420: RuntimeError
[eval_policy_wrapper] exception in beat_block_hammer.setup_demo
Traceback (most recent call last):
  File "/root/data/robot/OpenWAM/benchmarks/robotwin/eval_policy_wrapper.py", line 218, in wrapped
    return method(*args, **kwargs)
  File "/root/data/robot/work/RoboTwin-openwam-verified/envs/beat_block_hammer.py", line 10, in setup_demo
    super()._init_task_env_(**kwags)
  File "/root/data/robot/work/RoboTwin-openwam-verified/envs/_base_task.py", line 90, in _init_task_env_
    self.setup_scene()
  File "/root/data/robot/work/RoboTwin-openwam-verified/envs/_base_task.py", line 210, in setup_scene
    self.renderer = sapien.SapienRenderer()
  File "/root/data/miniconda3/envs/robotwin-openwam/lib/python3.10/site-packages/sapien/wrapper/renderer.py", line 9, in __init__
    super().__init__()
RuntimeError: vk::PhysicalDevice::createDeviceUnique: ErrorExtensionNotPresent
[eval_policy_wrapper] expert check skipped seed=100421: RuntimeError
[eval_policy_wrapper] exception in beat_block_hammer.setup_demo
Traceback (most recent call last):
  File "/root/data/robot/OpenWAM/benchmarks/robotwin/eval_policy_wrapper.py", line 218, in wrapped
    return method(*args, **kwargs)
  File "/root/data/robot/work/RoboTwin-openwam-verified/envs/beat_block_hammer.py", line 10, in setup_demo
    super()._init_task_env_(**kwags)
  File "/root/data/robot/work/RoboTwin-openwam-verified/envs/_base_task.py", line 90, in _init_task_env_
    self.setup_scene()
  File "/root/data/robot/work/RoboTwin-openwam-verified/envs/_base_task.py", line 210, in setup_scene
    self.renderer = sapien.SapienRenderer()
  File "/root/data/miniconda3/envs/robotwin-openwam/lib/python3.10/site-packages/sapien/wrapper/renderer.py", line 9, in __init__
    super().__init__()
RuntimeError: vk::PhysicalDevice::createDeviceUnique: ErrorExtensionNotPresent
[eval_policy_wrapper] expert check skipped seed=100422: RuntimeError
[eval_policy_wrapper] exception in beat_block_hammer.setup_demo
Traceback (most recent call last):
  File "/root/data/robot/OpenWAM/benchmarks/robotwin/eval_policy_wrapper.py", line 218, in wrapped
    return method(*args, **kwargs)
  File "/root/data/robot/work/RoboTwin-openwam-verified/envs/beat_block_hammer.py", line 10, in setup_demo
    super()._init_task_env_(**kwags)
  File "/root/data/robot/work/RoboTwin-openwam-verified/envs/_base_task.py", line 90, in _init_task_env_
    self.setup_scene()
  File "/root/data/robot/work/RoboTwin-openwam-verified/envs/_base_task.py", line 210, in setup_scene
    self.renderer = sapien.SapienRenderer()
  File "/root/data/miniconda3/envs/robotwin-openwam/lib/python3.10/site-packages/sapien/wrapper/renderer.py", line 9, in __init__
    super().__init__()
RuntimeError: vk::PhysicalDevice::createDeviceUnique: ErrorExtensionNotPresent
[eval_policy_wrapper] expert check skipped seed=100423: RuntimeError
[eval_policy_wrapper] exception in beat_block_hammer.setup_demo
Traceback (most recent call last):
  File "/root/data/robot/OpenWAM/benchmarks/robotwin/eval_policy_wrapper.py", line 218, in wrapped
    return method(*args, **kwargs)
  File "/root/data/robot/work/RoboTwin-openwam-verified/envs/beat_block_hammer.py", line 10, in setup_demo
    super()._init_task_env_(**kwags)
  File "/root/data/robot/work/RoboTwin-openwam-verified/envs/_base_task.py", line 90, in _init_task_env_
    self.setup_scene()
  File "/root/data/robot/work/RoboTwin-openwam-verified/envs/_base_task.py", line 210, in setup_scene
    self.renderer = sapien.SapienRenderer()
  File "/root/data/miniconda3/envs/robotwin-openwam/lib/python3.10/site-packages/sapien/wrapper/renderer.py", line 9, in __init__
    super().__init__()
RuntimeError: vk::PhysicalDevice::createDeviceUnique: ErrorExtensionNotPresent
[eval_policy_wrapper] expert check skipped seed=100424: RuntimeError
[eval_policy_wrapper] exception in beat_block_hammer.setup_demo
Traceback (most recent call last):
  File "/root/data/robot/OpenWAM/benchmarks/robotwin/eval_policy_wrapper.py", line 218, in wrapped
    return method(*args, **kwargs)
  File "/root/data/robot/work/RoboTwin-openwam-verified/envs/beat_block_hammer.py", line 10, in setup_demo
    super()._init_task_env_(**kwags)
  File "/root/data/robot/work/RoboTwin-openwam-verified/envs/_base_task.py", line 90, in _init_task_env_
    self.setup_scene()
  File "/root/data/robot/work/RoboTwin-openwam-verified/envs/_base_task.py", line 210, in setup_scene
    self.renderer = sapien.SapienRenderer()
  File "/root/data/miniconda3/envs/robotwin-openwam/lib/python3.10/site-packages/sapien/wrapper/renderer.py", line 9, in __init__
    super().__init__()
RuntimeError: vk::PhysicalDevice::createDeviceUnique: ErrorExtensionNotPresent
[eval_policy_wrapper] expert check skipped seed=100425: RuntimeError
[eval_policy_wrapper] exception in beat_block_hammer.setup_demo
Traceback (most recent call last):
  File "/root/data/robot/OpenWAM/benchmarks/robotwin/eval_policy_wrapper.py", line 218, in wrapped
    return method(*args, **kwargs)
  File "/root/data/robot/work/RoboTwin-openwam-verified/envs/beat_block_hammer.py", line 10, in setup_demo
    super()._init_task_env_(**kwags)
  File "/root/data/robot/work/RoboTwin-openwam-verified/envs/_base_task.py", line 90, in _init_task_env_
    self.setup_scene()
  File "/root/data/robot/work/RoboTwin-openwam-verified/envs/_base_task.py", line 210, in setup_scene
    self.renderer = sapien.SapienRenderer()
  File "/root/data/miniconda3/envs/robotwin-openwam/lib/python3.10/site-packages/sapien/wrapper/renderer.py", line 9, in __init__
    super().__init__()
RuntimeError: vk::PhysicalDevice::createDeviceUnique: ErrorExtensionNotPresent
[eval_policy_wrapper] expert check skipped seed=100426: RuntimeError
[eval_policy_wrapper] exception in beat_block_hammer.setup_demo
Traceback (most recent call last):
  File "/root/data/robot/OpenWAM/benchmarks/robotwin/eval_policy_wrapper.py", line 218, in wrapped
    return method(*args, **kwargs)
  File "/root/data/robot/work/RoboTwin-openwam-verified/envs/beat_block_hammer.py", line 10, in setup_demo
    super()._init_task_env_(**kwags)
  File "/root/data/robot/work/RoboTwin-openwam-verified/envs/_base_task.py", line 90, in _init_task_env_
    self.setup_scene()
  File "/root/data/robot/work/RoboTwin-openwam-verified/envs/_base_task.py", line 210, in setup_scene
    self.renderer = sapien.SapienRenderer()
  File "/root/data/miniconda3/envs/robotwin-openwam/lib/python3.10/site-packages/sapien/wrapper/renderer.py", line 9, in __init__
    super().__init__()
RuntimeError: vk::PhysicalDevice::createDeviceUnique: ErrorExtensionNotPresent
[eval_policy_wrapper] expert check skipped seed=100427: RuntimeError
[eval_policy_wrapper] exception in beat_block_hammer.setup_demo
Traceback (most recent call last):
  File "/root/data/robot/OpenWAM/benchmarks/robotwin/eval_policy_wrapper.py", line 218, in wrapped
    return method(*args, **kwargs)
  File "/root/data/robot/work/RoboTwin-openwam-verified/envs/beat_block_hammer.py", line 10, in setup_demo
    super()._init_task_env_(**kwags)
  File "/root/data/robot/work/RoboTwin-openwam-verified/envs/_base_task.py", line 90, in _init_task_env_
    self.setup_scene()
  File "/root/data/robot/work/RoboTwin-openwam-verified/envs/_base_task.py", line 210, in setup_scene
    self.renderer = sapien.SapienRenderer()
  File "/root/data/miniconda3/envs/robotwin-openwam/lib/python3.10/site-packages/sapien/wrapper/renderer.py", line 9, in __init__
    super().__init__()
RuntimeError: vk::PhysicalDevice::createDeviceUnique: ErrorExtensionNotPresent
[eval_policy_wrapper] expert check skipped seed=100428: RuntimeError
[eval_policy_wrapper] exception in beat_block_hammer.setup_demo
Traceback (most recent call last):
  File "/root/data/robot/OpenWAM/benchmarks/robotwin/eval_policy_wrapper.py", line 218, in wrapped
    return method(*args, **kwargs)
  File "/root/data/robot/work/RoboTwin-openwam-verified/envs/beat_block_hammer.py", line 10, in setup_demo
    super()._init_task_env_(**kwags)
  File "/root/data/robot/work/RoboTwin-openwam-verified/envs/_base_task.py", line 90, in _init_task_env_
    self.setup_scene()
  File "/root/data/robot/work/RoboTwin-openwam-verified/envs/_base_task.py", line 210, in setup_scene
    self.renderer = sapien.SapienRenderer()
  File "/root/data/miniconda3/envs/robotwin-openwam/lib/python3.10/site-packages/sapien/wrapper/renderer.py", line 9, in __init__
    super().__init__()
RuntimeError: vk::PhysicalDevice::createDeviceUnique: ErrorExtensionNotPresent
[eval_policy_wrapper] expert check skipped seed=100429: RuntimeError
[eval_policy_wrapper] exception in beat_block_hammer.setup_demo
Traceback (most recent call last):
  File "/root/data/robot/OpenWAM/benchmarks/robotwin/eval_policy_wrapper.py", line 218, in wrapped
    return method(*args, **kwargs)
  File "/root/data/robot/work/RoboTwin-openwam-verified/envs/beat_block_hammer.py", line 10, in setup_demo
    super()._init_task_env_(**kwags)
  File "/root/data/robot/work/RoboTwin-openwam-verified/envs/_base_task.py", line 90, in _init_task_env_
    self.setup_scene()
  File "/root/data/robot/work/RoboTwin-openwam-verified/envs/_base_task.py", line 210, in setup_scene
    self.renderer = sapien.SapienRenderer()
  File "/root/data/miniconda3/envs/robotwin-openwam/lib/python3.10/site-packages/sapien/wrapper/renderer.py", line 9, in __init__
    super().__init__()
RuntimeError: vk::PhysicalDevice::createDeviceUnique: ErrorExtensionNotPresent
[eval_policy_wrapper] expert check skipped seed=100430: RuntimeError
[eval_policy_wrapper] exception in beat_block_hammer.setup_demo
Traceback (most recent call last):
  File "/root/data/robot/OpenWAM/benchmarks/robotwin/eval_policy_wrapper.py", line 218, in wrapped
    return method(*args, **kwargs)
  File "/root/data/robot/work/RoboTwin-openwam-verified/envs/beat_block_hammer.py", line 10, in setup_demo
    super()._init_task_env_(**kwags)
  File "/root/data/robot/work/RoboTwin-openwam-verified/envs/_base_task.py", line 90, in _init_task_env_
    self.setup_scene()
  File "/root/data/robot/work/RoboTwin-openwam-verified/envs/_base_task.py", line 210, in setup_scene
    self.renderer = sapien.SapienRenderer()
  File "/root/data/miniconda3/envs/robotwin-openwam/lib/python3.10/site-packages/sapien/wrapper/renderer.py", line 9, in __init__
    super().__init__()
RuntimeError: vk::PhysicalDevice::createDeviceUnique: ErrorExtensionNotPresent
[eval_policy_wrapper] expert check skipped seed=100431: RuntimeError
[eval_policy_wrapper] exception in beat_block_hammer.setup_demo
Traceback (most recent call last):
  File "/root/data/robot/OpenWAM/benchmarks/robotwin/eval_policy_wrapper.py", line 218, in wrapped
    return method(*args, **kwargs)
  File "/root/data/robot/work/RoboTwin-openwam-verified/envs/beat_block_hammer.py", line 10, in setup_demo
    super()._init_task_env_(**kwags)
  File "/root/data/robot/work/RoboTwin-openwam-verified/envs/_base_task.py", line 90, in _init_task_env_
    self.setup_scene()
  File "/root/data/robot/work/RoboTwin-openwam-verified/envs/_base_task.py", line 210, in setup_scene
    self.renderer = sapien.SapienRenderer()
  File "/root/data/miniconda3/envs/robotwin-openwam/lib/python3.10/site-packages/sapien/wrapper/renderer.py", line 9, in __init__
    super().__init__()
RuntimeError: vk::PhysicalDevice::createDeviceUnique: ErrorExtensionNotPresent
[eval_policy_wrapper] expert check skipped seed=100432: RuntimeError
[eval_policy_wrapper] exception in beat_block_hammer.setup_demo
Traceback (most recent call last):
  File "/root/data/robot/OpenWAM/benchmarks/robotwin/eval_policy_wrapper.py", line 218, in wrapped
    return method(*args, **kwargs)
  File "/root/data/robot/work/RoboTwin-openwam-verified/envs/beat_block_hammer.py", line 10, in setup_demo
    super()._init_task_env_(**kwags)
  File "/root/data/robot/work/RoboTwin-openwam-verified/envs/_base_task.py", line 90, in _init_task_env_
    self.setup_scene()
  File "/root/data/robot/work/RoboTwin-openwam-verified/envs/_base_task.py", line 210, in setup_scene
    self.renderer = sapien.SapienRenderer()
  File "/root/data/miniconda3/envs/robotwin-openwam/lib/python3.10/site-packages/sapien/wrapper/renderer.py", line 9, in __init__
    super().__init__()
RuntimeError: vk::PhysicalDevice::createDeviceUnique: ErrorExtensionNotPresent
[eval_policy_wrapper] expert check skipped seed=100433: RuntimeError
[eval_policy_wrapper] exception in beat_block_hammer.setup_demo
Traceback (most recent call last):
  File "/root/data/robot/OpenWAM/benchmarks/robotwin/eval_policy_wrapper.py", line 218, in wrapped
    return method(*args, **kwargs)
  File "/root/data/robot/work/RoboTwin-openwam-verified/envs/beat_block_hammer.py", line 10, in setup_demo
    super()._init_task_env_(**kwags)
  File "/root/data/robot/work/RoboTwin-openwam-verified/envs/_base_task.py", line 90, in _init_task_env_
    self.setup_scene()
  File "/root/data/robot/work/RoboTwin-openwam-verified/envs/_base_task.py", line 210, in setup_scene
    self.renderer = sapien.SapienRenderer()
  File "/root/data/miniconda3/envs/robotwin-openwam/lib/python3.10/site-packages/sapien/wrapper/renderer.py", line 9, in __init__
    super().__init__()
RuntimeError: vk::PhysicalDevice::createDeviceUnique: ErrorExtensionNotPresent
[eval_policy_wrapper] expert check skipped seed=100434: RuntimeError
[eval_policy_wrapper] exception in beat_block_hammer.setup_demo
Traceback (most recent call last):
  File "/root/data/robot/OpenWAM/benchmarks/robotwin/eval_policy_wrapper.py", line 218, in wrapped
    return method(*args, **kwargs)
  File "/root/data/robot/work/RoboTwin-openwam-verified/envs/beat_block_hammer.py", line 10, in setup_demo
    super()._init_task_env_(**kwags)
  File "/root/data/robot/work/RoboTwin-openwam-verified/envs/_base_task.py", line 90, in _init_task_env_
    self.setup_scene()
  File "/root/data/robot/work/RoboTwin-openwam-verified/envs/_base_task.py", line 210, in setup_scene
    self.renderer = sapien.SapienRenderer()
  File "/root/data/miniconda3/envs/robotwin-openwam/lib/python3.10/site-packages/sapien/wrapper/renderer.py", line 9, in __init__
    super().__init__()
RuntimeError: vk::PhysicalDevice::createDeviceUnique: ErrorExtensionNotPresent
[eval_policy_wrapper] expert check skipped seed=100435: RuntimeError
[eval_policy_wrapper] exception in beat_block_hammer.setup_demo
Traceback (most recent call last):
  File "/root/data/robot/OpenWAM/benchmarks/robotwin/eval_policy_wrapper.py", line 218, in wrapped
    return method(*args, **kwargs)
  File "/root/data/robot/work/RoboTwin-openwam-verified/envs/beat_block_hammer.py", line 10, in setup_demo
    super()._init_task_env_(**kwags)
  File "/root/data/robot/work/RoboTwin-openwam-verified/envs/_base_task.py", line 90, in _init_task_env_
    self.setup_scene()
  File "/root/data/robot/work/RoboTwin-openwam-verified/envs/_base_task.py", line 210, in setup_scene
    self.renderer = sapien.SapienRenderer()
  File "/root/data/miniconda3/envs/robotwin-openwam/lib/python3.10/site-packages/sapien/wrapper/renderer.py", line 9, in __init__
    super().__init__()
RuntimeError: vk::PhysicalDevice::createDeviceUnique: ErrorExtensionNotPresent
[eval_policy_wrapper] expert check skipped seed=100436: RuntimeError
[eval_policy_wrapper] exception in beat_block_hammer.setup_demo
Traceback (most recent call last):
  File "/root/data/robot/OpenWAM/benchmarks/robotwin/eval_policy_wrapper.py", line 218, in wrapped
    return method(*args, **kwargs)
  File "/root/data/robot/work/RoboTwin-openwam-verified/envs/beat_block_hammer.py", line 10, in setup_demo
    super()._init_task_env_(**kwags)
  File "/root/data/robot/work/RoboTwin-openwam-verified/envs/_base_task.py", line 90, in _init_task_env_
    self.setup_scene()
  File "/root/data/robot/work/RoboTwin-openwam-verified/envs/_base_task.py", line 210, in setup_scene
    self.renderer = sapien.SapienRenderer()
  File "/root/data/miniconda3/envs/robotwin-openwam/lib/python3.10/site-packages/sapien/wrapper/renderer.py", line 9, in __init__
    super().__init__()
RuntimeError: vk::PhysicalDevice::createDeviceUnique: ErrorExtensionNotPresent
[eval_policy_wrapper] expert check skipped seed=100437: RuntimeError
[eval_policy_wrapper] exception in beat_block_hammer.setup_demo
Traceback (most recent call last):
  File "/root/data/robot/OpenWAM/benchmarks/robotwin/eval_policy_wrapper.py", line 218, in wrapped
    return method(*args, **kwargs)
  File "/root/data/robot/work/RoboTwin-openwam-verified/envs/beat_block_hammer.py", line 10, in setup_demo
    super()._init_task_env_(**kwags)
  File "/root/data/robot/work/RoboTwin-openwam-verified/envs/_base_task.py", line 90, in _init_task_env_
    self.setup_scene()
  File "/root/data/robot/work/RoboTwin-openwam-verified/envs/_base_task.py", line 210, in setup_scene
    self.renderer = sapien.SapienRenderer()
  File "/root/data/miniconda3/envs/robotwin-openwam/lib/python3.10/site-packages/sapien/wrapper/renderer.py", line 9, in __init__
    super().__init__()
RuntimeError: vk::PhysicalDevice::createDeviceUnique: ErrorExtensionNotPresent
[eval_policy_wrapper] expert check skipped seed=100438: RuntimeError
[eval_policy_wrapper] exception in beat_block_hammer.setup_demo
Traceback (most recent call last):
  File "/root/data/robot/OpenWAM/benchmarks/robotwin/eval_policy_wrapper.py", line 218, in wrapped
    return method(*args, **kwargs)
  File "/root/data/robot/work/RoboTwin-openwam-verified/envs/beat_block_hammer.py", line 10, in setup_demo
    super()._init_task_env_(**kwags)
  File "/root/data/robot/work/RoboTwin-openwam-verified/envs/_base_task.py", line 90, in _init_task_env_
    self.setup_scene()
  File "/root/data/robot/work/RoboTwin-openwam-verified/envs/_base_task.py", line 210, in setup_scene
    self.renderer = sapien.SapienRenderer()
  File "/root/data/miniconda3/envs/robotwin-openwam/lib/python3.10/site-packages/sapien/wrapper/renderer.py", line 9, in __init__
    super().__init__()
RuntimeError: vk::PhysicalDevice::createDeviceUnique: ErrorExtensionNotPresent
[eval_policy_wrapper] expert check skipped seed=100439: RuntimeError
[eval_policy_wrapper] exception in beat_block_hammer.setup_demo
Traceback (most recent call last):
  File "/root/data/robot/OpenWAM/benchmarks/robotwin/eval_policy_wrapper.py", line 218, in wrapped
    return method(*args, **kwargs)
  File "/root/data/robot/work/RoboTwin-openwam-verified/envs/beat_block_hammer.py", line 10, in setup_demo
    super()._init_task_env_(**kwags)
  File "/root/data/robot/work/RoboTwin-openwam-verified/envs/_base_task.py", line 90, in _init_task_env_
    self.setup_scene()
  File "/root/data/robot/work/RoboTwin-openwam-verified/envs/_base_task.py", line 210, in setup_scene
    self.renderer = sapien.SapienRenderer()
  File "/root/data/miniconda3/envs/robotwin-openwam/lib/python3.10/site-packages/sapien/wrapper/renderer.py", line 9, in __init__
    super().__init__()
RuntimeError: vk::PhysicalDevice::createDeviceUnique: ErrorExtensionNotPresent
[eval_policy_wrapper] expert check skipped seed=100440: RuntimeError
[eval_policy_wrapper] exception in beat_block_hammer.setup_demo
Traceback (most recent call last):
  File "/root/data/robot/OpenWAM/benchmarks/robotwin/eval_policy_wrapper.py", line 218, in wrapped
    return method(*args, **kwargs)
  File "/root/data/robot/work/RoboTwin-openwam-verified/envs/beat_block_hammer.py", line 10, in setup_demo
    super()._init_task_env_(**kwags)
  File "/root/data/robot/work/RoboTwin-openwam-verified/envs/_base_task.py", line 90, in _init_task_env_
    self.setup_scene()
  File "/root/data/robot/work/RoboTwin-openwam-verified/envs/_base_task.py", line 210, in setup_scene
    self.renderer = sapien.SapienRenderer()
  File "/root/data/miniconda3/envs/robotwin-openwam/lib/python3.10/site-packages/sapien/wrapper/renderer.py", line 9, in __init__
    super().__init__()
RuntimeError: vk::PhysicalDevice::createDeviceUnique: ErrorExtensionNotPresent
[eval_policy_wrapper] expert check skipped seed=100441: RuntimeError
[eval_policy_wrapper] exception in beat_block_hammer.setup_demo
Traceback (most recent call last):
  File "/root/data/robot/OpenWAM/benchmarks/robotwin/eval_policy_wrapper.py", line 218, in wrapped
    return method(*args, **kwargs)
  File "/root/data/robot/work/RoboTwin-openwam-verified/envs/beat_block_hammer.py", line 10, in setup_demo
    super()._init_task_env_(**kwags)
  File "/root/data/robot/work/RoboTwin-openwam-verified/envs/_base_task.py", line 90, in _init_task_env_
    self.setup_scene()
  File "/root/data/robot/work/RoboTwin-openwam-verified/envs/_base_task.py", line 210, in setup_scene
    self.renderer = sapien.SapienRenderer()
  File "/root/data/miniconda3/envs/robotwin-openwam/lib/python3.10/site-packages/sapien/wrapper/renderer.py", line 9, in __init__
    super().__init__()
RuntimeError: vk::PhysicalDevice::createDeviceUnique: ErrorExtensionNotPresent
[eval_policy_wrapper] expert check skipped seed=100442: RuntimeError
[eval_policy_wrapper] exception in beat_block_hammer.setup_demo
Traceback (most recent call last):
  File "/root/data/robot/OpenWAM/benchmarks/robotwin/eval_policy_wrapper.py", line 218, in wrapped
    return method(*args, **kwargs)
  File "/root/data/robot/work/RoboTwin-openwam-verified/envs/beat_block_hammer.py", line 10, in setup_demo
    super()._init_task_env_(**kwags)
  File "/root/data/robot/work/RoboTwin-openwam-verified/envs/_base_task.py", line 90, in _init_task_env_
    self.setup_scene()
  File "/root/data/robot/work/RoboTwin-openwam-verified/envs/_base_task.py", line 210, in setup_scene
    self.renderer = sapien.SapienRenderer()
  File "/root/data/miniconda3/envs/robotwin-openwam/lib/python3.10/site-packages/sapien/wrapper/renderer.py", line 9, in __init__
    super().__init__()
RuntimeError: vk::PhysicalDevice::createDeviceUnique: ErrorExtensionNotPresent
[eval_policy_wrapper] expert check skipped seed=100443: RuntimeError
[eval_policy_wrapper] exception in beat_block_hammer.setup_demo
Traceback (most recent call last):
  File "/root/data/robot/OpenWAM/benchmarks/robotwin/eval_policy_wrapper.py", line 218, in wrapped
    return method(*args, **kwargs)
  File "/root/data/robot/work/RoboTwin-openwam-verified/envs/beat_block_hammer.py", line 10, in setup_demo
    super()._init_task_env_(**kwags)
  File "/root/data/robot/work/RoboTwin-openwam-verified/envs/_base_task.py", line 90, in _init_task_env_
    self.setup_scene()
  File "/root/data/robot/work/RoboTwin-openwam-verified/envs/_base_task.py", line 210, in setup_scene
    self.renderer = sapien.SapienRenderer()
  File "/root/data/miniconda3/envs/robotwin-openwam/lib/python3.10/site-packages/sapien/wrapper/renderer.py", line 9, in __init__
    super().__init__()
RuntimeError: vk::PhysicalDevice::createDeviceUnique: ErrorExtensionNotPresent
[eval_policy_wrapper] expert check skipped seed=100444: RuntimeError
[eval_policy_wrapper] exception in beat_block_hammer.setup_demo
Traceback (most recent call last):
  File "/root/data/robot/OpenWAM/benchmarks/robotwin/eval_policy_wrapper.py", line 218, in wrapped
    return method(*args, **kwargs)
  File "/root/data/robot/work/RoboTwin-openwam-verified/envs/beat_block_hammer.py", line 10, in setup_demo
    super()._init_task_env_(**kwags)
  File "/root/data/robot/work/RoboTwin-openwam-verified/envs/_base_task.py", line 90, in _init_task_env_
    self.setup_scene()
  File "/root/data/robot/work/RoboTwin-openwam-verified/envs/_base_task.py", line 210, in setup_scene
    self.renderer = sapien.SapienRenderer()
  File "/root/data/miniconda3/envs/robotwin-openwam/lib/python3.10/site-packages/sapien/wrapper/renderer.py", line 9, in __init__
    super().__init__()
RuntimeError: vk::PhysicalDevice::createDeviceUnique: ErrorExtensionNotPresent
[eval_policy_wrapper] expert check skipped seed=100445: RuntimeError
[eval_policy_wrapper] exception in beat_block_hammer.setup_demo
Traceback (most recent call last):
  File "/root/data/robot/OpenWAM/benchmarks/robotwin/eval_policy_wrapper.py", line 218, in wrapped
    return method(*args, **kwargs)
  File "/root/data/robot/work/RoboTwin-openwam-verified/envs/beat_block_hammer.py", line 10, in setup_demo
    super()._init_task_env_(**kwags)
  File "/root/data/robot/work/RoboTwin-openwam-verified/envs/_base_task.py", line 90, in _init_task_env_
    self.setup_scene()
  File "/root/data/robot/work/RoboTwin-openwam-verified/envs/_base_task.py", line 210, in setup_scene
    self.renderer = sapien.SapienRenderer()
  File "/root/data/miniconda3/envs/robotwin-openwam/lib/python3.10/site-packages/sapien/wrapper/renderer.py", line 9, in __init__
    super().__init__()
RuntimeError: vk::PhysicalDevice::createDeviceUnique: ErrorExtensionNotPresent
[eval_policy_wrapper] expert check skipped seed=100446: RuntimeError
[eval_policy_wrapper] exception in beat_block_hammer.setup_demo
Traceback (most recent call last):
  File "/root/data/robot/OpenWAM/benchmarks/robotwin/eval_policy_wrapper.py", line 218, in wrapped
    return method(*args, **kwargs)
  File "/root/data/robot/work/RoboTwin-openwam-verified/envs/beat_block_hammer.py", line 10, in setup_demo
    super()._init_task_env_(**kwags)
  File "/root/data/robot/work/RoboTwin-openwam-verified/envs/_base_task.py", line 90, in _init_task_env_
    self.setup_scene()
  File "/root/data/robot/work/RoboTwin-openwam-verified/envs/_base_task.py", line 210, in setup_scene
    self.renderer = sapien.SapienRenderer()
  File "/root/data/miniconda3/envs/robotwin-openwam/lib/python3.10/site-packages/sapien/wrapper/renderer.py", line 9, in __init__
    super().__init__()
RuntimeError: vk::PhysicalDevice::createDeviceUnique: ErrorExtensionNotPresent
[eval_policy_wrapper] expert check skipped seed=100447: RuntimeError
[eval_policy_wrapper] exception in beat_block_hammer.setup_demo
Traceback (most recent call last):
  File "/root/data/robot/OpenWAM/benchmarks/robotwin/eval_policy_wrapper.py", line 218, in wrapped
    return method(*args, **kwargs)
  File "/root/data/robot/work/RoboTwin-openwam-verified/envs/beat_block_hammer.py", line 10, in setup_demo
    super()._init_task_env_(**kwags)
  File "/root/data/robot/work/RoboTwin-openwam-verified/envs/_base_task.py", line 90, in _init_task_env_
    self.setup_scene()
  File "/root/data/robot/work/RoboTwin-openwam-verified/envs/_base_task.py", line 210, in setup_scene
    self.renderer = sapien.SapienRenderer()
  File "/root/data/miniconda3/envs/robotwin-openwam/lib/python3.10/site-packages/sapien/wrapper/renderer.py", line 9, in __init__
    super().__init__()
RuntimeError: vk::PhysicalDevice::createDeviceUnique: ErrorExtensionNotPresent
[eval_policy_wrapper] expert check skipped seed=100448: RuntimeError
[eval_policy_wrapper] exception in beat_block_hammer.setup_demo
Traceback (most recent call last):
  File "/root/data/robot/OpenWAM/benchmarks/robotwin/eval_policy_wrapper.py", line 218, in wrapped
    return method(*args, **kwargs)
  File "/root/data/robot/work/RoboTwin-openwam-verified/envs/beat_block_hammer.py", line 10, in setup_demo
    super()._init_task_env_(**kwags)
  File "/root/data/robot/work/RoboTwin-openwam-verified/envs/_base_task.py", line 90, in _init_task_env_
    self.setup_scene()
  File "/root/data/robot/work/RoboTwin-openwam-verified/envs/_base_task.py", line 210, in setup_scene
    self.renderer = sapien.SapienRenderer()
  File "/root/data/miniconda3/envs/robotwin-openwam/lib/python3.10/site-packages/sapien/wrapper/renderer.py", line 9, in __init__
    super().__init__()
RuntimeError: vk::PhysicalDevice::createDeviceUnique: ErrorExtensionNotPresent
[eval_policy_wrapper] expert check skipped seed=100449: RuntimeError
[eval_policy_wrapper] exception in beat_block_hammer.setup_demo
Traceback (most recent call last):
  File "/root/data/robot/OpenWAM/benchmarks/robotwin/eval_policy_wrapper.py", line 218, in wrapped
    return method(*args, **kwargs)
  File "/root/data/robot/work/RoboTwin-openwam-verified/envs/beat_block_hammer.py", line 10, in setup_demo
    super()._init_task_env_(**kwags)
  File "/root/data/robot/work/RoboTwin-openwam-verified/envs/_base_task.py", line 90, in _init_task_env_
    self.setup_scene()
  File "/root/data/robot/work/RoboTwin-openwam-verified/envs/_base_task.py", line 210, in setup_scene
    self.renderer = sapien.SapienRenderer()
  File "/root/data/miniconda3/envs/robotwin-openwam/lib/python3.10/site-packages/sapien/wrapper/renderer.py", line 9, in __init__
    super().__init__()
RuntimeError: vk::PhysicalDevice::createDeviceUnique: ErrorExtensionNotPresent
[eval_policy_wrapper] expert check skipped seed=100450: RuntimeError
[eval_policy_wrapper] exception in beat_block_hammer.setup_demo
Traceback (most recent call last):
  File "/root/data/robot/OpenWAM/benchmarks/robotwin/eval_policy_wrapper.py", line 218, in wrapped
    return method(*args, **kwargs)
  File "/root/data/robot/work/RoboTwin-openwam-verified/envs/beat_block_hammer.py", line 10, in setup_demo
    super()._init_task_env_(**kwags)
  File "/root/data/robot/work/RoboTwin-openwam-verified/envs/_base_task.py", line 90, in _init_task_env_
    self.setup_scene()
  File "/root/data/robot/work/RoboTwin-openwam-verified/envs/_base_task.py", line 210, in setup_scene
    self.renderer = sapien.SapienRenderer()
  File "/root/data/miniconda3/envs/robotwin-openwam/lib/python3.10/site-packages/sapien/wrapper/renderer.py", line 9, in __init__
    super().__init__()
RuntimeError: vk::PhysicalDevice::createDeviceUnique: ErrorExtensionNotPresent
[eval_policy_wrapper] expert check skipped seed=100451: RuntimeError
[eval_policy_wrapper] exception in beat_block_hammer.setup_demo
Traceback (most recent call last):
  File "/root/data/robot/OpenWAM/benchmarks/robotwin/eval_policy_wrapper.py", line 218, in wrapped
    return method(*args, **kwargs)
  File "/root/data/robot/work/RoboTwin-openwam-verified/envs/beat_block_hammer.py", line 10, in setup_demo
    super()._init_task_env_(**kwags)
  File "/root/data/robot/work/RoboTwin-openwam-verified/envs/_base_task.py", line 90, in _init_task_env_
    self.setup_scene()
  File "/root/data/robot/work/RoboTwin-openwam-verified/envs/_base_task.py", line 210, in setup_scene
    self.renderer = sapien.SapienRenderer()
  File "/root/data/miniconda3/envs/robotwin-openwam/lib/python3.10/site-packages/sapien/wrapper/renderer.py", line 9, in __init__
    super().__init__()
RuntimeError: vk::PhysicalDevice::createDeviceUnique: ErrorExtensionNotPresent
[eval_policy_wrapper] expert check skipped seed=100452: RuntimeError
[eval_policy_wrapper] exception in beat_block_hammer.setup_demo
Traceback (most recent call last):
  File "/root/data/robot/OpenWAM/benchmarks/robotwin/eval_policy_wrapper.py", line 218, in wrapped
    return method(*args, **kwargs)
  File "/root/data/robot/work/RoboTwin-openwam-verified/envs/beat_block_hammer.py", line 10, in setup_demo
    super()._init_task_env_(**kwags)
  File "/root/data/robot/work/RoboTwin-openwam-verified/envs/_base_task.py", line 90, in _init_task_env_
    self.setup_scene()
  File "/root/data/robot/work/RoboTwin-openwam-verified/envs/_base_task.py", line 210, in setup_scene
    self.renderer = sapien.SapienRenderer()
  File "/root/data/miniconda3/envs/robotwin-openwam/lib/python3.10/site-packages/sapien/wrapper/renderer.py", line 9, in __init__
    super().__init__()
RuntimeError: vk::PhysicalDevice::createDeviceUnique: ErrorExtensionNotPresent
[eval_policy_wrapper] expert check skipped seed=100453: RuntimeError
[eval_policy_wrapper] exception in beat_block_hammer.setup_demo
Traceback (most recent call last):
  File "/root/data/robot/OpenWAM/benchmarks/robotwin/eval_policy_wrapper.py", line 218, in wrapped
    return method(*args, **kwargs)
  File "/root/data/robot/work/RoboTwin-openwam-verified/envs/beat_block_hammer.py", line 10, in setup_demo
    super()._init_task_env_(**kwags)
  File "/root/data/robot/work/RoboTwin-openwam-verified/envs/_base_task.py", line 90, in _init_task_env_
    self.setup_scene()
  File "/root/data/robot/work/RoboTwin-openwam-verified/envs/_base_task.py", line 210, in setup_scene
    self.renderer = sapien.SapienRenderer()
  File "/root/data/miniconda3/envs/robotwin-openwam/lib/python3.10/site-packages/sapien/wrapper/renderer.py", line 9, in __init__
    super().__init__()
RuntimeError: vk::PhysicalDevice::createDeviceUnique: ErrorExtensionNotPresent
[eval_policy_wrapper] expert check skipped seed=100454: RuntimeError
[eval_policy_wrapper] exception in beat_block_hammer.setup_demo
Traceback (most recent call last):
  File "/root/data/robot/OpenWAM/benchmarks/robotwin/eval_policy_wrapper.py", line 218, in wrapped
    return method(*args, **kwargs)
  File "/root/data/robot/work/RoboTwin-openwam-verified/envs/beat_block_hammer.py", line 10, in setup_demo
    super()._init_task_env_(**kwags)
  File "/root/data/robot/work/RoboTwin-openwam-verified/envs/_base_task.py", line 90, in _init_task_env_
    self.setup_scene()
  File "/root/data/robot/work/RoboTwin-openwam-verified/envs/_base_task.py", line 210, in setup_scene
    self.renderer = sapien.SapienRenderer()
  File "/root/data/miniconda3/envs/robotwin-openwam/lib/python3.10/site-packages/sapien/wrapper/renderer.py", line 9, in __init__
    super().__init__()
RuntimeError: vk::PhysicalDevice::createDeviceUnique: ErrorExtensionNotPresent
[eval_policy_wrapper] expert check skipped seed=100455: RuntimeError
[eval_policy_wrapper] exception in beat_block_hammer.setup_demo
Traceback (most recent call last):
  File "/root/data/robot/OpenWAM/benchmarks/robotwin/eval_policy_wrapper.py", line 218, in wrapped
    return method(*args, **kwargs)
  File "/root/data/robot/work/RoboTwin-openwam-verified/envs/beat_block_hammer.py", line 10, in setup_demo
    super()._init_task_env_(**kwags)
  File "/root/data/robot/work/RoboTwin-openwam-verified/envs/_base_task.py", line 90, in _init_task_env_
    self.setup_scene()
  File "/root/data/robot/work/RoboTwin-openwam-verified/envs/_base_task.py", line 210, in setup_scene
    self.renderer = sapien.SapienRenderer()
  File "/root/data/miniconda3/envs/robotwin-openwam/lib/python3.10/site-packages/sapien/wrapper/renderer.py", line 9, in __init__
    super().__init__()
RuntimeError: vk::PhysicalDevice::createDeviceUnique: ErrorExtensionNotPresent
[eval_policy_wrapper] expert check skipped seed=100456: RuntimeError
[eval_policy_wrapper] exception in beat_block_hammer.setup_demo
Traceback (most recent call last):
  File "/root/data/robot/OpenWAM/benchmarks/robotwin/eval_policy_wrapper.py", line 218, in wrapped
    return method(*args, **kwargs)
  File "/root/data/robot/work/RoboTwin-openwam-verified/envs/beat_block_hammer.py", line 10, in setup_demo
    super()._init_task_env_(**kwags)
  File "/root/data/robot/work/RoboTwin-openwam-verified/envs/_base_task.py", line 90, in _init_task_env_
    self.setup_scene()
  File "/root/data/robot/work/RoboTwin-openwam-verified/envs/_base_task.py", line 210, in setup_scene
    self.renderer = sapien.SapienRenderer()
  File "/root/data/miniconda3/envs/robotwin-openwam/lib/python3.10/site-packages/sapien/wrapper/renderer.py", line 9, in __init__
    super().__init__()
RuntimeError: vk::PhysicalDevice::createDeviceUnique: ErrorExtensionNotPresent
[eval_policy_wrapper] expert check skipped seed=100457: RuntimeError
[eval_policy_wrapper] exception in beat_block_hammer.setup_demo
Traceback (most recent call last):
  File "/root/data/robot/OpenWAM/benchmarks/robotwin/eval_policy_wrapper.py", line 218, in wrapped
    return method(*args, **kwargs)
  File "/root/data/robot/work/RoboTwin-openwam-verified/envs/beat_block_hammer.py", line 10, in setup_demo
    super()._init_task_env_(**kwags)
  File "/root/data/robot/work/RoboTwin-openwam-verified/envs/_base_task.py", line 90, in _init_task_env_
    self.setup_scene()
  File "/root/data/robot/work/RoboTwin-openwam-verified/envs/_base_task.py", line 210, in setup_scene
    self.renderer = sapien.SapienRenderer()
  File "/root/data/miniconda3/envs/robotwin-openwam/lib/python3.10/site-packages/sapien/wrapper/renderer.py", line 9, in __init__
    super().__init__()
RuntimeError: vk::PhysicalDevice::createDeviceUnique: ErrorExtensionNotPresent
[eval_policy_wrapper] expert check skipped seed=100458: RuntimeError
[eval_policy_wrapper] exception in beat_block_hammer.setup_demo
Traceback (most recent call last):
  File "/root/data/robot/OpenWAM/benchmarks/robotwin/eval_policy_wrapper.py", line 218, in wrapped
    return method(*args, **kwargs)
  File "/root/data/robot/work/RoboTwin-openwam-verified/envs/beat_block_hammer.py", line 10, in setup_demo
    super()._init_task_env_(**kwags)
  File "/root/data/robot/work/RoboTwin-openwam-verified/envs/_base_task.py", line 90, in _init_task_env_
    self.setup_scene()
  File "/root/data/robot/work/RoboTwin-openwam-verified/envs/_base_task.py", line 210, in setup_scene
    self.renderer = sapien.SapienRenderer()
  File "/root/data/miniconda3/envs/robotwin-openwam/lib/python3.10/site-packages/sapien/wrapper/renderer.py", line 9, in __init__
    super().__init__()
RuntimeError: vk::PhysicalDevice::createDeviceUnique: ErrorExtensionNotPresent
[eval_policy_wrapper] expert check skipped seed=100459: RuntimeError
[eval_policy_wrapper] exception in beat_block_hammer.setup_demo
Traceback (most recent call last):
  File "/root/data/robot/OpenWAM/benchmarks/robotwin/eval_policy_wrapper.py", line 218, in wrapped
    return method(*args, **kwargs)
  File "/root/data/robot/work/RoboTwin-openwam-verified/envs/beat_block_hammer.py", line 10, in setup_demo
    super()._init_task_env_(**kwags)
  File "/root/data/robot/work/RoboTwin-openwam-verified/envs/_base_task.py", line 90, in _init_task_env_
    self.setup_scene()
  File "/root/data/robot/work/RoboTwin-openwam-verified/envs/_base_task.py", line 210, in setup_scene
    self.renderer = sapien.SapienRenderer()
  File "/root/data/miniconda3/envs/robotwin-openwam/lib/python3.10/site-packages/sapien/wrapper/renderer.py", line 9, in __init__
    super().__init__()
RuntimeError: vk::PhysicalDevice::createDeviceUnique: ErrorExtensionNotPresent
[eval_policy_wrapper] expert check skipped seed=100460: RuntimeError
[eval_policy_wrapper] exception in beat_block_hammer.setup_demo
Traceback (most recent call last):
  File "/root/data/robot/OpenWAM/benchmarks/robotwin/eval_policy_wrapper.py", line 218, in wrapped
    return method(*args, **kwargs)
  File "/root/data/robot/work/RoboTwin-openwam-verified/envs/beat_block_hammer.py", line 10, in setup_demo
    super()._init_task_env_(**kwags)
  File "/root/data/robot/work/RoboTwin-openwam-verified/envs/_base_task.py", line 90, in _init_task_env_
    self.setup_scene()
  File "/root/data/robot/work/RoboTwin-openwam-verified/envs/_base_task.py", line 210, in setup_scene
    self.renderer = sapien.SapienRenderer()
  File "/root/data/miniconda3/envs/robotwin-openwam/lib/python3.10/site-packages/sapien/wrapper/renderer.py", line 9, in __init__
    super().__init__()
RuntimeError: vk::PhysicalDevice::createDeviceUnique: ErrorExtensionNotPresent
[eval_policy_wrapper] expert check skipped seed=100461: RuntimeError
[eval_policy_wrapper] exception in beat_block_hammer.setup_demo
Traceback (most recent call last):
  File "/root/data/robot/OpenWAM/benchmarks/robotwin/eval_policy_wrapper.py", line 218, in wrapped
    return method(*args, **kwargs)
  File "/root/data/robot/work/RoboTwin-openwam-verified/envs/beat_block_hammer.py", line 10, in setup_demo
    super()._init_task_env_(**kwags)
  File "/root/data/robot/work/RoboTwin-openwam-verified/envs/_base_task.py", line 90, in _init_task_env_
    self.setup_scene()
  File "/root/data/robot/work/RoboTwin-openwam-verified/envs/_base_task.py", line 210, in setup_scene
    self.renderer = sapien.SapienRenderer()
  File "/root/data/miniconda3/envs/robotwin-openwam/lib/python3.10/site-packages/sapien/wrapper/renderer.py", line 9, in __init__
    super().__init__()
RuntimeError: vk::PhysicalDevice::createDeviceUnique: ErrorExtensionNotPresent
[eval_policy_wrapper] expert check skipped seed=100462: RuntimeError
[eval_policy_wrapper] exception in beat_block_hammer.setup_demo
Traceback (most recent call last):
  File "/root/data/robot/OpenWAM/benchmarks/robotwin/eval_policy_wrapper.py", line 218, in wrapped
    return method(*args, **kwargs)
  File "/root/data/robot/work/RoboTwin-openwam-verified/envs/beat_block_hammer.py", line 10, in setup_demo
    super()._init_task_env_(**kwags)
  File "/root/data/robot/work/RoboTwin-openwam-verified/envs/_base_task.py", line 90, in _init_task_env_
    self.setup_scene()
  File "/root/data/robot/work/RoboTwin-openwam-verified/envs/_base_task.py", line 210, in setup_scene
    self.renderer = sapien.SapienRenderer()
  File "/root/data/miniconda3/envs/robotwin-openwam/lib/python3.10/site-packages/sapien/wrapper/renderer.py", line 9, in __init__
    super().__init__()
RuntimeError: vk::PhysicalDevice::createDeviceUnique: ErrorExtensionNotPresent
[eval_policy_wrapper] expert check skipped seed=100463: RuntimeError
[eval_policy_wrapper] exception in beat_block_hammer.setup_demo
Traceback (most recent call last):
  File "/root/data/robot/OpenWAM/benchmarks/robotwin/eval_policy_wrapper.py", line 218, in wrapped
    return method(*args, **kwargs)
  File "/root/data/robot/work/RoboTwin-openwam-verified/envs/beat_block_hammer.py", line 10, in setup_demo
    super()._init_task_env_(**kwags)
  File "/root/data/robot/work/RoboTwin-openwam-verified/envs/_base_task.py", line 90, in _init_task_env_
    self.setup_scene()
  File "/root/data/robot/work/RoboTwin-openwam-verified/envs/_base_task.py", line 210, in setup_scene
    self.renderer = sapien.SapienRenderer()
  File "/root/data/miniconda3/envs/robotwin-openwam/lib/python3.10/site-packages/sapien/wrapper/renderer.py", line 9, in __init__
    super().__init__()
RuntimeError: vk::PhysicalDevice::createDeviceUnique: ErrorExtensionNotPresent
[eval_policy_wrapper] expert check skipped seed=100464: RuntimeError
[eval_policy_wrapper] exception in beat_block_hammer.setup_demo
Traceback (most recent call last):
  File "/root/data/robot/OpenWAM/benchmarks/robotwin/eval_policy_wrapper.py", line 218, in wrapped
    return method(*args, **kwargs)
  File "/root/data/robot/work/RoboTwin-openwam-verified/envs/beat_block_hammer.py", line 10, in setup_demo
    super()._init_task_env_(**kwags)
  File "/root/data/robot/work/RoboTwin-openwam-verified/envs/_base_task.py", line 90, in _init_task_env_
    self.setup_scene()
  File "/root/data/robot/work/RoboTwin-openwam-verified/envs/_base_task.py", line 210, in setup_scene
    self.renderer = sapien.SapienRenderer()
  File "/root/data/miniconda3/envs/robotwin-openwam/lib/python3.10/site-packages/sapien/wrapper/renderer.py", line 9, in __init__
    super().__init__()
RuntimeError: vk::PhysicalDevice::createDeviceUnique: ErrorExtensionNotPresent
[eval_policy_wrapper] expert check skipped seed=100465: RuntimeError
[eval_policy_wrapper] exception in beat_block_hammer.setup_demo
Traceback (most recent call last):
  File "/root/data/robot/OpenWAM/benchmarks/robotwin/eval_policy_wrapper.py", line 218, in wrapped
    return method(*args, **kwargs)
  File "/root/data/robot/work/RoboTwin-openwam-verified/envs/beat_block_hammer.py", line 10, in setup_demo
    super()._init_task_env_(**kwags)
  File "/root/data/robot/work/RoboTwin-openwam-verified/envs/_base_task.py", line 90, in _init_task_env_
    self.setup_scene()
  File "/root/data/robot/work/RoboTwin-openwam-verified/envs/_base_task.py", line 210, in setup_scene
    self.renderer = sapien.SapienRenderer()
  File "/root/data/miniconda3/envs/robotwin-openwam/lib/python3.10/site-packages/sapien/wrapper/renderer.py", line 9, in __init__
    super().__init__()
RuntimeError: vk::PhysicalDevice::createDeviceUnique: ErrorExtensionNotPresent
[eval_policy_wrapper] expert check skipped seed=100466: RuntimeError
[eval_policy_wrapper] exception in beat_block_hammer.setup_demo
Traceback (most recent call last):
  File "/root/data/robot/OpenWAM/benchmarks/robotwin/eval_policy_wrapper.py", line 218, in wrapped
    return method(*args, **kwargs)
  File "/root/data/robot/work/RoboTwin-openwam-verified/envs/beat_block_hammer.py", line 10, in setup_demo
    super()._init_task_env_(**kwags)
  File "/root/data/robot/work/RoboTwin-openwam-verified/envs/_base_task.py", line 90, in _init_task_env_
    self.setup_scene()
  File "/root/data/robot/work/RoboTwin-openwam-verified/envs/_base_task.py", line 210, in setup_scene
    self.renderer = sapien.SapienRenderer()
  File "/root/data/miniconda3/envs/robotwin-openwam/lib/python3.10/site-packages/sapien/wrapper/renderer.py", line 9, in __init__
    super().__init__()
RuntimeError: vk::PhysicalDevice::createDeviceUnique: ErrorExtensionNotPresent
[eval_policy_wrapper] expert check skipped seed=100467: RuntimeError
[eval_policy_wrapper] exception in beat_block_hammer.setup_demo
Traceback (most recent call last):
  File "/root/data/robot/OpenWAM/benchmarks/robotwin/eval_policy_wrapper.py", line 218, in wrapped
    return method(*args, **kwargs)
  File "/root/data/robot/work/RoboTwin-openwam-verified/envs/beat_block_hammer.py", line 10, in setup_demo
    super()._init_task_env_(**kwags)
  File "/root/data/robot/work/RoboTwin-openwam-verified/envs/_base_task.py", line 90, in _init_task_env_
    self.setup_scene()
  File "/root/data/robot/work/RoboTwin-openwam-verified/envs/_base_task.py", line 210, in setup_scene
    self.renderer = sapien.SapienRenderer()
  File "/root/data/miniconda3/envs/robotwin-openwam/lib/python3.10/site-packages/sapien/wrapper/renderer.py", line 9, in __init__
    super().__init__()
RuntimeError: vk::PhysicalDevice::createDeviceUnique: ErrorExtensionNotPresent
[eval_policy_wrapper] expert check skipped seed=100468: RuntimeError
[eval_policy_wrapper] exception in beat_block_hammer.setup_demo
Traceback (most recent call last):
  File "/root/data/robot/OpenWAM/benchmarks/robotwin/eval_policy_wrapper.py", line 218, in wrapped
    return method(*args, **kwargs)
  File "/root/data/robot/work/RoboTwin-openwam-verified/envs/beat_block_hammer.py", line 10, in setup_demo
    super()._init_task_env_(**kwags)
  File "/root/data/robot/work/RoboTwin-openwam-verified/envs/_base_task.py", line 90, in _init_task_env_
    self.setup_scene()
  File "/root/data/robot/work/RoboTwin-openwam-verified/envs/_base_task.py", line 210, in setup_scene
    self.renderer = sapien.SapienRenderer()
  File "/root/data/miniconda3/envs/robotwin-openwam/lib/python3.10/site-packages/sapien/wrapper/renderer.py", line 9, in __init__
    super().__init__()
RuntimeError: vk::PhysicalDevice::createDeviceUnique: ErrorExtensionNotPresent
[eval_policy_wrapper] expert check skipped seed=100469: RuntimeError
[eval_policy_wrapper] exception in beat_block_hammer.setup_demo
Traceback (most recent call last):
  File "/root/data/robot/OpenWAM/benchmarks/robotwin/eval_policy_wrapper.py", line 218, in wrapped
    return method(*args, **kwargs)
  File "/root/data/robot/work/RoboTwin-openwam-verified/envs/beat_block_hammer.py", line 10, in setup_demo
    super()._init_task_env_(**kwags)
  File "/root/data/robot/work/RoboTwin-openwam-verified/envs/_base_task.py", line 90, in _init_task_env_
    self.setup_scene()
  File "/root/data/robot/work/RoboTwin-openwam-verified/envs/_base_task.py", line 210, in setup_scene
    self.renderer = sapien.SapienRenderer()
  File "/root/data/miniconda3/envs/robotwin-openwam/lib/python3.10/site-packages/sapien/wrapper/renderer.py", line 9, in __init__
    super().__init__()
RuntimeError: vk::PhysicalDevice::createDeviceUnique: ErrorExtensionNotPresent
[eval_policy_wrapper] expert check skipped seed=100470: RuntimeError
[eval_policy_wrapper] exception in beat_block_hammer.setup_demo
Traceback (most recent call last):
  File "/root/data/robot/OpenWAM/benchmarks/robotwin/eval_policy_wrapper.py", line 218, in wrapped
    return method(*args, **kwargs)
  File "/root/data/robot/work/RoboTwin-openwam-verified/envs/beat_block_hammer.py", line 10, in setup_demo
    super()._init_task_env_(**kwags)
  File "/root/data/robot/work/RoboTwin-openwam-verified/envs/_base_task.py", line 90, in _init_task_env_
    self.setup_scene()
  File "/root/data/robot/work/RoboTwin-openwam-verified/envs/_base_task.py", line 210, in setup_scene
    self.renderer = sapien.SapienRenderer()
  File "/root/data/miniconda3/envs/robotwin-openwam/lib/python3.10/site-packages/sapien/wrapper/renderer.py", line 9, in __init__
    super().__init__()
RuntimeError: vk::PhysicalDevice::createDeviceUnique: ErrorExtensionNotPresent
[eval_policy_wrapper] expert check skipped seed=100471: RuntimeError
[eval_policy_wrapper] exception in beat_block_hammer.setup_demo
Traceback (most recent call last):
  File "/root/data/robot/OpenWAM/benchmarks/robotwin/eval_policy_wrapper.py", line 218, in wrapped
    return method(*args, **kwargs)
  File "/root/data/robot/work/RoboTwin-openwam-verified/envs/beat_block_hammer.py", line 10, in setup_demo
    super()._init_task_env_(**kwags)
  File "/root/data/robot/work/RoboTwin-openwam-verified/envs/_base_task.py", line 90, in _init_task_env_
    self.setup_scene()
  File "/root/data/robot/work/RoboTwin-openwam-verified/envs/_base_task.py", line 210, in setup_scene
    self.renderer = sapien.SapienRenderer()
  File "/root/data/miniconda3/envs/robotwin-openwam/lib/python3.10/site-packages/sapien/wrapper/renderer.py", line 9, in __init__
    super().__init__()
RuntimeError: vk::PhysicalDevice::createDeviceUnique: ErrorExtensionNotPresent
[eval_policy_wrapper] expert check skipped seed=100472: RuntimeError
[eval_policy_wrapper] exception in beat_block_hammer.setup_demo
Traceback (most recent call last):
  File "/root/data/robot/OpenWAM/benchmarks/robotwin/eval_policy_wrapper.py", line 218, in wrapped
    return method(*args, **kwargs)
  File "/root/data/robot/work/RoboTwin-openwam-verified/envs/beat_block_hammer.py", line 10, in setup_demo
    super()._init_task_env_(**kwags)
  File "/root/data/robot/work/RoboTwin-openwam-verified/envs/_base_task.py", line 90, in _init_task_env_
    self.setup_scene()
  File "/root/data/robot/work/RoboTwin-openwam-verified/envs/_base_task.py", line 210, in setup_scene
    self.renderer = sapien.SapienRenderer()
  File "/root/data/miniconda3/envs/robotwin-openwam/lib/python3.10/site-packages/sapien/wrapper/renderer.py", line 9, in __init__
    super().__init__()
RuntimeError: vk::PhysicalDevice::createDeviceUnique: ErrorExtensionNotPresent
[eval_policy_wrapper] expert check skipped seed=100473: RuntimeError
[eval_policy_wrapper] exception in beat_block_hammer.setup_demo
Traceback (most recent call last):
  File "/root/data/robot/OpenWAM/benchmarks/robotwin/eval_policy_wrapper.py", line 218, in wrapped
    return method(*args, **kwargs)
  File "/root/data/robot/work/RoboTwin-openwam-verified/envs/beat_block_hammer.py", line 10, in setup_demo
    super()._init_task_env_(**kwags)
  File "/root/data/robot/work/RoboTwin-openwam-verified/envs/_base_task.py", line 90, in _init_task_env_
    self.setup_scene()
  File "/root/data/robot/work/RoboTwin-openwam-verified/envs/_base_task.py", line 210, in setup_scene
    self.renderer = sapien.SapienRenderer()
  File "/root/data/miniconda3/envs/robotwin-openwam/lib/python3.10/site-packages/sapien/wrapper/renderer.py", line 9, in __init__
    super().__init__()
RuntimeError: vk::PhysicalDevice::createDeviceUnique: ErrorExtensionNotPresent
[eval_policy_wrapper] expert check skipped seed=100474: RuntimeError
[eval_policy_wrapper] exception in beat_block_hammer.setup_demo
Traceback (most recent call last):
  File "/root/data/robot/OpenWAM/benchmarks/robotwin/eval_policy_wrapper.py", line 218, in wrapped
    return method(*args, **kwargs)
  File "/root/data/robot/work/RoboTwin-openwam-verified/envs/beat_block_hammer.py", line 10, in setup_demo
    super()._init_task_env_(**kwags)
  File "/root/data/robot/work/RoboTwin-openwam-verified/envs/_base_task.py", line 90, in _init_task_env_
    self.setup_scene()
  File "/root/data/robot/work/RoboTwin-openwam-verified/envs/_base_task.py", line 210, in setup_scene
    self.renderer = sapien.SapienRenderer()
  File "/root/data/miniconda3/envs/robotwin-openwam/lib/python3.10/site-packages/sapien/wrapper/renderer.py", line 9, in __init__
    super().__init__()
RuntimeError: vk::PhysicalDevice::createDeviceUnique: ErrorExtensionNotPresent
[eval_policy_wrapper] expert check skipped seed=100475: RuntimeError
[eval_policy_wrapper] exception in beat_block_hammer.setup_demo
Traceback (most recent call last):
  File "/root/data/robot/OpenWAM/benchmarks/robotwin/eval_policy_wrapper.py", line 218, in wrapped
    return method(*args, **kwargs)
  File "/root/data/robot/work/RoboTwin-openwam-verified/envs/beat_block_hammer.py", line 10, in setup_demo
    super()._init_task_env_(**kwags)
  File "/root/data/robot/work/RoboTwin-openwam-verified/envs/_base_task.py", line 90, in _init_task_env_
    self.setup_scene()
  File "/root/data/robot/work/RoboTwin-openwam-verified/envs/_base_task.py", line 210, in setup_scene
    self.renderer = sapien.SapienRenderer()
  File "/root/data/miniconda3/envs/robotwin-openwam/lib/python3.10/site-packages/sapien/wrapper/renderer.py", line 9, in __init__
    super().__init__()
RuntimeError: vk::PhysicalDevice::createDeviceUnique: ErrorExtensionNotPresent
[eval_policy_wrapper] expert check skipped seed=100476: RuntimeError
[eval_policy_wrapper] exception in beat_block_hammer.setup_demo
Traceback (most recent call last):
  File "/root/data/robot/OpenWAM/benchmarks/robotwin/eval_policy_wrapper.py", line 218, in wrapped
    return method(*args, **kwargs)
  File "/root/data/robot/work/RoboTwin-openwam-verified/envs/beat_block_hammer.py", line 10, in setup_demo
    super()._init_task_env_(**kwags)
  File "/root/data/robot/work/RoboTwin-openwam-verified/envs/_base_task.py", line 90, in _init_task_env_
    self.setup_scene()
  File "/root/data/robot/work/RoboTwin-openwam-verified/envs/_base_task.py", line 210, in setup_scene
    self.renderer = sapien.SapienRenderer()
  File "/root/data/miniconda3/envs/robotwin-openwam/lib/python3.10/site-packages/sapien/wrapper/renderer.py", line 9, in __init__
    super().__init__()
RuntimeError: vk::PhysicalDevice::createDeviceUnique: ErrorExtensionNotPresent
[eval_policy_wrapper] expert check skipped seed=100477: RuntimeError
[eval_policy_wrapper] exception in beat_block_hammer.setup_demo
Traceback (most recent call last):
  File "/root/data/robot/OpenWAM/benchmarks/robotwin/eval_policy_wrapper.py", line 218, in wrapped
    return method(*args, **kwargs)
  File "/root/data/robot/work/RoboTwin-openwam-verified/envs/beat_block_hammer.py", line 10, in setup_demo
    super()._init_task_env_(**kwags)
  File "/root/data/robot/work/RoboTwin-openwam-verified/envs/_base_task.py", line 90, in _init_task_env_
    self.setup_scene()
  File "/root/data/robot/work/RoboTwin-openwam-verified/envs/_base_task.py", line 210, in setup_scene
    self.renderer = sapien.SapienRenderer()
  File "/root/data/miniconda3/envs/robotwin-openwam/lib/python3.10/site-packages/sapien/wrapper/renderer.py", line 9, in __init__
    super().__init__()
RuntimeError: vk::PhysicalDevice::createDeviceUnique: ErrorExtensionNotPresent
[eval_policy_wrapper] expert check skipped seed=100478: RuntimeError
[eval_policy_wrapper] exception in beat_block_hammer.setup_demo
Traceback (most recent call last):
  File "/root/data/robot/OpenWAM/benchmarks/robotwin/eval_policy_wrapper.py", line 218, in wrapped
    return method(*args, **kwargs)
  File "/root/data/robot/work/RoboTwin-openwam-verified/envs/beat_block_hammer.py", line 10, in setup_demo
    super()._init_task_env_(**kwags)
  File "/root/data/robot/work/RoboTwin-openwam-verified/envs/_base_task.py", line 90, in _init_task_env_
    self.setup_scene()
  File "/root/data/robot/work/RoboTwin-openwam-verified/envs/_base_task.py", line 210, in setup_scene
    self.renderer = sapien.SapienRenderer()
  File "/root/data/miniconda3/envs/robotwin-openwam/lib/python3.10/site-packages/sapien/wrapper/renderer.py", line 9, in __init__
    super().__init__()
RuntimeError: vk::PhysicalDevice::createDeviceUnique: ErrorExtensionNotPresent
[eval_policy_wrapper] expert check skipped seed=100479: RuntimeError
[eval_policy_wrapper] exception in beat_block_hammer.setup_demo
Traceback (most recent call last):
  File "/root/data/robot/OpenWAM/benchmarks/robotwin/eval_policy_wrapper.py", line 218, in wrapped
    return method(*args, **kwargs)
  File "/root/data/robot/work/RoboTwin-openwam-verified/envs/beat_block_hammer.py", line 10, in setup_demo
    super()._init_task_env_(**kwags)
  File "/root/data/robot/work/RoboTwin-openwam-verified/envs/_base_task.py", line 90, in _init_task_env_
    self.setup_scene()
  File "/root/data/robot/work/RoboTwin-openwam-verified/envs/_base_task.py", line 210, in setup_scene
    self.renderer = sapien.SapienRenderer()
  File "/root/data/miniconda3/envs/robotwin-openwam/lib/python3.10/site-packages/sapien/wrapper/renderer.py", line 9, in __init__
    super().__init__()
RuntimeError: vk::PhysicalDevice::createDeviceUnique: ErrorExtensionNotPresent
[eval_policy_wrapper] expert check skipped seed=100480: RuntimeError
[eval_policy_wrapper] exception in beat_block_hammer.setup_demo
Traceback (most recent call last):
  File "/root/data/robot/OpenWAM/benchmarks/robotwin/eval_policy_wrapper.py", line 218, in wrapped
    return method(*args, **kwargs)
  File "/root/data/robot/work/RoboTwin-openwam-verified/envs/beat_block_hammer.py", line 10, in setup_demo
    super()._init_task_env_(**kwags)
  File "/root/data/robot/work/RoboTwin-openwam-verified/envs/_base_task.py", line 90, in _init_task_env_
    self.setup_scene()
  File "/root/data/robot/work/RoboTwin-openwam-verified/envs/_base_task.py", line 210, in setup_scene
    self.renderer = sapien.SapienRenderer()
  File "/root/data/miniconda3/envs/robotwin-openwam/lib/python3.10/site-packages/sapien/wrapper/renderer.py", line 9, in __init__
    super().__init__()
RuntimeError: vk::PhysicalDevice::createDeviceUnique: ErrorExtensionNotPresent
[eval_policy_wrapper] expert check skipped seed=100481: RuntimeError
[eval_policy_wrapper] exception in beat_block_hammer.setup_demo
Traceback (most recent call last):
  File "/root/data/robot/OpenWAM/benchmarks/robotwin/eval_policy_wrapper.py", line 218, in wrapped
    return method(*args, **kwargs)
  File "/root/data/robot/work/RoboTwin-openwam-verified/envs/beat_block_hammer.py", line 10, in setup_demo
    super()._init_task_env_(**kwags)
  File "/root/data/robot/work/RoboTwin-openwam-verified/envs/_base_task.py", line 90, in _init_task_env_
    self.setup_scene()
  File "/root/data/robot/work/RoboTwin-openwam-verified/envs/_base_task.py", line 210, in setup_scene
    self.renderer = sapien.SapienRenderer()
  File "/root/data/miniconda3/envs/robotwin-openwam/lib/python3.10/site-packages/sapien/wrapper/renderer.py", line 9, in __init__
    super().__init__()
RuntimeError: vk::PhysicalDevice::createDeviceUnique: ErrorExtensionNotPresent
[eval_policy_wrapper] expert check skipped seed=100482: RuntimeError
[eval_policy_wrapper] exception in beat_block_hammer.setup_demo
Traceback (most recent call last):
  File "/root/data/robot/OpenWAM/benchmarks/robotwin/eval_policy_wrapper.py", line 218, in wrapped
    return method(*args, **kwargs)
  File "/root/data/robot/work/RoboTwin-openwam-verified/envs/beat_block_hammer.py", line 10, in setup_demo
    super()._init_task_env_(**kwags)
  File "/root/data/robot/work/RoboTwin-openwam-verified/envs/_base_task.py", line 90, in _init_task_env_
    self.setup_scene()
  File "/root/data/robot/work/RoboTwin-openwam-verified/envs/_base_task.py", line 210, in setup_scene
    self.renderer = sapien.SapienRenderer()
  File "/root/data/miniconda3/envs/robotwin-openwam/lib/python3.10/site-packages/sapien/wrapper/renderer.py", line 9, in __init__
    super().__init__()
RuntimeError: vk::PhysicalDevice::createDeviceUnique: ErrorExtensionNotPresent
[eval_policy_wrapper] expert check skipped seed=100483: RuntimeError
[eval_policy_wrapper] exception in beat_block_hammer.setup_demo
Traceback (most recent call last):
  File "/root/data/robot/OpenWAM/benchmarks/robotwin/eval_policy_wrapper.py", line 218, in wrapped
    return method(*args, **kwargs)
  File "/root/data/robot/work/RoboTwin-openwam-verified/envs/beat_block_hammer.py", line 10, in setup_demo
    super()._init_task_env_(**kwags)
  File "/root/data/robot/work/RoboTwin-openwam-verified/envs/_base_task.py", line 90, in _init_task_env_
    self.setup_scene()
  File "/root/data/robot/work/RoboTwin-openwam-verified/envs/_base_task.py", line 210, in setup_scene
    self.renderer = sapien.SapienRenderer()
  File "/root/data/miniconda3/envs/robotwin-openwam/lib/python3.10/site-packages/sapien/wrapper/renderer.py", line 9, in __init__
    super().__init__()
RuntimeError: vk::PhysicalDevice::createDeviceUnique: ErrorExtensionNotPresent
[eval_policy_wrapper] expert check skipped seed=100484: RuntimeError
[eval_policy_wrapper] exception in beat_block_hammer.setup_demo
Traceback (most recent call last):
  File "/root/data/robot/OpenWAM/benchmarks/robotwin/eval_policy_wrapper.py", line 218, in wrapped
    return method(*args, **kwargs)
  File "/root/data/robot/work/RoboTwin-openwam-verified/envs/beat_block_hammer.py", line 10, in setup_demo
    super()._init_task_env_(**kwags)
  File "/root/data/robot/work/RoboTwin-openwam-verified/envs/_base_task.py", line 90, in _init_task_env_
    self.setup_scene()
  File "/root/data/robot/work/RoboTwin-openwam-verified/envs/_base_task.py", line 210, in setup_scene
    self.renderer = sapien.SapienRenderer()
  File "/root/data/miniconda3/envs/robotwin-openwam/lib/python3.10/site-packages/sapien/wrapper/renderer.py", line 9, in __init__
    super().__init__()
RuntimeError: vk::PhysicalDevice::createDeviceUnique: ErrorExtensionNotPresent
[eval_policy_wrapper] expert check skipped seed=100485: RuntimeError
[eval_policy_wrapper] exception in beat_block_hammer.setup_demo
Traceback (most recent call last):
  File "/root/data/robot/OpenWAM/benchmarks/robotwin/eval_policy_wrapper.py", line 218, in wrapped
    return method(*args, **kwargs)
  File "/root/data/robot/work/RoboTwin-openwam-verified/envs/beat_block_hammer.py", line 10, in setup_demo
    super()._init_task_env_(**kwags)
  File "/root/data/robot/work/RoboTwin-openwam-verified/envs/_base_task.py", line 90, in _init_task_env_
    self.setup_scene()
  File "/root/data/robot/work/RoboTwin-openwam-verified/envs/_base_task.py", line 210, in setup_scene
    self.renderer = sapien.SapienRenderer()
  File "/root/data/miniconda3/envs/robotwin-openwam/lib/python3.10/site-packages/sapien/wrapper/renderer.py", line 9, in __init__
    super().__init__()
RuntimeError: vk::PhysicalDevice::createDeviceUnique: ErrorExtensionNotPresent
[eval_policy_wrapper] expert check skipped seed=100486: RuntimeError
[eval_policy_wrapper] exception in beat_block_hammer.setup_demo
Traceback (most recent call last):
  File "/root/data/robot/OpenWAM/benchmarks/robotwin/eval_policy_wrapper.py", line 218, in wrapped
    return method(*args, **kwargs)
  File "/root/data/robot/work/RoboTwin-openwam-verified/envs/beat_block_hammer.py", line 10, in setup_demo
    super()._init_task_env_(**kwags)
  File "/root/data/robot/work/RoboTwin-openwam-verified/envs/_base_task.py", line 90, in _init_task_env_
    self.setup_scene()
  File "/root/data/robot/work/RoboTwin-openwam-verified/envs/_base_task.py", line 210, in setup_scene
    self.renderer = sapien.SapienRenderer()
  File "/root/data/miniconda3/envs/robotwin-openwam/lib/python3.10/site-packages/sapien/wrapper/renderer.py", line 9, in __init__
    super().__init__()
RuntimeError: vk::PhysicalDevice::createDeviceUnique: ErrorExtensionNotPresent
[eval_policy_wrapper] expert check skipped seed=100487: RuntimeError
[eval_policy_wrapper] exception in beat_block_hammer.setup_demo
Traceback (most recent call last):
  File "/root/data/robot/OpenWAM/benchmarks/robotwin/eval_policy_wrapper.py", line 218, in wrapped
    return method(*args, **kwargs)
  File "/root/data/robot/work/RoboTwin-openwam-verified/envs/beat_block_hammer.py", line 10, in setup_demo
    super()._init_task_env_(**kwags)
  File "/root/data/robot/work/RoboTwin-openwam-verified/envs/_base_task.py", line 90, in _init_task_env_
    self.setup_scene()
  File "/root/data/robot/work/RoboTwin-openwam-verified/envs/_base_task.py", line 210, in setup_scene
    self.renderer = sapien.SapienRenderer()
  File "/root/data/miniconda3/envs/robotwin-openwam/lib/python3.10/site-packages/sapien/wrapper/renderer.py", line 9, in __init__
    super().__init__()
RuntimeError: vk::PhysicalDevice::createDeviceUnique: ErrorExtensionNotPresent
[eval_policy_wrapper] expert check skipped seed=100488: RuntimeError
[eval_policy_wrapper] exception in beat_block_hammer.setup_demo
Traceback (most recent call last):
  File "/root/data/robot/OpenWAM/benchmarks/robotwin/eval_policy_wrapper.py", line 218, in wrapped
    return method(*args, **kwargs)
  File "/root/data/robot/work/RoboTwin-openwam-verified/envs/beat_block_hammer.py", line 10, in setup_demo
    super()._init_task_env_(**kwags)
  File "/root/data/robot/work/RoboTwin-openwam-verified/envs/_base_task.py", line 90, in _init_task_env_
    self.setup_scene()
  File "/root/data/robot/work/RoboTwin-openwam-verified/envs/_base_task.py", line 210, in setup_scene
    self.renderer = sapien.SapienRenderer()
  File "/root/data/miniconda3/envs/robotwin-openwam/lib/python3.10/site-packages/sapien/wrapper/renderer.py", line 9, in __init__
    super().__init__()
RuntimeError: vk::PhysicalDevice::createDeviceUnique: ErrorExtensionNotPresent
[eval_policy_wrapper] expert check skipped seed=100489: RuntimeError
[eval_policy_wrapper] exception in beat_block_hammer.setup_demo
Traceback (most recent call last):
  File "/root/data/robot/OpenWAM/benchmarks/robotwin/eval_policy_wrapper.py", line 218, in wrapped
    return method(*args, **kwargs)
  File "/root/data/robot/work/RoboTwin-openwam-verified/envs/beat_block_hammer.py", line 10, in setup_demo
    super()._init_task_env_(**kwags)
  File "/root/data/robot/work/RoboTwin-openwam-verified/envs/_base_task.py", line 90, in _init_task_env_
    self.setup_scene()
  File "/root/data/robot/work/RoboTwin-openwam-verified/envs/_base_task.py", line 210, in setup_scene
    self.renderer = sapien.SapienRenderer()
  File "/root/data/miniconda3/envs/robotwin-openwam/lib/python3.10/site-packages/sapien/wrapper/renderer.py", line 9, in __init__
    super().__init__()
RuntimeError: vk::PhysicalDevice::createDeviceUnique: ErrorExtensionNotPresent
[eval_policy_wrapper] expert check skipped seed=100490: RuntimeError
[eval_policy_wrapper] exception in beat_block_hammer.setup_demo
Traceback (most recent call last):
  File "/root/data/robot/OpenWAM/benchmarks/robotwin/eval_policy_wrapper.py", line 218, in wrapped
    return method(*args, **kwargs)
  File "/root/data/robot/work/RoboTwin-openwam-verified/envs/beat_block_hammer.py", line 10, in setup_demo
    super()._init_task_env_(**kwags)
  File "/root/data/robot/work/RoboTwin-openwam-verified/envs/_base_task.py", line 90, in _init_task_env_
    self.setup_scene()
  File "/root/data/robot/work/RoboTwin-openwam-verified/envs/_base_task.py", line 210, in setup_scene
    self.renderer = sapien.SapienRenderer()
  File "/root/data/miniconda3/envs/robotwin-openwam/lib/python3.10/site-packages/sapien/wrapper/renderer.py", line 9, in __init__
    super().__init__()
RuntimeError: vk::PhysicalDevice::createDeviceUnique: ErrorExtensionNotPresent
[eval_policy_wrapper] expert check skipped seed=100491: RuntimeError
[eval_policy_wrapper] exception in beat_block_hammer.setup_demo
Traceback (most recent call last):
  File "/root/data/robot/OpenWAM/benchmarks/robotwin/eval_policy_wrapper.py", line 218, in wrapped
    return method(*args, **kwargs)
  File "/root/data/robot/work/RoboTwin-openwam-verified/envs/beat_block_hammer.py", line 10, in setup_demo
    super()._init_task_env_(**kwags)
  File "/root/data/robot/work/RoboTwin-openwam-verified/envs/_base_task.py", line 90, in _init_task_env_
    self.setup_scene()
  File "/root/data/robot/work/RoboTwin-openwam-verified/envs/_base_task.py", line 210, in setup_scene
    self.renderer = sapien.SapienRenderer()
  File "/root/data/miniconda3/envs/robotwin-openwam/lib/python3.10/site-packages/sapien/wrapper/renderer.py", line 9, in __init__
    super().__init__()
RuntimeError: vk::PhysicalDevice::createDeviceUnique: ErrorExtensionNotPresent
[eval_policy_wrapper] expert check skipped seed=100492: RuntimeError
[eval_policy_wrapper] exception in beat_block_hammer.setup_demo
Traceback (most recent call last):
  File "/root/data/robot/OpenWAM/benchmarks/robotwin/eval_policy_wrapper.py", line 218, in wrapped
    return method(*args, **kwargs)
  File "/root/data/robot/work/RoboTwin-openwam-verified/envs/beat_block_hammer.py", line 10, in setup_demo
    super()._init_task_env_(**kwags)
  File "/root/data/robot/work/RoboTwin-openwam-verified/envs/_base_task.py", line 90, in _init_task_env_
    self.setup_scene()
  File "/root/data/robot/work/RoboTwin-openwam-verified/envs/_base_task.py", line 210, in setup_scene
    self.renderer = sapien.SapienRenderer()
  File "/root/data/miniconda3/envs/robotwin-openwam/lib/python3.10/site-packages/sapien/wrapper/renderer.py", line 9, in __init__
    super().__init__()
RuntimeError: vk::PhysicalDevice::createDeviceUnique: ErrorExtensionNotPresent
[eval_policy_wrapper] expert check skipped seed=100493: RuntimeError
[eval_policy_wrapper] exception in beat_block_hammer.setup_demo
Traceback (most recent call last):
  File "/root/data/robot/OpenWAM/benchmarks/robotwin/eval_policy_wrapper.py", line 218, in wrapped
    return method(*args, **kwargs)
  File "/root/data/robot/work/RoboTwin-openwam-verified/envs/beat_block_hammer.py", line 10, in setup_demo
    super()._init_task_env_(**kwags)
  File "/root/data/robot/work/RoboTwin-openwam-verified/envs/_base_task.py", line 90, in _init_task_env_
    self.setup_scene()
  File "/root/data/robot/work/RoboTwin-openwam-verified/envs/_base_task.py", line 210, in setup_scene
    self.renderer = sapien.SapienRenderer()
  File "/root/data/miniconda3/envs/robotwin-openwam/lib/python3.10/site-packages/sapien/wrapper/renderer.py", line 9, in __init__
    super().__init__()
RuntimeError: vk::PhysicalDevice::createDeviceUnique: ErrorExtensionNotPresent
[eval_policy_wrapper] expert check skipped seed=100494: RuntimeError
[eval_policy_wrapper] exception in beat_block_hammer.setup_demo
Traceback (most recent call last):
  File "/root/data/robot/OpenWAM/benchmarks/robotwin/eval_policy_wrapper.py", line 218, in wrapped
    return method(*args, **kwargs)
  File "/root/data/robot/work/RoboTwin-openwam-verified/envs/beat_block_hammer.py", line 10, in setup_demo
    super()._init_task_env_(**kwags)
  File "/root/data/robot/work/RoboTwin-openwam-verified/envs/_base_task.py", line 90, in _init_task_env_
    self.setup_scene()
  File "/root/data/robot/work/RoboTwin-openwam-verified/envs/_base_task.py", line 210, in setup_scene
    self.renderer = sapien.SapienRenderer()
  File "/root/data/miniconda3/envs/robotwin-openwam/lib/python3.10/site-packages/sapien/wrapper/renderer.py", line 9, in __init__
    super().__init__()
RuntimeError: vk::PhysicalDevice::createDeviceUnique: ErrorExtensionNotPresent
[eval_policy_wrapper] expert check skipped seed=100495: RuntimeError
[eval_policy_wrapper] exception in beat_block_hammer.setup_demo
Traceback (most recent call last):
  File "/root/data/robot/OpenWAM/benchmarks/robotwin/eval_policy_wrapper.py", line 218, in wrapped
    return method(*args, **kwargs)
  File "/root/data/robot/work/RoboTwin-openwam-verified/envs/beat_block_hammer.py", line 10, in setup_demo
    super()._init_task_env_(**kwags)
  File "/root/data/robot/work/RoboTwin-openwam-verified/envs/_base_task.py", line 90, in _init_task_env_
    self.setup_scene()
  File "/root/data/robot/work/RoboTwin-openwam-verified/envs/_base_task.py", line 210, in setup_scene
    self.renderer = sapien.SapienRenderer()
  File "/root/data/miniconda3/envs/robotwin-openwam/lib/python3.10/site-packages/sapien/wrapper/renderer.py", line 9, in __init__
    super().__init__()
RuntimeError: vk::PhysicalDevice::createDeviceUnique: ErrorExtensionNotPresent
[eval_policy_wrapper] expert check skipped seed=100496: RuntimeError
[eval_policy_wrapper] exception in beat_block_hammer.setup_demo
Traceback (most recent call last):
  File "/root/data/robot/OpenWAM/benchmarks/robotwin/eval_policy_wrapper.py", line 218, in wrapped
    return method(*args, **kwargs)
  File "/root/data/robot/work/RoboTwin-openwam-verified/envs/beat_block_hammer.py", line 10, in setup_demo
    super()._init_task_env_(**kwags)
  File "/root/data/robot/work/RoboTwin-openwam-verified/envs/_base_task.py", line 90, in _init_task_env_
    self.setup_scene()
  File "/root/data/robot/work/RoboTwin-openwam-verified/envs/_base_task.py", line 210, in setup_scene
    self.renderer = sapien.SapienRenderer()
  File "/root/data/miniconda3/envs/robotwin-openwam/lib/python3.10/site-packages/sapien/wrapper/renderer.py", line 9, in __init__
    super().__init__()
RuntimeError: vk::PhysicalDevice::createDeviceUnique: ErrorExtensionNotPresent
[eval_policy_wrapper] expert check skipped seed=100497: RuntimeError
[eval_policy_wrapper] exception in beat_block_hammer.setup_demo
Traceback (most recent call last):
  File "/root/data/robot/OpenWAM/benchmarks/robotwin/eval_policy_wrapper.py", line 218, in wrapped
    return method(*args, **kwargs)
  File "/root/data/robot/work/RoboTwin-openwam-verified/envs/beat_block_hammer.py", line 10, in setup_demo
    super()._init_task_env_(**kwags)
  File "/root/data/robot/work/RoboTwin-openwam-verified/envs/_base_task.py", line 90, in _init_task_env_
    self.setup_scene()
  File "/root/data/robot/work/RoboTwin-openwam-verified/envs/_base_task.py", line 210, in setup_scene
    self.renderer = sapien.SapienRenderer()
  File "/root/data/miniconda3/envs/robotwin-openwam/lib/python3.10/site-packages/sapien/wrapper/renderer.py", line 9, in __init__
    super().__init__()
RuntimeError: vk::PhysicalDevice::createDeviceUnique: ErrorExtensionNotPresent
[eval_policy_wrapper] expert check skipped seed=100498: RuntimeError
[eval_policy_wrapper] exception in beat_block_hammer.setup_demo
Traceback (most recent call last):
  File "/root/data/robot/OpenWAM/benchmarks/robotwin/eval_policy_wrapper.py", line 218, in wrapped
    return method(*args, **kwargs)
  File "/root/data/robot/work/RoboTwin-openwam-verified/envs/beat_block_hammer.py", line 10, in setup_demo
    super()._init_task_env_(**kwags)
  File "/root/data/robot/work/RoboTwin-openwam-verified/envs/_base_task.py", line 90, in _init_task_env_
    self.setup_scene()
  File "/root/data/robot/work/RoboTwin-openwam-verified/envs/_base_task.py", line 210, in setup_scene
    self.renderer = sapien.SapienRenderer()
  File "/root/data/miniconda3/envs/robotwin-openwam/lib/python3.10/site-packages/sapien/wrapper/renderer.py", line 9, in __init__
    super().__init__()
RuntimeError: vk::PhysicalDevice::createDeviceUnique: ErrorExtensionNotPresent
[eval_policy_wrapper] expert check skipped seed=100499: RuntimeError
[eval_policy_wrapper] exception in beat_block_hammer.setup_demo
Traceback (most recent call last):
  File "/root/data/robot/OpenWAM/benchmarks/robotwin/eval_policy_wrapper.py", line 218, in wrapped
    return method(*args, **kwargs)
  File "/root/data/robot/work/RoboTwin-openwam-verified/envs/beat_block_hammer.py", line 10, in setup_demo
    super()._init_task_env_(**kwags)
  File "/root/data/robot/work/RoboTwin-openwam-verified/envs/_base_task.py", line 90, in _init_task_env_
    self.setup_scene()
  File "/root/data/robot/work/RoboTwin-openwam-verified/envs/_base_task.py", line 210, in setup_scene
    self.renderer = sapien.SapienRenderer()
  File "/root/data/miniconda3/envs/robotwin-openwam/lib/python3.10/site-packages/sapien/wrapper/renderer.py", line 9, in __init__
    super().__init__()
RuntimeError: vk::PhysicalDevice::createDeviceUnique: ErrorExtensionNotPresent
[eval_policy_wrapper] expert check skipped seed=100500: RuntimeError
[eval_policy_wrapper] exception in beat_block_hammer.setup_demo
Traceback (most recent call last):
  File "/root/data/robot/OpenWAM/benchmarks/robotwin/eval_policy_wrapper.py", line 218, in wrapped
    return method(*args, **kwargs)
  File "/root/data/robot/work/RoboTwin-openwam-verified/envs/beat_block_hammer.py", line 10, in setup_demo
    super()._init_task_env_(**kwags)
  File "/root/data/robot/work/RoboTwin-openwam-verified/envs/_base_task.py", line 90, in _init_task_env_
    self.setup_scene()
  File "/root/data/robot/work/RoboTwin-openwam-verified/envs/_base_task.py", line 210, in setup_scene
    self.renderer = sapien.SapienRenderer()
  File "/root/data/miniconda3/envs/robotwin-openwam/lib/python3.10/site-packages/sapien/wrapper/renderer.py", line 9, in __init__
    super().__init__()
RuntimeError: vk::PhysicalDevice::createDeviceUnique: ErrorExtensionNotPresent
[eval_policy_wrapper] expert check skipped seed=100501: RuntimeError
[eval_policy_wrapper] exception in beat_block_hammer.setup_demo
Traceback (most recent call last):
  File "/root/data/robot/OpenWAM/benchmarks/robotwin/eval_policy_wrapper.py", line 218, in wrapped
    return method(*args, **kwargs)
  File "/root/data/robot/work/RoboTwin-openwam-verified/envs/beat_block_hammer.py", line 10, in setup_demo
    super()._init_task_env_(**kwags)
  File "/root/data/robot/work/RoboTwin-openwam-verified/envs/_base_task.py", line 90, in _init_task_env_
    self.setup_scene()
  File "/root/data/robot/work/RoboTwin-openwam-verified/envs/_base_task.py", line 210, in setup_scene
    self.renderer = sapien.SapienRenderer()
  File "/root/data/miniconda3/envs/robotwin-openwam/lib/python3.10/site-packages/sapien/wrapper/renderer.py", line 9, in __init__
    super().__init__()
RuntimeError: vk::PhysicalDevice::createDeviceUnique: ErrorExtensionNotPresent
[eval_policy_wrapper] expert check skipped seed=100502: RuntimeError
[eval_policy_wrapper] exception in beat_block_hammer.setup_demo
Traceback (most recent call last):
  File "/root/data/robot/OpenWAM/benchmarks/robotwin/eval_policy_wrapper.py", line 218, in wrapped
    return method(*args, **kwargs)
  File "/root/data/robot/work/RoboTwin-openwam-verified/envs/beat_block_hammer.py", line 10, in setup_demo
    super()._init_task_env_(**kwags)
  File "/root/data/robot/work/RoboTwin-openwam-verified/envs/_base_task.py", line 90, in _init_task_env_
    self.setup_scene()
  File "/root/data/robot/work/RoboTwin-openwam-verified/envs/_base_task.py", line 210, in setup_scene
    self.renderer = sapien.SapienRenderer()
  File "/root/data/miniconda3/envs/robotwin-openwam/lib/python3.10/site-packages/sapien/wrapper/renderer.py", line 9, in __init__
    super().__init__()
RuntimeError: vk::PhysicalDevice::createDeviceUnique: ErrorExtensionNotPresent
[eval_policy_wrapper] expert check skipped seed=100503: RuntimeError
[eval_policy_wrapper] exception in beat_block_hammer.setup_demo
Traceback (most recent call last):
  File "/root/data/robot/OpenWAM/benchmarks/robotwin/eval_policy_wrapper.py", line 218, in wrapped
    return method(*args, **kwargs)
  File "/root/data/robot/work/RoboTwin-openwam-verified/envs/beat_block_hammer.py", line 10, in setup_demo
    super()._init_task_env_(**kwags)
  File "/root/data/robot/work/RoboTwin-openwam-verified/envs/_base_task.py", line 90, in _init_task_env_
    self.setup_scene()
  File "/root/data/robot/work/RoboTwin-openwam-verified/envs/_base_task.py", line 210, in setup_scene
    self.renderer = sapien.SapienRenderer()
  File "/root/data/miniconda3/envs/robotwin-openwam/lib/python3.10/site-packages/sapien/wrapper/renderer.py", line 9, in __init__
    super().__init__()
RuntimeError: vk::PhysicalDevice::createDeviceUnique: ErrorExtensionNotPresent
[eval_policy_wrapper] expert check skipped seed=100504: RuntimeError
[eval_policy_wrapper] exception in beat_block_hammer.setup_demo
Traceback (most recent call last):
  File "/root/data/robot/OpenWAM/benchmarks/robotwin/eval_policy_wrapper.py", line 218, in wrapped
    return method(*args, **kwargs)
  File "/root/data/robot/work/RoboTwin-openwam-verified/envs/beat_block_hammer.py", line 10, in setup_demo
    super()._init_task_env_(**kwags)
  File "/root/data/robot/work/RoboTwin-openwam-verified/envs/_base_task.py", line 90, in _init_task_env_
    self.setup_scene()
  File "/root/data/robot/work/RoboTwin-openwam-verified/envs/_base_task.py", line 210, in setup_scene
    self.renderer = sapien.SapienRenderer()
  File "/root/data/miniconda3/envs/robotwin-openwam/lib/python3.10/site-packages/sapien/wrapper/renderer.py", line 9, in __init__
    super().__init__()
RuntimeError: vk::PhysicalDevice::createDeviceUnique: ErrorExtensionNotPresent
[eval_policy_wrapper] expert check skipped seed=100505: RuntimeError
[eval_policy_wrapper] exception in beat_block_hammer.setup_demo
Traceback (most recent call last):
  File "/root/data/robot/OpenWAM/benchmarks/robotwin/eval_policy_wrapper.py", line 218, in wrapped
    return method(*args, **kwargs)
  File "/root/data/robot/work/RoboTwin-openwam-verified/envs/beat_block_hammer.py", line 10, in setup_demo
    super()._init_task_env_(**kwags)
  File "/root/data/robot/work/RoboTwin-openwam-verified/envs/_base_task.py", line 90, in _init_task_env_
    self.setup_scene()
  File "/root/data/robot/work/RoboTwin-openwam-verified/envs/_base_task.py", line 210, in setup_scene
    self.renderer = sapien.SapienRenderer()
  File "/root/data/miniconda3/envs/robotwin-openwam/lib/python3.10/site-packages/sapien/wrapper/renderer.py", line 9, in __init__
    super().__init__()
RuntimeError: vk::PhysicalDevice::createDeviceUnique: ErrorExtensionNotPresent
[eval_policy_wrapper] expert check skipped seed=100506: RuntimeError
[eval_policy_wrapper] exception in beat_block_hammer.setup_demo
Traceback (most recent call last):
  File "/root/data/robot/OpenWAM/benchmarks/robotwin/eval_policy_wrapper.py", line 218, in wrapped
    return method(*args, **kwargs)
  File "/root/data/robot/work/RoboTwin-openwam-verified/envs/beat_block_hammer.py", line 10, in setup_demo
    super()._init_task_env_(**kwags)
  File "/root/data/robot/work/RoboTwin-openwam-verified/envs/_base_task.py", line 90, in _init_task_env_
    self.setup_scene()
  File "/root/data/robot/work/RoboTwin-openwam-verified/envs/_base_task.py", line 210, in setup_scene
    self.renderer = sapien.SapienRenderer()
  File "/root/data/miniconda3/envs/robotwin-openwam/lib/python3.10/site-packages/sapien/wrapper/renderer.py", line 9, in __init__
    super().__init__()
RuntimeError: vk::PhysicalDevice::createDeviceUnique: ErrorExtensionNotPresent
[eval_policy_wrapper] expert check skipped seed=100507: RuntimeError
[eval_policy_wrapper] exception in beat_block_hammer.setup_demo
Traceback (most recent call last):
  File "/root/data/robot/OpenWAM/benchmarks/robotwin/eval_policy_wrapper.py", line 218, in wrapped
    return method(*args, **kwargs)
  File "/root/data/robot/work/RoboTwin-openwam-verified/envs/beat_block_hammer.py", line 10, in setup_demo
    super()._init_task_env_(**kwags)
  File "/root/data/robot/work/RoboTwin-openwam-verified/envs/_base_task.py", line 90, in _init_task_env_
    self.setup_scene()
  File "/root/data/robot/work/RoboTwin-openwam-verified/envs/_base_task.py", line 210, in setup_scene
    self.renderer = sapien.SapienRenderer()
  File "/root/data/miniconda3/envs/robotwin-openwam/lib/python3.10/site-packages/sapien/wrapper/renderer.py", line 9, in __init__
    super().__init__()
RuntimeError: vk::PhysicalDevice::createDeviceUnique: ErrorExtensionNotPresent
[eval_policy_wrapper] expert check skipped seed=100508: RuntimeError
[eval_policy_wrapper] exception in beat_block_hammer.setup_demo
Traceback (most recent call last):
  File "/root/data/robot/OpenWAM/benchmarks/robotwin/eval_policy_wrapper.py", line 218, in wrapped
    return method(*args, **kwargs)
  File "/root/data/robot/work/RoboTwin-openwam-verified/envs/beat_block_hammer.py", line 10, in setup_demo
    super()._init_task_env_(**kwags)
  File "/root/data/robot/work/RoboTwin-openwam-verified/envs/_base_task.py", line 90, in _init_task_env_
    self.setup_scene()
  File "/root/data/robot/work/RoboTwin-openwam-verified/envs/_base_task.py", line 210, in setup_scene
    self.renderer = sapien.SapienRenderer()
  File "/root/data/miniconda3/envs/robotwin-openwam/lib/python3.10/site-packages/sapien/wrapper/renderer.py", line 9, in __init__
    super().__init__()
RuntimeError: vk::PhysicalDevice::createDeviceUnique: ErrorExtensionNotPresent
[eval_policy_wrapper] expert check skipped seed=100509: RuntimeError
[eval_policy_wrapper] exception in beat_block_hammer.setup_demo
Traceback (most recent call last):
  File "/root/data/robot/OpenWAM/benchmarks/robotwin/eval_policy_wrapper.py", line 218, in wrapped
    return method(*args, **kwargs)
  File "/root/data/robot/work/RoboTwin-openwam-verified/envs/beat_block_hammer.py", line 10, in setup_demo
    super()._init_task_env_(**kwags)
  File "/root/data/robot/work/RoboTwin-openwam-verified/envs/_base_task.py", line 90, in _init_task_env_
    self.setup_scene()
  File "/root/data/robot/work/RoboTwin-openwam-verified/envs/_base_task.py", line 210, in setup_scene
    self.renderer = sapien.SapienRenderer()
  File "/root/data/miniconda3/envs/robotwin-openwam/lib/python3.10/site-packages/sapien/wrapper/renderer.py", line 9, in __init__
    super().__init__()
RuntimeError: vk::PhysicalDevice::createDeviceUnique: ErrorExtensionNotPresent
[eval_policy_wrapper] expert check skipped seed=100510: RuntimeError
[eval_policy_wrapper] exception in beat_block_hammer.setup_demo
Traceback (most recent call last):
  File "/root/data/robot/OpenWAM/benchmarks/robotwin/eval_policy_wrapper.py", line 218, in wrapped
    return method(*args, **kwargs)
  File "/root/data/robot/work/RoboTwin-openwam-verified/envs/beat_block_hammer.py", line 10, in setup_demo
    super()._init_task_env_(**kwags)
  File "/root/data/robot/work/RoboTwin-openwam-verified/envs/_base_task.py", line 90, in _init_task_env_
    self.setup_scene()
  File "/root/data/robot/work/RoboTwin-openwam-verified/envs/_base_task.py", line 210, in setup_scene
    self.renderer = sapien.SapienRenderer()
  File "/root/data/miniconda3/envs/robotwin-openwam/lib/python3.10/site-packages/sapien/wrapper/renderer.py", line 9, in __init__
    super().__init__()
RuntimeError: vk::PhysicalDevice::createDeviceUnique: ErrorExtensionNotPresent
[eval_policy_wrapper] expert check skipped seed=100511: RuntimeError
[eval_policy_wrapper] exception in beat_block_hammer.setup_demo
Traceback (most recent call last):
  File "/root/data/robot/OpenWAM/benchmarks/robotwin/eval_policy_wrapper.py", line 218, in wrapped
    return method(*args, **kwargs)
  File "/root/data/robot/work/RoboTwin-openwam-verified/envs/beat_block_hammer.py", line 10, in setup_demo
    super()._init_task_env_(**kwags)
  File "/root/data/robot/work/RoboTwin-openwam-verified/envs/_base_task.py", line 90, in _init_task_env_
    self.setup_scene()
  File "/root/data/robot/work/RoboTwin-openwam-verified/envs/_base_task.py", line 210, in setup_scene
    self.renderer = sapien.SapienRenderer()
  File "/root/data/miniconda3/envs/robotwin-openwam/lib/python3.10/site-packages/sapien/wrapper/renderer.py", line 9, in __init__
    super().__init__()
RuntimeError: vk::PhysicalDevice::createDeviceUnique: ErrorExtensionNotPresent
[eval_policy_wrapper] expert check skipped seed=100512: RuntimeError
[eval_policy_wrapper] exception in beat_block_hammer.setup_demo
Traceback (most recent call last):
  File "/root/data/robot/OpenWAM/benchmarks/robotwin/eval_policy_wrapper.py", line 218, in wrapped
    return method(*args, **kwargs)
  File "/root/data/robot/work/RoboTwin-openwam-verified/envs/beat_block_hammer.py", line 10, in setup_demo
    super()._init_task_env_(**kwags)
  File "/root/data/robot/work/RoboTwin-openwam-verified/envs/_base_task.py", line 90, in _init_task_env_
    self.setup_scene()
  File "/root/data/robot/work/RoboTwin-openwam-verified/envs/_base_task.py", line 210, in setup_scene
    self.renderer = sapien.SapienRenderer()
  File "/root/data/miniconda3/envs/robotwin-openwam/lib/python3.10/site-packages/sapien/wrapper/renderer.py", line 9, in __init__
    super().__init__()
RuntimeError: vk::PhysicalDevice::createDeviceUnique: ErrorExtensionNotPresent
[eval_policy_wrapper] expert check skipped seed=100513: RuntimeError
[eval_policy_wrapper] exception in beat_block_hammer.setup_demo
Traceback (most recent call last):
  File "/root/data/robot/OpenWAM/benchmarks/robotwin/eval_policy_wrapper.py", line 218, in wrapped
    return method(*args, **kwargs)
  File "/root/data/robot/work/RoboTwin-openwam-verified/envs/beat_block_hammer.py", line 10, in setup_demo
    super()._init_task_env_(**kwags)
  File "/root/data/robot/work/RoboTwin-openwam-verified/envs/_base_task.py", line 90, in _init_task_env_
    self.setup_scene()
  File "/root/data/robot/work/RoboTwin-openwam-verified/envs/_base_task.py", line 210, in setup_scene
    self.renderer = sapien.SapienRenderer()
  File "/root/data/miniconda3/envs/robotwin-openwam/lib/python3.10/site-packages/sapien/wrapper/renderer.py", line 9, in __init__
    super().__init__()
RuntimeError: vk::PhysicalDevice::createDeviceUnique: ErrorExtensionNotPresent
[eval_policy_wrapper] expert check skipped seed=100514: RuntimeError
[eval_policy_wrapper] exception in beat_block_hammer.setup_demo
Traceback (most recent call last):
  File "/root/data/robot/OpenWAM/benchmarks/robotwin/eval_policy_wrapper.py", line 218, in wrapped
    return method(*args, **kwargs)
  File "/root/data/robot/work/RoboTwin-openwam-verified/envs/beat_block_hammer.py", line 10, in setup_demo
    super()._init_task_env_(**kwags)
  File "/root/data/robot/work/RoboTwin-openwam-verified/envs/_base_task.py", line 90, in _init_task_env_
    self.setup_scene()
  File "/root/data/robot/work/RoboTwin-openwam-verified/envs/_base_task.py", line 210, in setup_scene
    self.renderer = sapien.SapienRenderer()
  File "/root/data/miniconda3/envs/robotwin-openwam/lib/python3.10/site-packages/sapien/wrapper/renderer.py", line 9, in __init__
    super().__init__()
RuntimeError: vk::PhysicalDevice::createDeviceUnique: ErrorExtensionNotPresent
[eval_policy_wrapper] expert check skipped seed=100515: RuntimeError
[eval_policy_wrapper] exception in beat_block_hammer.setup_demo
Traceback (most recent call last):
  File "/root/data/robot/OpenWAM/benchmarks/robotwin/eval_policy_wrapper.py", line 218, in wrapped
    return method(*args, **kwargs)
  File "/root/data/robot/work/RoboTwin-openwam-verified/envs/beat_block_hammer.py", line 10, in setup_demo
    super()._init_task_env_(**kwags)
  File "/root/data/robot/work/RoboTwin-openwam-verified/envs/_base_task.py", line 90, in _init_task_env_
    self.setup_scene()
  File "/root/data/robot/work/RoboTwin-openwam-verified/envs/_base_task.py", line 210, in setup_scene
    self.renderer = sapien.SapienRenderer()
  File "/root/data/miniconda3/envs/robotwin-openwam/lib/python3.10/site-packages/sapien/wrapper/renderer.py", line 9, in __init__
    super().__init__()
RuntimeError: vk::PhysicalDevice::createDeviceUnique: ErrorExtensionNotPresent
[eval_policy_wrapper] expert check skipped seed=100516: RuntimeError
[eval_policy_wrapper] exception in beat_block_hammer.setup_demo
Traceback (most recent call last):
  File "/root/data/robot/OpenWAM/benchmarks/robotwin/eval_policy_wrapper.py", line 218, in wrapped
    return method(*args, **kwargs)
  File "/root/data/robot/work/RoboTwin-openwam-verified/envs/beat_block_hammer.py", line 10, in setup_demo
    super()._init_task_env_(**kwags)
  File "/root/data/robot/work/RoboTwin-openwam-verified/envs/_base_task.py", line 90, in _init_task_env_
    self.setup_scene()
  File "/root/data/robot/work/RoboTwin-openwam-verified/envs/_base_task.py", line 210, in setup_scene
    self.renderer = sapien.SapienRenderer()
  File "/root/data/miniconda3/envs/robotwin-openwam/lib/python3.10/site-packages/sapien/wrapper/renderer.py", line 9, in __init__
    super().__init__()
RuntimeError: vk::PhysicalDevice::createDeviceUnique: ErrorExtensionNotPresent
[eval_policy_wrapper] expert check skipped seed=100517: RuntimeError
[eval_policy_wrapper] exception in beat_block_hammer.setup_demo
Traceback (most recent call last):
  File "/root/data/robot/OpenWAM/benchmarks/robotwin/eval_policy_wrapper.py", line 218, in wrapped
    return method(*args, **kwargs)
  File "/root/data/robot/work/RoboTwin-openwam-verified/envs/beat_block_hammer.py", line 10, in setup_demo
    super()._init_task_env_(**kwags)
  File "/root/data/robot/work/RoboTwin-openwam-verified/envs/_base_task.py", line 90, in _init_task_env_
    self.setup_scene()
  File "/root/data/robot/work/RoboTwin-openwam-verified/envs/_base_task.py", line 210, in setup_scene
    self.renderer = sapien.SapienRenderer()
  File "/root/data/miniconda3/envs/robotwin-openwam/lib/python3.10/site-packages/sapien/wrapper/renderer.py", line 9, in __init__
    super().__init__()
RuntimeError: vk::PhysicalDevice::createDeviceUnique: ErrorExtensionNotPresent
[eval_policy_wrapper] expert check skipped seed=100518: RuntimeError
[eval_policy_wrapper] exception in beat_block_hammer.setup_demo
Traceback (most recent call last):
  File "/root/data/robot/OpenWAM/benchmarks/robotwin/eval_policy_wrapper.py", line 218, in wrapped
    return method(*args, **kwargs)
  File "/root/data/robot/work/RoboTwin-openwam-verified/envs/beat_block_hammer.py", line 10, in setup_demo
    super()._init_task_env_(**kwags)
  File "/root/data/robot/work/RoboTwin-openwam-verified/envs/_base_task.py", line 90, in _init_task_env_
    self.setup_scene()
  File "/root/data/robot/work/RoboTwin-openwam-verified/envs/_base_task.py", line 210, in setup_scene
    self.renderer = sapien.SapienRenderer()
  File "/root/data/miniconda3/envs/robotwin-openwam/lib/python3.10/site-packages/sapien/wrapper/renderer.py", line 9, in __init__
    super().__init__()
RuntimeError: vk::PhysicalDevice::createDeviceUnique: ErrorExtensionNotPresent
[eval_policy_wrapper] expert check skipped seed=100519: RuntimeError
[eval_policy_wrapper] exception in beat_block_hammer.setup_demo
Traceback (most recent call last):
  File "/root/data/robot/OpenWAM/benchmarks/robotwin/eval_policy_wrapper.py", line 218, in wrapped
    return method(*args, **kwargs)
  File "/root/data/robot/work/RoboTwin-openwam-verified/envs/beat_block_hammer.py", line 10, in setup_demo
    super()._init_task_env_(**kwags)
  File "/root/data/robot/work/RoboTwin-openwam-verified/envs/_base_task.py", line 90, in _init_task_env_
    self.setup_scene()
  File "/root/data/robot/work/RoboTwin-openwam-verified/envs/_base_task.py", line 210, in setup_scene
    self.renderer = sapien.SapienRenderer()
  File "/root/data/miniconda3/envs/robotwin-openwam/lib/python3.10/site-packages/sapien/wrapper/renderer.py", line 9, in __init__
    super().__init__()
RuntimeError: vk::PhysicalDevice::createDeviceUnique: ErrorExtensionNotPresent
[eval_policy_wrapper] expert check skipped seed=100520: RuntimeError
[eval_policy_wrapper] exception in beat_block_hammer.setup_demo
Traceback (most recent call last):
  File "/root/data/robot/OpenWAM/benchmarks/robotwin/eval_policy_wrapper.py", line 218, in wrapped
    return method(*args, **kwargs)
  File "/root/data/robot/work/RoboTwin-openwam-verified/envs/beat_block_hammer.py", line 10, in setup_demo
    super()._init_task_env_(**kwags)
  File "/root/data/robot/work/RoboTwin-openwam-verified/envs/_base_task.py", line 90, in _init_task_env_
    self.setup_scene()
  File "/root/data/robot/work/RoboTwin-openwam-verified/envs/_base_task.py", line 210, in setup_scene
    self.renderer = sapien.SapienRenderer()
  File "/root/data/miniconda3/envs/robotwin-openwam/lib/python3.10/site-packages/sapien/wrapper/renderer.py", line 9, in __init__
    super().__init__()
RuntimeError: vk::PhysicalDevice::createDeviceUnique: ErrorExtensionNotPresent
[eval_policy_wrapper] expert check skipped seed=100521: RuntimeError
[eval_policy_wrapper] exception in beat_block_hammer.setup_demo
Traceback (most recent call last):
  File "/root/data/robot/OpenWAM/benchmarks/robotwin/eval_policy_wrapper.py", line 218, in wrapped
    return method(*args, **kwargs)
  File "/root/data/robot/work/RoboTwin-openwam-verified/envs/beat_block_hammer.py", line 10, in setup_demo
    super()._init_task_env_(**kwags)
  File "/root/data/robot/work/RoboTwin-openwam-verified/envs/_base_task.py", line 90, in _init_task_env_
    self.setup_scene()
  File "/root/data/robot/work/RoboTwin-openwam-verified/envs/_base_task.py", line 210, in setup_scene
    self.renderer = sapien.SapienRenderer()
  File "/root/data/miniconda3/envs/robotwin-openwam/lib/python3.10/site-packages/sapien/wrapper/renderer.py", line 9, in __init__
    super().__init__()
RuntimeError: vk::PhysicalDevice::createDeviceUnique: ErrorExtensionNotPresent
[eval_policy_wrapper] expert check skipped seed=100522: RuntimeError
[eval_policy_wrapper] exception in beat_block_hammer.setup_demo
Traceback (most recent call last):
  File "/root/data/robot/OpenWAM/benchmarks/robotwin/eval_policy_wrapper.py", line 218, in wrapped
    return method(*args, **kwargs)
  File "/root/data/robot/work/RoboTwin-openwam-verified/envs/beat_block_hammer.py", line 10, in setup_demo
    super()._init_task_env_(**kwags)
  File "/root/data/robot/work/RoboTwin-openwam-verified/envs/_base_task.py", line 90, in _init_task_env_
    self.setup_scene()
  File "/root/data/robot/work/RoboTwin-openwam-verified/envs/_base_task.py", line 210, in setup_scene
    self.renderer = sapien.SapienRenderer()
  File "/root/data/miniconda3/envs/robotwin-openwam/lib/python3.10/site-packages/sapien/wrapper/renderer.py", line 9, in __init__
    super().__init__()
RuntimeError: vk::PhysicalDevice::createDeviceUnique: ErrorExtensionNotPresent
[eval_policy_wrapper] expert check skipped seed=100523: RuntimeError
[eval_policy_wrapper] exception in beat_block_hammer.setup_demo
Traceback (most recent call last):
  File "/root/data/robot/OpenWAM/benchmarks/robotwin/eval_policy_wrapper.py", line 218, in wrapped
    return method(*args, **kwargs)
  File "/root/data/robot/work/RoboTwin-openwam-verified/envs/beat_block_hammer.py", line 10, in setup_demo
    super()._init_task_env_(**kwags)
  File "/root/data/robot/work/RoboTwin-openwam-verified/envs/_base_task.py", line 90, in _init_task_env_
    self.setup_scene()
  File "/root/data/robot/work/RoboTwin-openwam-verified/envs/_base_task.py", line 210, in setup_scene
    self.renderer = sapien.SapienRenderer()
  File "/root/data/miniconda3/envs/robotwin-openwam/lib/python3.10/site-packages/sapien/wrapper/renderer.py", line 9, in __init__
    super().__init__()
RuntimeError: vk::PhysicalDevice::createDeviceUnique: ErrorExtensionNotPresent
[eval_policy_wrapper] expert check skipped seed=100524: RuntimeError
[eval_policy_wrapper] exception in beat_block_hammer.setup_demo
Traceback (most recent call last):
  File "/root/data/robot/OpenWAM/benchmarks/robotwin/eval_policy_wrapper.py", line 218, in wrapped
    return method(*args, **kwargs)
  File "/root/data/robot/work/RoboTwin-openwam-verified/envs/beat_block_hammer.py", line 10, in setup_demo
    super()._init_task_env_(**kwags)
  File "/root/data/robot/work/RoboTwin-openwam-verified/envs/_base_task.py", line 90, in _init_task_env_
    self.setup_scene()
  File "/root/data/robot/work/RoboTwin-openwam-verified/envs/_base_task.py", line 210, in setup_scene
    self.renderer = sapien.SapienRenderer()
  File "/root/data/miniconda3/envs/robotwin-openwam/lib/python3.10/site-packages/sapien/wrapper/renderer.py", line 9, in __init__
    super().__init__()
RuntimeError: vk::PhysicalDevice::createDeviceUnique: ErrorExtensionNotPresent
[eval_policy_wrapper] expert check skipped seed=100525: RuntimeError
[eval_policy_wrapper] exception in beat_block_hammer.setup_demo
Traceback (most recent call last):
  File "/root/data/robot/OpenWAM/benchmarks/robotwin/eval_policy_wrapper.py", line 218, in wrapped
    return method(*args, **kwargs)
  File "/root/data/robot/work/RoboTwin-openwam-verified/envs/beat_block_hammer.py", line 10, in setup_demo
    super()._init_task_env_(**kwags)
  File "/root/data/robot/work/RoboTwin-openwam-verified/envs/_base_task.py", line 90, in _init_task_env_
    self.setup_scene()
  File "/root/data/robot/work/RoboTwin-openwam-verified/envs/_base_task.py", line 210, in setup_scene
    self.renderer = sapien.SapienRenderer()
  File "/root/data/miniconda3/envs/robotwin-openwam/lib/python3.10/site-packages/sapien/wrapper/renderer.py", line 9, in __init__
    super().__init__()
RuntimeError: vk::PhysicalDevice::createDeviceUnique: ErrorExtensionNotPresent
[eval_policy_wrapper] expert check skipped seed=100526: RuntimeError
[eval_policy_wrapper] exception in beat_block_hammer.setup_demo
Traceback (most recent call last):
  File "/root/data/robot/OpenWAM/benchmarks/robotwin/eval_policy_wrapper.py", line 218, in wrapped
    return method(*args, **kwargs)
  File "/root/data/robot/work/RoboTwin-openwam-verified/envs/beat_block_hammer.py", line 10, in setup_demo
    super()._init_task_env_(**kwags)
  File "/root/data/robot/work/RoboTwin-openwam-verified/envs/_base_task.py", line 90, in _init_task_env_
    self.setup_scene()
  File "/root/data/robot/work/RoboTwin-openwam-verified/envs/_base_task.py", line 210, in setup_scene
    self.renderer = sapien.SapienRenderer()
  File "/root/data/miniconda3/envs/robotwin-openwam/lib/python3.10/site-packages/sapien/wrapper/renderer.py", line 9, in __init__
    super().__init__()
RuntimeError: vk::PhysicalDevice::createDeviceUnique: ErrorExtensionNotPresent
[eval_policy_wrapper] expert check skipped seed=100527: RuntimeError
[eval_policy_wrapper] exception in beat_block_hammer.setup_demo
Traceback (most recent call last):
  File "/root/data/robot/OpenWAM/benchmarks/robotwin/eval_policy_wrapper.py", line 218, in wrapped
    return method(*args, **kwargs)
  File "/root/data/robot/work/RoboTwin-openwam-verified/envs/beat_block_hammer.py", line 10, in setup_demo
    super()._init_task_env_(**kwags)
  File "/root/data/robot/work/RoboTwin-openwam-verified/envs/_base_task.py", line 90, in _init_task_env_
    self.setup_scene()
  File "/root/data/robot/work/RoboTwin-openwam-verified/envs/_base_task.py", line 210, in setup_scene
    self.renderer = sapien.SapienRenderer()
  File "/root/data/miniconda3/envs/robotwin-openwam/lib/python3.10/site-packages/sapien/wrapper/renderer.py", line 9, in __init__
    super().__init__()
RuntimeError: vk::PhysicalDevice::createDeviceUnique: ErrorExtensionNotPresent
[eval_policy_wrapper] expert check skipped seed=100528: RuntimeError
[eval_policy_wrapper] exception in beat_block_hammer.setup_demo
Traceback (most recent call last):
  File "/root/data/robot/OpenWAM/benchmarks/robotwin/eval_policy_wrapper.py", line 218, in wrapped
    return method(*args, **kwargs)
  File "/root/data/robot/work/RoboTwin-openwam-verified/envs/beat_block_hammer.py", line 10, in setup_demo
    super()._init_task_env_(**kwags)
  File "/root/data/robot/work/RoboTwin-openwam-verified/envs/_base_task.py", line 90, in _init_task_env_
    self.setup_scene()
  File "/root/data/robot/work/RoboTwin-openwam-verified/envs/_base_task.py", line 210, in setup_scene
    self.renderer = sapien.SapienRenderer()
  File "/root/data/miniconda3/envs/robotwin-openwam/lib/python3.10/site-packages/sapien/wrapper/renderer.py", line 9, in __init__
    super().__init__()
RuntimeError: vk::PhysicalDevice::createDeviceUnique: ErrorExtensionNotPresent
[eval_policy_wrapper] expert check skipped seed=100529: RuntimeError
[eval_policy_wrapper] exception in beat_block_hammer.setup_demo
Traceback (most recent call last):
  File "/root/data/robot/OpenWAM/benchmarks/robotwin/eval_policy_wrapper.py", line 218, in wrapped
    return method(*args, **kwargs)
  File "/root/data/robot/work/RoboTwin-openwam-verified/envs/beat_block_hammer.py", line 10, in setup_demo
    super()._init_task_env_(**kwags)
  File "/root/data/robot/work/RoboTwin-openwam-verified/envs/_base_task.py", line 90, in _init_task_env_
    self.setup_scene()
  File "/root/data/robot/work/RoboTwin-openwam-verified/envs/_base_task.py", line 210, in setup_scene
    self.renderer = sapien.SapienRenderer()
  File "/root/data/miniconda3/envs/robotwin-openwam/lib/python3.10/site-packages/sapien/wrapper/renderer.py", line 9, in __init__
    super().__init__()
RuntimeError: vk::PhysicalDevice::createDeviceUnique: ErrorExtensionNotPresent
[eval_policy_wrapper] expert check skipped seed=100530: RuntimeError
[eval_policy_wrapper] exception in beat_block_hammer.setup_demo
Traceback (most recent call last):
  File "/root/data/robot/OpenWAM/benchmarks/robotwin/eval_policy_wrapper.py", line 218, in wrapped
    return method(*args, **kwargs)
  File "/root/data/robot/work/RoboTwin-openwam-verified/envs/beat_block_hammer.py", line 10, in setup_demo
    super()._init_task_env_(**kwags)
  File "/root/data/robot/work/RoboTwin-openwam-verified/envs/_base_task.py", line 90, in _init_task_env_
    self.setup_scene()
  File "/root/data/robot/work/RoboTwin-openwam-verified/envs/_base_task.py", line 210, in setup_scene
    self.renderer = sapien.SapienRenderer()
  File "/root/data/miniconda3/envs/robotwin-openwam/lib/python3.10/site-packages/sapien/wrapper/renderer.py", line 9, in __init__
    super().__init__()
RuntimeError: vk::PhysicalDevice::createDeviceUnique: ErrorExtensionNotPresent
[eval_policy_wrapper] expert check skipped seed=100531: RuntimeError
[eval_policy_wrapper] exception in beat_block_hammer.setup_demo
Traceback (most recent call last):
  File "/root/data/robot/OpenWAM/benchmarks/robotwin/eval_policy_wrapper.py", line 218, in wrapped
    return method(*args, **kwargs)
  File "/root/data/robot/work/RoboTwin-openwam-verified/envs/beat_block_hammer.py", line 10, in setup_demo
    super()._init_task_env_(**kwags)
  File "/root/data/robot/work/RoboTwin-openwam-verified/envs/_base_task.py", line 90, in _init_task_env_
    self.setup_scene()
  File "/root/data/robot/work/RoboTwin-openwam-verified/envs/_base_task.py", line 210, in setup_scene
    self.renderer = sapien.SapienRenderer()
  File "/root/data/miniconda3/envs/robotwin-openwam/lib/python3.10/site-packages/sapien/wrapper/renderer.py", line 9, in __init__
    super().__init__()
RuntimeError: vk::PhysicalDevice::createDeviceUnique: ErrorExtensionNotPresent
[eval_policy_wrapper] expert check skipped seed=100532: RuntimeError
[eval_policy_wrapper] exception in beat_block_hammer.setup_demo
Traceback (most recent call last):
  File "/root/data/robot/OpenWAM/benchmarks/robotwin/eval_policy_wrapper.py", line 218, in wrapped
    return method(*args, **kwargs)
  File "/root/data/robot/work/RoboTwin-openwam-verified/envs/beat_block_hammer.py", line 10, in setup_demo
    super()._init_task_env_(**kwags)
  File "/root/data/robot/work/RoboTwin-openwam-verified/envs/_base_task.py", line 90, in _init_task_env_
    self.setup_scene()
  File "/root/data/robot/work/RoboTwin-openwam-verified/envs/_base_task.py", line 210, in setup_scene
    self.renderer = sapien.SapienRenderer()
  File "/root/data/miniconda3/envs/robotwin-openwam/lib/python3.10/site-packages/sapien/wrapper/renderer.py", line 9, in __init__
    super().__init__()
RuntimeError: vk::PhysicalDevice::createDeviceUnique: ErrorExtensionNotPresent
[eval_policy_wrapper] expert check skipped seed=100533: RuntimeError
[eval_policy_wrapper] exception in beat_block_hammer.setup_demo
Traceback (most recent call last):
  File "/root/data/robot/OpenWAM/benchmarks/robotwin/eval_policy_wrapper.py", line 218, in wrapped
    return method(*args, **kwargs)
  File "/root/data/robot/work/RoboTwin-openwam-verified/envs/beat_block_hammer.py", line 10, in setup_demo
    super()._init_task_env_(**kwags)
  File "/root/data/robot/work/RoboTwin-openwam-verified/envs/_base_task.py", line 90, in _init_task_env_
    self.setup_scene()
  File "/root/data/robot/work/RoboTwin-openwam-verified/envs/_base_task.py", line 210, in setup_scene
    self.renderer = sapien.SapienRenderer()
  File "/root/data/miniconda3/envs/robotwin-openwam/lib/python3.10/site-packages/sapien/wrapper/renderer.py", line 9, in __init__
    super().__init__()
RuntimeError: vk::PhysicalDevice::createDeviceUnique: ErrorExtensionNotPresent
[eval_policy_wrapper] expert check skipped seed=100534: RuntimeError
[eval_policy_wrapper] exception in beat_block_hammer.setup_demo
Traceback (most recent call last):
  File "/root/data/robot/OpenWAM/benchmarks/robotwin/eval_policy_wrapper.py", line 218, in wrapped
    return method(*args, **kwargs)
  File "/root/data/robot/work/RoboTwin-openwam-verified/envs/beat_block_hammer.py", line 10, in setup_demo
    super()._init_task_env_(**kwags)
  File "/root/data/robot/work/RoboTwin-openwam-verified/envs/_base_task.py", line 90, in _init_task_env_
    self.setup_scene()
  File "/root/data/robot/work/RoboTwin-openwam-verified/envs/_base_task.py", line 210, in setup_scene
    self.renderer = sapien.SapienRenderer()
  File "/root/data/miniconda3/envs/robotwin-openwam/lib/python3.10/site-packages/sapien/wrapper/renderer.py", line 9, in __init__
    super().__init__()
RuntimeError: vk::PhysicalDevice::createDeviceUnique: ErrorExtensionNotPresent
[eval_policy_wrapper] expert check skipped seed=100535: RuntimeError
[eval_policy_wrapper] exception in beat_block_hammer.setup_demo
Traceback (most recent call last):
  File "/root/data/robot/OpenWAM/benchmarks/robotwin/eval_policy_wrapper.py", line 218, in wrapped
    return method(*args, **kwargs)
  File "/root/data/robot/work/RoboTwin-openwam-verified/envs/beat_block_hammer.py", line 10, in setup_demo
    super()._init_task_env_(**kwags)
  File "/root/data/robot/work/RoboTwin-openwam-verified/envs/_base_task.py", line 90, in _init_task_env_
    self.setup_scene()
  File "/root/data/robot/work/RoboTwin-openwam-verified/envs/_base_task.py", line 210, in setup_scene
    self.renderer = sapien.SapienRenderer()
  File "/root/data/miniconda3/envs/robotwin-openwam/lib/python3.10/site-packages/sapien/wrapper/renderer.py", line 9, in __init__
    super().__init__()
RuntimeError: vk::PhysicalDevice::createDeviceUnique: ErrorExtensionNotPresent
[eval_policy_wrapper] expert check skipped seed=100536: RuntimeError
[eval_policy_wrapper] exception in beat_block_hammer.setup_demo
Traceback (most recent call last):
  File "/root/data/robot/OpenWAM/benchmarks/robotwin/eval_policy_wrapper.py", line 218, in wrapped
    return method(*args, **kwargs)
  File "/root/data/robot/work/RoboTwin-openwam-verified/envs/beat_block_hammer.py", line 10, in setup_demo
    super()._init_task_env_(**kwags)
  File "/root/data/robot/work/RoboTwin-openwam-verified/envs/_base_task.py", line 90, in _init_task_env_
    self.setup_scene()
  File "/root/data/robot/work/RoboTwin-openwam-verified/envs/_base_task.py", line 210, in setup_scene
    self.renderer = sapien.SapienRenderer()
  File "/root/data/miniconda3/envs/robotwin-openwam/lib/python3.10/site-packages/sapien/wrapper/renderer.py", line 9, in __init__
    super().__init__()
RuntimeError: vk::PhysicalDevice::createDeviceUnique: ErrorExtensionNotPresent
[eval_policy_wrapper] expert check skipped seed=100537: RuntimeError
[eval_policy_wrapper] exception in beat_block_hammer.setup_demo
Traceback (most recent call last):
  File "/root/data/robot/OpenWAM/benchmarks/robotwin/eval_policy_wrapper.py", line 218, in wrapped
    return method(*args, **kwargs)
  File "/root/data/robot/work/RoboTwin-openwam-verified/envs/beat_block_hammer.py", line 10, in setup_demo
    super()._init_task_env_(**kwags)
  File "/root/data/robot/work/RoboTwin-openwam-verified/envs/_base_task.py", line 90, in _init_task_env_
    self.setup_scene()
  File "/root/data/robot/work/RoboTwin-openwam-verified/envs/_base_task.py", line 210, in setup_scene
    self.renderer = sapien.SapienRenderer()
  File "/root/data/miniconda3/envs/robotwin-openwam/lib/python3.10/site-packages/sapien/wrapper/renderer.py", line 9, in __init__
    super().__init__()
RuntimeError: vk::PhysicalDevice::createDeviceUnique: ErrorExtensionNotPresent
[eval_policy_wrapper] expert check skipped seed=100538: RuntimeError
[eval_policy_wrapper] exception in beat_block_hammer.setup_demo
Traceback (most recent call last):
  File "/root/data/robot/OpenWAM/benchmarks/robotwin/eval_policy_wrapper.py", line 218, in wrapped
    return method(*args, **kwargs)
  File "/root/data/robot/work/RoboTwin-openwam-verified/envs/beat_block_hammer.py", line 10, in setup_demo
    super()._init_task_env_(**kwags)
  File "/root/data/robot/work/RoboTwin-openwam-verified/envs/_base_task.py", line 90, in _init_task_env_
    self.setup_scene()
  File "/root/data/robot/work/RoboTwin-openwam-verified/envs/_base_task.py", line 210, in setup_scene
    self.renderer = sapien.SapienRenderer()
  File "/root/data/miniconda3/envs/robotwin-openwam/lib/python3.10/site-packages/sapien/wrapper/renderer.py", line 9, in __init__
    super().__init__()
RuntimeError: vk::PhysicalDevice::createDeviceUnique: ErrorExtensionNotPresent
[eval_policy_wrapper] expert check skipped seed=100539: RuntimeError
[eval_policy_wrapper] exception in beat_block_hammer.setup_demo
Traceback (most recent call last):
  File "/root/data/robot/OpenWAM/benchmarks/robotwin/eval_policy_wrapper.py", line 218, in wrapped
    return method(*args, **kwargs)
  File "/root/data/robot/work/RoboTwin-openwam-verified/envs/beat_block_hammer.py", line 10, in setup_demo
    super()._init_task_env_(**kwags)
  File "/root/data/robot/work/RoboTwin-openwam-verified/envs/_base_task.py", line 90, in _init_task_env_
    self.setup_scene()
  File "/root/data/robot/work/RoboTwin-openwam-verified/envs/_base_task.py", line 210, in setup_scene
    self.renderer = sapien.SapienRenderer()
  File "/root/data/miniconda3/envs/robotwin-openwam/lib/python3.10/site-packages/sapien/wrapper/renderer.py", line 9, in __init__
    super().__init__()
RuntimeError: vk::PhysicalDevice::createDeviceUnique: ErrorExtensionNotPresent
[eval_policy_wrapper] expert check skipped seed=100540: RuntimeError
[eval_policy_wrapper] exception in beat_block_hammer.setup_demo
Traceback (most recent call last):
  File "/root/data/robot/OpenWAM/benchmarks/robotwin/eval_policy_wrapper.py", line 218, in wrapped
    return method(*args, **kwargs)
  File "/root/data/robot/work/RoboTwin-openwam-verified/envs/beat_block_hammer.py", line 10, in setup_demo
    super()._init_task_env_(**kwags)
  File "/root/data/robot/work/RoboTwin-openwam-verified/envs/_base_task.py", line 90, in _init_task_env_
    self.setup_scene()
  File "/root/data/robot/work/RoboTwin-openwam-verified/envs/_base_task.py", line 210, in setup_scene
    self.renderer = sapien.SapienRenderer()
  File "/root/data/miniconda3/envs/robotwin-openwam/lib/python3.10/site-packages/sapien/wrapper/renderer.py", line 9, in __init__
    super().__init__()
RuntimeError: vk::PhysicalDevice::createDeviceUnique: ErrorExtensionNotPresent
[eval_policy_wrapper] expert check skipped seed=100541: RuntimeError
[eval_policy_wrapper] exception in beat_block_hammer.setup_demo
Traceback (most recent call last):
  File "/root/data/robot/OpenWAM/benchmarks/robotwin/eval_policy_wrapper.py", line 218, in wrapped
    return method(*args, **kwargs)
  File "/root/data/robot/work/RoboTwin-openwam-verified/envs/beat_block_hammer.py", line 10, in setup_demo
    super()._init_task_env_(**kwags)
  File "/root/data/robot/work/RoboTwin-openwam-verified/envs/_base_task.py", line 90, in _init_task_env_
    self.setup_scene()
  File "/root/data/robot/work/RoboTwin-openwam-verified/envs/_base_task.py", line 210, in setup_scene
    self.renderer = sapien.SapienRenderer()
  File "/root/data/miniconda3/envs/robotwin-openwam/lib/python3.10/site-packages/sapien/wrapper/renderer.py", line 9, in __init__
    super().__init__()
RuntimeError: vk::PhysicalDevice::createDeviceUnique: ErrorExtensionNotPresent
[eval_policy_wrapper] expert check skipped seed=100542: RuntimeError
[eval_policy_wrapper] exception in beat_block_hammer.setup_demo
Traceback (most recent call last):
  File "/root/data/robot/OpenWAM/benchmarks/robotwin/eval_policy_wrapper.py", line 218, in wrapped
    return method(*args, **kwargs)
  File "/root/data/robot/work/RoboTwin-openwam-verified/envs/beat_block_hammer.py", line 10, in setup_demo
    super()._init_task_env_(**kwags)
  File "/root/data/robot/work/RoboTwin-openwam-verified/envs/_base_task.py", line 90, in _init_task_env_
    self.setup_scene()
  File "/root/data/robot/work/RoboTwin-openwam-verified/envs/_base_task.py", line 210, in setup_scene
    self.renderer = sapien.SapienRenderer()
  File "/root/data/miniconda3/envs/robotwin-openwam/lib/python3.10/site-packages/sapien/wrapper/renderer.py", line 9, in __init__
    super().__init__()
RuntimeError: vk::PhysicalDevice::createDeviceUnique: ErrorExtensionNotPresent
[eval_policy_wrapper] expert check skipped seed=100543: RuntimeError
[eval_policy_wrapper] exception in beat_block_hammer.setup_demo
Traceback (most recent call last):
  File "/root/data/robot/OpenWAM/benchmarks/robotwin/eval_policy_wrapper.py", line 218, in wrapped
    return method(*args, **kwargs)
  File "/root/data/robot/work/RoboTwin-openwam-verified/envs/beat_block_hammer.py", line 10, in setup_demo
    super()._init_task_env_(**kwags)
  File "/root/data/robot/work/RoboTwin-openwam-verified/envs/_base_task.py", line 90, in _init_task_env_
    self.setup_scene()
  File "/root/data/robot/work/RoboTwin-openwam-verified/envs/_base_task.py", line 210, in setup_scene
    self.renderer = sapien.SapienRenderer()
  File "/root/data/miniconda3/envs/robotwin-openwam/lib/python3.10/site-packages/sapien/wrapper/renderer.py", line 9, in __init__
    super().__init__()
RuntimeError: vk::PhysicalDevice::createDeviceUnique: ErrorExtensionNotPresent
[eval_policy_wrapper] expert check skipped seed=100544: RuntimeError
[eval_policy_wrapper] exception in beat_block_hammer.setup_demo
Traceback (most recent call last):
  File "/root/data/robot/OpenWAM/benchmarks/robotwin/eval_policy_wrapper.py", line 218, in wrapped
    return method(*args, **kwargs)
  File "/root/data/robot/work/RoboTwin-openwam-verified/envs/beat_block_hammer.py", line 10, in setup_demo
    super()._init_task_env_(**kwags)
  File "/root/data/robot/work/RoboTwin-openwam-verified/envs/_base_task.py", line 90, in _init_task_env_
    self.setup_scene()
  File "/root/data/robot/work/RoboTwin-openwam-verified/envs/_base_task.py", line 210, in setup_scene
    self.renderer = sapien.SapienRenderer()
  File "/root/data/miniconda3/envs/robotwin-openwam/lib/python3.10/site-packages/sapien/wrapper/renderer.py", line 9, in __init__
    super().__init__()
RuntimeError: vk::PhysicalDevice::createDeviceUnique: ErrorExtensionNotPresent
[eval_policy_wrapper] expert check skipped seed=100545: RuntimeError
[eval_policy_wrapper] exception in beat_block_hammer.setup_demo
Traceback (most recent call last):
  File "/root/data/robot/OpenWAM/benchmarks/robotwin/eval_policy_wrapper.py", line 218, in wrapped
    return method(*args, **kwargs)
  File "/root/data/robot/work/RoboTwin-openwam-verified/envs/beat_block_hammer.py", line 10, in setup_demo
    super()._init_task_env_(**kwags)
  File "/root/data/robot/work/RoboTwin-openwam-verified/envs/_base_task.py", line 90, in _init_task_env_
    self.setup_scene()
  File "/root/data/robot/work/RoboTwin-openwam-verified/envs/_base_task.py", line 210, in setup_scene
    self.renderer = sapien.SapienRenderer()
  File "/root/data/miniconda3/envs/robotwin-openwam/lib/python3.10/site-packages/sapien/wrapper/renderer.py", line 9, in __init__
    super().__init__()
RuntimeError: vk::PhysicalDevice::createDeviceUnique: ErrorExtensionNotPresent
[eval_policy_wrapper] expert check skipped seed=100546: RuntimeError
[eval_policy_wrapper] exception in beat_block_hammer.setup_demo
Traceback (most recent call last):
  File "/root/data/robot/OpenWAM/benchmarks/robotwin/eval_policy_wrapper.py", line 218, in wrapped
    return method(*args, **kwargs)
  File "/root/data/robot/work/RoboTwin-openwam-verified/envs/beat_block_hammer.py", line 10, in setup_demo
    super()._init_task_env_(**kwags)
  File "/root/data/robot/work/RoboTwin-openwam-verified/envs/_base_task.py", line 90, in _init_task_env_
    self.setup_scene()
  File "/root/data/robot/work/RoboTwin-openwam-verified/envs/_base_task.py", line 210, in setup_scene
    self.renderer = sapien.SapienRenderer()
  File "/root/data/miniconda3/envs/robotwin-openwam/lib/python3.10/site-packages/sapien/wrapper/renderer.py", line 9, in __init__
    super().__init__()
RuntimeError: vk::PhysicalDevice::createDeviceUnique: ErrorExtensionNotPresent
[eval_policy_wrapper] expert check skipped seed=100547: RuntimeError
[eval_policy_wrapper] exception in beat_block_hammer.setup_demo
Traceback (most recent call last):
  File "/root/data/robot/OpenWAM/benchmarks/robotwin/eval_policy_wrapper.py", line 218, in wrapped
    return method(*args, **kwargs)
  File "/root/data/robot/work/RoboTwin-openwam-verified/envs/beat_block_hammer.py", line 10, in setup_demo
    super()._init_task_env_(**kwags)
  File "/root/data/robot/work/RoboTwin-openwam-verified/envs/_base_task.py", line 90, in _init_task_env_
    self.setup_scene()
  File "/root/data/robot/work/RoboTwin-openwam-verified/envs/_base_task.py", line 210, in setup_scene
    self.renderer = sapien.SapienRenderer()
  File "/root/data/miniconda3/envs/robotwin-openwam/lib/python3.10/site-packages/sapien/wrapper/renderer.py", line 9, in __init__
    super().__init__()
RuntimeError: vk::PhysicalDevice::createDeviceUnique: ErrorExtensionNotPresent
[eval_policy_wrapper] expert check skipped seed=100548: RuntimeError
[eval_policy_wrapper] exception in beat_block_hammer.setup_demo
Traceback (most recent call last):
  File "/root/data/robot/OpenWAM/benchmarks/robotwin/eval_policy_wrapper.py", line 218, in wrapped
    return method(*args, **kwargs)
  File "/root/data/robot/work/RoboTwin-openwam-verified/envs/beat_block_hammer.py", line 10, in setup_demo
    super()._init_task_env_(**kwags)
  File "/root/data/robot/work/RoboTwin-openwam-verified/envs/_base_task.py", line 90, in _init_task_env_
    self.setup_scene()
  File "/root/data/robot/work/RoboTwin-openwam-verified/envs/_base_task.py", line 210, in setup_scene
    self.renderer = sapien.SapienRenderer()
  File "/root/data/miniconda3/envs/robotwin-openwam/lib/python3.10/site-packages/sapien/wrapper/renderer.py", line 9, in __init__
    super().__init__()
RuntimeError: vk::PhysicalDevice::createDeviceUnique: ErrorExtensionNotPresent
[eval_policy_wrapper] expert check skipped seed=100549: RuntimeError
[eval_policy_wrapper] exception in beat_block_hammer.setup_demo
Traceback (most recent call last):
  File "/root/data/robot/OpenWAM/benchmarks/robotwin/eval_policy_wrapper.py", line 218, in wrapped
    return method(*args, **kwargs)
  File "/root/data/robot/work/RoboTwin-openwam-verified/envs/beat_block_hammer.py", line 10, in setup_demo
    super()._init_task_env_(**kwags)
  File "/root/data/robot/work/RoboTwin-openwam-verified/envs/_base_task.py", line 90, in _init_task_env_
    self.setup_scene()
  File "/root/data/robot/work/RoboTwin-openwam-verified/envs/_base_task.py", line 210, in setup_scene
    self.renderer = sapien.SapienRenderer()
  File "/root/data/miniconda3/envs/robotwin-openwam/lib/python3.10/site-packages/sapien/wrapper/renderer.py", line 9, in __init__
    super().__init__()
RuntimeError: vk::PhysicalDevice::createDeviceUnique: ErrorExtensionNotPresent
[eval_policy_wrapper] expert check skipped seed=100550: RuntimeError
[eval_policy_wrapper] exception in beat_block_hammer.setup_demo
Traceback (most recent call last):
  File "/root/data/robot/OpenWAM/benchmarks/robotwin/eval_policy_wrapper.py", line 218, in wrapped
    return method(*args, **kwargs)
  File "/root/data/robot/work/RoboTwin-openwam-verified/envs/beat_block_hammer.py", line 10, in setup_demo
    super()._init_task_env_(**kwags)
  File "/root/data/robot/work/RoboTwin-openwam-verified/envs/_base_task.py", line 90, in _init_task_env_
    self.setup_scene()
  File "/root/data/robot/work/RoboTwin-openwam-verified/envs/_base_task.py", line 210, in setup_scene
    self.renderer = sapien.SapienRenderer()
  File "/root/data/miniconda3/envs/robotwin-openwam/lib/python3.10/site-packages/sapien/wrapper/renderer.py", line 9, in __init__
    super().__init__()
RuntimeError: vk::PhysicalDevice::createDeviceUnique: ErrorExtensionNotPresent
[eval_policy_wrapper] expert check skipped seed=100551: RuntimeError
[eval_policy_wrapper] exception in beat_block_hammer.setup_demo
Traceback (most recent call last):
  File "/root/data/robot/OpenWAM/benchmarks/robotwin/eval_policy_wrapper.py", line 218, in wrapped
    return method(*args, **kwargs)
  File "/root/data/robot/work/RoboTwin-openwam-verified/envs/beat_block_hammer.py", line 10, in setup_demo
    super()._init_task_env_(**kwags)
  File "/root/data/robot/work/RoboTwin-openwam-verified/envs/_base_task.py", line 90, in _init_task_env_
    self.setup_scene()
  File "/root/data/robot/work/RoboTwin-openwam-verified/envs/_base_task.py", line 210, in setup_scene
    self.renderer = sapien.SapienRenderer()
  File "/root/data/miniconda3/envs/robotwin-openwam/lib/python3.10/site-packages/sapien/wrapper/renderer.py", line 9, in __init__
    super().__init__()
RuntimeError: vk::PhysicalDevice::createDeviceUnique: ErrorExtensionNotPresent
[eval_policy_wrapper] expert check skipped seed=100552: RuntimeError
[eval_policy_wrapper] exception in beat_block_hammer.setup_demo
Traceback (most recent call last):
  File "/root/data/robot/OpenWAM/benchmarks/robotwin/eval_policy_wrapper.py", line 218, in wrapped
    return method(*args, **kwargs)
  File "/root/data/robot/work/RoboTwin-openwam-verified/envs/beat_block_hammer.py", line 10, in setup_demo
    super()._init_task_env_(**kwags)
  File "/root/data/robot/work/RoboTwin-openwam-verified/envs/_base_task.py", line 90, in _init_task_env_
    self.setup_scene()
  File "/root/data/robot/work/RoboTwin-openwam-verified/envs/_base_task.py", line 210, in setup_scene
    self.renderer = sapien.SapienRenderer()
  File "/root/data/miniconda3/envs/robotwin-openwam/lib/python3.10/site-packages/sapien/wrapper/renderer.py", line 9, in __init__
    super().__init__()
RuntimeError: vk::PhysicalDevice::createDeviceUnique: ErrorExtensionNotPresent
[eval_policy_wrapper] expert check skipped seed=100553: RuntimeError
[eval_policy_wrapper] exception in beat_block_hammer.setup_demo
Traceback (most recent call last):
  File "/root/data/robot/OpenWAM/benchmarks/robotwin/eval_policy_wrapper.py", line 218, in wrapped
    return method(*args, **kwargs)
  File "/root/data/robot/work/RoboTwin-openwam-verified/envs/beat_block_hammer.py", line 10, in setup_demo
    super()._init_task_env_(**kwags)
  File "/root/data/robot/work/RoboTwin-openwam-verified/envs/_base_task.py", line 90, in _init_task_env_
    self.setup_scene()
  File "/root/data/robot/work/RoboTwin-openwam-verified/envs/_base_task.py", line 210, in setup_scene
    self.renderer = sapien.SapienRenderer()
  File "/root/data/miniconda3/envs/robotwin-openwam/lib/python3.10/site-packages/sapien/wrapper/renderer.py", line 9, in __init__
    super().__init__()
RuntimeError: vk::PhysicalDevice::createDeviceUnique: ErrorExtensionNotPresent
[eval_policy_wrapper] expert check skipped seed=100554: RuntimeError
[eval_policy_wrapper] exception in beat_block_hammer.setup_demo
Traceback (most recent call last):
  File "/root/data/robot/OpenWAM/benchmarks/robotwin/eval_policy_wrapper.py", line 218, in wrapped
    return method(*args, **kwargs)
  File "/root/data/robot/work/RoboTwin-openwam-verified/envs/beat_block_hammer.py", line 10, in setup_demo
    super()._init_task_env_(**kwags)
  File "/root/data/robot/work/RoboTwin-openwam-verified/envs/_base_task.py", line 90, in _init_task_env_
    self.setup_scene()
  File "/root/data/robot/work/RoboTwin-openwam-verified/envs/_base_task.py", line 210, in setup_scene
    self.renderer = sapien.SapienRenderer()
  File "/root/data/miniconda3/envs/robotwin-openwam/lib/python3.10/site-packages/sapien/wrapper/renderer.py", line 9, in __init__
    super().__init__()
RuntimeError: vk::PhysicalDevice::createDeviceUnique: ErrorExtensionNotPresent
[eval_policy_wrapper] expert check skipped seed=100555: RuntimeError
[eval_policy_wrapper] exception in beat_block_hammer.setup_demo
Traceback (most recent call last):
  File "/root/data/robot/OpenWAM/benchmarks/robotwin/eval_policy_wrapper.py", line 218, in wrapped
    return method(*args, **kwargs)
  File "/root/data/robot/work/RoboTwin-openwam-verified/envs/beat_block_hammer.py", line 10, in setup_demo
    super()._init_task_env_(**kwags)
  File "/root/data/robot/work/RoboTwin-openwam-verified/envs/_base_task.py", line 90, in _init_task_env_
    self.setup_scene()
  File "/root/data/robot/work/RoboTwin-openwam-verified/envs/_base_task.py", line 210, in setup_scene
    self.renderer = sapien.SapienRenderer()
  File "/root/data/miniconda3/envs/robotwin-openwam/lib/python3.10/site-packages/sapien/wrapper/renderer.py", line 9, in __init__
    super().__init__()
RuntimeError: vk::PhysicalDevice::createDeviceUnique: ErrorExtensionNotPresent
[eval_policy_wrapper] expert check skipped seed=100556: RuntimeError
[eval_policy_wrapper] exception in beat_block_hammer.setup_demo
Traceback (most recent call last):
  File "/root/data/robot/OpenWAM/benchmarks/robotwin/eval_policy_wrapper.py", line 218, in wrapped
    return method(*args, **kwargs)
  File "/root/data/robot/work/RoboTwin-openwam-verified/envs/beat_block_hammer.py", line 10, in setup_demo
    super()._init_task_env_(**kwags)
  File "/root/data/robot/work/RoboTwin-openwam-verified/envs/_base_task.py", line 90, in _init_task_env_
    self.setup_scene()
  File "/root/data/robot/work/RoboTwin-openwam-verified/envs/_base_task.py", line 210, in setup_scene
    self.renderer = sapien.SapienRenderer()
  File "/root/data/miniconda3/envs/robotwin-openwam/lib/python3.10/site-packages/sapien/wrapper/renderer.py", line 9, in __init__
    super().__init__()
RuntimeError: vk::PhysicalDevice::createDeviceUnique: ErrorExtensionNotPresent
[eval_policy_wrapper] expert check skipped seed=100557: RuntimeError
[eval_policy_wrapper] exception in beat_block_hammer.setup_demo
Traceback (most recent call last):
  File "/root/data/robot/OpenWAM/benchmarks/robotwin/eval_policy_wrapper.py", line 218, in wrapped
    return method(*args, **kwargs)
  File "/root/data/robot/work/RoboTwin-openwam-verified/envs/beat_block_hammer.py", line 10, in setup_demo
    super()._init_task_env_(**kwags)
  File "/root/data/robot/work/RoboTwin-openwam-verified/envs/_base_task.py", line 90, in _init_task_env_
    self.setup_scene()
  File "/root/data/robot/work/RoboTwin-openwam-verified/envs/_base_task.py", line 210, in setup_scene
    self.renderer = sapien.SapienRenderer()
  File "/root/data/miniconda3/envs/robotwin-openwam/lib/python3.10/site-packages/sapien/wrapper/renderer.py", line 9, in __init__
    super().__init__()
RuntimeError: vk::PhysicalDevice::createDeviceUnique: ErrorExtensionNotPresent
[eval_policy_wrapper] expert check skipped seed=100558: RuntimeError
[eval_policy_wrapper] exception in beat_block_hammer.setup_demo
Traceback (most recent call last):
  File "/root/data/robot/OpenWAM/benchmarks/robotwin/eval_policy_wrapper.py", line 218, in wrapped
    return method(*args, **kwargs)
  File "/root/data/robot/work/RoboTwin-openwam-verified/envs/beat_block_hammer.py", line 10, in setup_demo
    super()._init_task_env_(**kwags)
  File "/root/data/robot/work/RoboTwin-openwam-verified/envs/_base_task.py", line 90, in _init_task_env_
    self.setup_scene()
  File "/root/data/robot/work/RoboTwin-openwam-verified/envs/_base_task.py", line 210, in setup_scene
    self.renderer = sapien.SapienRenderer()
  File "/root/data/miniconda3/envs/robotwin-openwam/lib/python3.10/site-packages/sapien/wrapper/renderer.py", line 9, in __init__
    super().__init__()
RuntimeError: vk::PhysicalDevice::createDeviceUnique: ErrorExtensionNotPresent
[eval_policy_wrapper] expert check skipped seed=100559: RuntimeError
[eval_policy_wrapper] exception in beat_block_hammer.setup_demo
Traceback (most recent call last):
  File "/root/data/robot/OpenWAM/benchmarks/robotwin/eval_policy_wrapper.py", line 218, in wrapped
    return method(*args, **kwargs)
  File "/root/data/robot/work/RoboTwin-openwam-verified/envs/beat_block_hammer.py", line 10, in setup_demo
    super()._init_task_env_(**kwags)
  File "/root/data/robot/work/RoboTwin-openwam-verified/envs/_base_task.py", line 90, in _init_task_env_
    self.setup_scene()
  File "/root/data/robot/work/RoboTwin-openwam-verified/envs/_base_task.py", line 210, in setup_scene
    self.renderer = sapien.SapienRenderer()
  File "/root/data/miniconda3/envs/robotwin-openwam/lib/python3.10/site-packages/sapien/wrapper/renderer.py", line 9, in __init__
    super().__init__()
RuntimeError: vk::PhysicalDevice::createDeviceUnique: ErrorExtensionNotPresent
[eval_policy_wrapper] expert check skipped seed=100560: RuntimeError
[eval_policy_wrapper] exception in beat_block_hammer.setup_demo
Traceback (most recent call last):
  File "/root/data/robot/OpenWAM/benchmarks/robotwin/eval_policy_wrapper.py", line 218, in wrapped
    return method(*args, **kwargs)
  File "/root/data/robot/work/RoboTwin-openwam-verified/envs/beat_block_hammer.py", line 10, in setup_demo
    super()._init_task_env_(**kwags)
  File "/root/data/robot/work/RoboTwin-openwam-verified/envs/_base_task.py", line 90, in _init_task_env_
    self.setup_scene()
  File "/root/data/robot/work/RoboTwin-openwam-verified/envs/_base_task.py", line 210, in setup_scene
    self.renderer = sapien.SapienRenderer()
  File "/root/data/miniconda3/envs/robotwin-openwam/lib/python3.10/site-packages/sapien/wrapper/renderer.py", line 9, in __init__
    super().__init__()
RuntimeError: vk::PhysicalDevice::createDeviceUnique: ErrorExtensionNotPresent
[eval_policy_wrapper] expert check skipped seed=100561: RuntimeError
[eval_policy_wrapper] exception in beat_block_hammer.setup_demo
Traceback (most recent call last):
  File "/root/data/robot/OpenWAM/benchmarks/robotwin/eval_policy_wrapper.py", line 218, in wrapped
    return method(*args, **kwargs)
  File "/root/data/robot/work/RoboTwin-openwam-verified/envs/beat_block_hammer.py", line 10, in setup_demo
    super()._init_task_env_(**kwags)
  File "/root/data/robot/work/RoboTwin-openwam-verified/envs/_base_task.py", line 90, in _init_task_env_
    self.setup_scene()
  File "/root/data/robot/work/RoboTwin-openwam-verified/envs/_base_task.py", line 210, in setup_scene
    self.renderer = sapien.SapienRenderer()
  File "/root/data/miniconda3/envs/robotwin-openwam/lib/python3.10/site-packages/sapien/wrapper/renderer.py", line 9, in __init__
    super().__init__()
RuntimeError: vk::PhysicalDevice::createDeviceUnique: ErrorExtensionNotPresent
[eval_policy_wrapper] expert check skipped seed=100562: RuntimeError
[eval_policy_wrapper] exception in beat_block_hammer.setup_demo
Traceback (most recent call last):
  File "/root/data/robot/OpenWAM/benchmarks/robotwin/eval_policy_wrapper.py", line 218, in wrapped
    return method(*args, **kwargs)
  File "/root/data/robot/work/RoboTwin-openwam-verified/envs/beat_block_hammer.py", line 10, in setup_demo
    super()._init_task_env_(**kwags)
  File "/root/data/robot/work/RoboTwin-openwam-verified/envs/_base_task.py", line 90, in _init_task_env_
    self.setup_scene()
  File "/root/data/robot/work/RoboTwin-openwam-verified/envs/_base_task.py", line 210, in setup_scene
    self.renderer = sapien.SapienRenderer()
  File "/root/data/miniconda3/envs/robotwin-openwam/lib/python3.10/site-packages/sapien/wrapper/renderer.py", line 9, in __init__
    super().__init__()
RuntimeError: vk::PhysicalDevice::createDeviceUnique: ErrorExtensionNotPresent
[eval_policy_wrapper] expert check skipped seed=100563: RuntimeError
[eval_policy_wrapper] exception in beat_block_hammer.setup_demo
Traceback (most recent call last):
  File "/root/data/robot/OpenWAM/benchmarks/robotwin/eval_policy_wrapper.py", line 218, in wrapped
    return method(*args, **kwargs)
  File "/root/data/robot/work/RoboTwin-openwam-verified/envs/beat_block_hammer.py", line 10, in setup_demo
    super()._init_task_env_(**kwags)
  File "/root/data/robot/work/RoboTwin-openwam-verified/envs/_base_task.py", line 90, in _init_task_env_
    self.setup_scene()
  File "/root/data/robot/work/RoboTwin-openwam-verified/envs/_base_task.py", line 210, in setup_scene
    self.renderer = sapien.SapienRenderer()
  File "/root/data/miniconda3/envs/robotwin-openwam/lib/python3.10/site-packages/sapien/wrapper/renderer.py", line 9, in __init__
    super().__init__()
RuntimeError: vk::PhysicalDevice::createDeviceUnique: ErrorExtensionNotPresent
[eval_policy_wrapper] expert check skipped seed=100564: RuntimeError
[eval_policy_wrapper] exception in beat_block_hammer.setup_demo
Traceback (most recent call last):
  File "/root/data/robot/OpenWAM/benchmarks/robotwin/eval_policy_wrapper.py", line 218, in wrapped
    return method(*args, **kwargs)
  File "/root/data/robot/work/RoboTwin-openwam-verified/envs/beat_block_hammer.py", line 10, in setup_demo
    super()._init_task_env_(**kwags)
  File "/root/data/robot/work/RoboTwin-openwam-verified/envs/_base_task.py", line 90, in _init_task_env_
    self.setup_scene()
  File "/root/data/robot/work/RoboTwin-openwam-verified/envs/_base_task.py", line 210, in setup_scene
    self.renderer = sapien.SapienRenderer()
  File "/root/data/miniconda3/envs/robotwin-openwam/lib/python3.10/site-packages/sapien/wrapper/renderer.py", line 9, in __init__
    super().__init__()
RuntimeError: vk::PhysicalDevice::createDeviceUnique: ErrorExtensionNotPresent
[eval_policy_wrapper] expert check skipped seed=100565: RuntimeError
[eval_policy_wrapper] exception in beat_block_hammer.setup_demo
Traceback (most recent call last):
  File "/root/data/robot/OpenWAM/benchmarks/robotwin/eval_policy_wrapper.py", line 218, in wrapped
    return method(*args, **kwargs)
  File "/root/data/robot/work/RoboTwin-openwam-verified/envs/beat_block_hammer.py", line 10, in setup_demo
    super()._init_task_env_(**kwags)
  File "/root/data/robot/work/RoboTwin-openwam-verified/envs/_base_task.py", line 90, in _init_task_env_
    self.setup_scene()
  File "/root/data/robot/work/RoboTwin-openwam-verified/envs/_base_task.py", line 210, in setup_scene
    self.renderer = sapien.SapienRenderer()
  File "/root/data/miniconda3/envs/robotwin-openwam/lib/python3.10/site-packages/sapien/wrapper/renderer.py", line 9, in __init__
    super().__init__()
RuntimeError: vk::PhysicalDevice::createDeviceUnique: ErrorExtensionNotPresent
[eval_policy_wrapper] expert check skipped seed=100566: RuntimeError
[eval_policy_wrapper] exception in beat_block_hammer.setup_demo
Traceback (most recent call last):
  File "/root/data/robot/OpenWAM/benchmarks/robotwin/eval_policy_wrapper.py", line 218, in wrapped
    return method(*args, **kwargs)
  File "/root/data/robot/work/RoboTwin-openwam-verified/envs/beat_block_hammer.py", line 10, in setup_demo
    super()._init_task_env_(**kwags)
  File "/root/data/robot/work/RoboTwin-openwam-verified/envs/_base_task.py", line 90, in _init_task_env_
    self.setup_scene()
  File "/root/data/robot/work/RoboTwin-openwam-verified/envs/_base_task.py", line 210, in setup_scene
    self.renderer = sapien.SapienRenderer()
  File "/root/data/miniconda3/envs/robotwin-openwam/lib/python3.10/site-packages/sapien/wrapper/renderer.py", line 9, in __init__
    super().__init__()
RuntimeError: vk::PhysicalDevice::createDeviceUnique: ErrorExtensionNotPresent
[eval_policy_wrapper] expert check skipped seed=100567: RuntimeError
[eval_policy_wrapper] exception in beat_block_hammer.setup_demo
Traceback (most recent call last):
  File "/root/data/robot/OpenWAM/benchmarks/robotwin/eval_policy_wrapper.py", line 218, in wrapped
    return method(*args, **kwargs)
  File "/root/data/robot/work/RoboTwin-openwam-verified/envs/beat_block_hammer.py", line 10, in setup_demo
    super()._init_task_env_(**kwags)
  File "/root/data/robot/work/RoboTwin-openwam-verified/envs/_base_task.py", line 90, in _init_task_env_
    self.setup_scene()
  File "/root/data/robot/work/RoboTwin-openwam-verified/envs/_base_task.py", line 210, in setup_scene
    self.renderer = sapien.SapienRenderer()
  File "/root/data/miniconda3/envs/robotwin-openwam/lib/python3.10/site-packages/sapien/wrapper/renderer.py", line 9, in __init__
    super().__init__()
RuntimeError: vk::PhysicalDevice::createDeviceUnique: ErrorExtensionNotPresent
[eval_policy_wrapper] expert check skipped seed=100568: RuntimeError
[eval_policy_wrapper] exception in beat_block_hammer.setup_demo
Traceback (most recent call last):
  File "/root/data/robot/OpenWAM/benchmarks/robotwin/eval_policy_wrapper.py", line 218, in wrapped
    return method(*args, **kwargs)
  File "/root/data/robot/work/RoboTwin-openwam-verified/envs/beat_block_hammer.py", line 10, in setup_demo
    super()._init_task_env_(**kwags)
  File "/root/data/robot/work/RoboTwin-openwam-verified/envs/_base_task.py", line 90, in _init_task_env_
    self.setup_scene()
  File "/root/data/robot/work/RoboTwin-openwam-verified/envs/_base_task.py", line 210, in setup_scene
    self.renderer = sapien.SapienRenderer()
  File "/root/data/miniconda3/envs/robotwin-openwam/lib/python3.10/site-packages/sapien/wrapper/renderer.py", line 9, in __init__
    super().__init__()
RuntimeError: vk::PhysicalDevice::createDeviceUnique: ErrorExtensionNotPresent
[eval_policy_wrapper] expert check skipped seed=100569: RuntimeError
[eval_policy_wrapper] exception in beat_block_hammer.setup_demo
Traceback (most recent call last):
  File "/root/data/robot/OpenWAM/benchmarks/robotwin/eval_policy_wrapper.py", line 218, in wrapped
    return method(*args, **kwargs)
  File "/root/data/robot/work/RoboTwin-openwam-verified/envs/beat_block_hammer.py", line 10, in setup_demo
    super()._init_task_env_(**kwags)
  File "/root/data/robot/work/RoboTwin-openwam-verified/envs/_base_task.py", line 90, in _init_task_env_
    self.setup_scene()
  File "/root/data/robot/work/RoboTwin-openwam-verified/envs/_base_task.py", line 210, in setup_scene
    self.renderer = sapien.SapienRenderer()
  File "/root/data/miniconda3/envs/robotwin-openwam/lib/python3.10/site-packages/sapien/wrapper/renderer.py", line 9, in __init__
    super().__init__()
RuntimeError: vk::PhysicalDevice::createDeviceUnique: ErrorExtensionNotPresent
[eval_policy_wrapper] expert check skipped seed=100570: RuntimeError
[eval_policy_wrapper] exception in beat_block_hammer.setup_demo
Traceback (most recent call last):
  File "/root/data/robot/OpenWAM/benchmarks/robotwin/eval_policy_wrapper.py", line 218, in wrapped
    return method(*args, **kwargs)
  File "/root/data/robot/work/RoboTwin-openwam-verified/envs/beat_block_hammer.py", line 10, in setup_demo
    super()._init_task_env_(**kwags)
  File "/root/data/robot/work/RoboTwin-openwam-verified/envs/_base_task.py", line 90, in _init_task_env_
    self.setup_scene()
  File "/root/data/robot/work/RoboTwin-openwam-verified/envs/_base_task.py", line 210, in setup_scene
    self.renderer = sapien.SapienRenderer()
  File "/root/data/miniconda3/envs/robotwin-openwam/lib/python3.10/site-packages/sapien/wrapper/renderer.py", line 9, in __init__
    super().__init__()
RuntimeError: vk::PhysicalDevice::createDeviceUnique: ErrorExtensionNotPresent
[eval_policy_wrapper] expert check skipped seed=100571: RuntimeError
[eval_policy_wrapper] exception in beat_block_hammer.setup_demo
Traceback (most recent call last):
  File "/root/data/robot/OpenWAM/benchmarks/robotwin/eval_policy_wrapper.py", line 218, in wrapped
    return method(*args, **kwargs)
  File "/root/data/robot/work/RoboTwin-openwam-verified/envs/beat_block_hammer.py", line 10, in setup_demo
    super()._init_task_env_(**kwags)
  File "/root/data/robot/work/RoboTwin-openwam-verified/envs/_base_task.py", line 90, in _init_task_env_
    self.setup_scene()
  File "/root/data/robot/work/RoboTwin-openwam-verified/envs/_base_task.py", line 210, in setup_scene
    self.renderer = sapien.SapienRenderer()
  File "/root/data/miniconda3/envs/robotwin-openwam/lib/python3.10/site-packages/sapien/wrapper/renderer.py", line 9, in __init__
    super().__init__()
RuntimeError: vk::PhysicalDevice::createDeviceUnique: ErrorExtensionNotPresent
[eval_policy_wrapper] expert check skipped seed=100572: RuntimeError
[eval_policy_wrapper] exception in beat_block_hammer.setup_demo
Traceback (most recent call last):
  File "/root/data/robot/OpenWAM/benchmarks/robotwin/eval_policy_wrapper.py", line 218, in wrapped
    return method(*args, **kwargs)
  File "/root/data/robot/work/RoboTwin-openwam-verified/envs/beat_block_hammer.py", line 10, in setup_demo
    super()._init_task_env_(**kwags)
  File "/root/data/robot/work/RoboTwin-openwam-verified/envs/_base_task.py", line 90, in _init_task_env_
    self.setup_scene()
  File "/root/data/robot/work/RoboTwin-openwam-verified/envs/_base_task.py", line 210, in setup_scene
    self.renderer = sapien.SapienRenderer()
  File "/root/data/miniconda3/envs/robotwin-openwam/lib/python3.10/site-packages/sapien/wrapper/renderer.py", line 9, in __init__
    super().__init__()
RuntimeError: vk::PhysicalDevice::createDeviceUnique: ErrorExtensionNotPresent
[eval_policy_wrapper] expert check skipped seed=100573: RuntimeError
[eval_policy_wrapper] exception in beat_block_hammer.setup_demo
Traceback (most recent call last):
  File "/root/data/robot/OpenWAM/benchmarks/robotwin/eval_policy_wrapper.py", line 218, in wrapped
    return method(*args, **kwargs)
  File "/root/data/robot/work/RoboTwin-openwam-verified/envs/beat_block_hammer.py", line 10, in setup_demo
    super()._init_task_env_(**kwags)
  File "/root/data/robot/work/RoboTwin-openwam-verified/envs/_base_task.py", line 90, in _init_task_env_
    self.setup_scene()
  File "/root/data/robot/work/RoboTwin-openwam-verified/envs/_base_task.py", line 210, in setup_scene
    self.renderer = sapien.SapienRenderer()
  File "/root/data/miniconda3/envs/robotwin-openwam/lib/python3.10/site-packages/sapien/wrapper/renderer.py", line 9, in __init__
    super().__init__()
RuntimeError: vk::PhysicalDevice::createDeviceUnique: ErrorExtensionNotPresent
[eval_policy_wrapper] expert check skipped seed=100574: RuntimeError
[eval_policy_wrapper] exception in beat_block_hammer.setup_demo
Traceback (most recent call last):
  File "/root/data/robot/OpenWAM/benchmarks/robotwin/eval_policy_wrapper.py", line 218, in wrapped
    return method(*args, **kwargs)
  File "/root/data/robot/work/RoboTwin-openwam-verified/envs/beat_block_hammer.py", line 10, in setup_demo
    super()._init_task_env_(**kwags)
  File "/root/data/robot/work/RoboTwin-openwam-verified/envs/_base_task.py", line 90, in _init_task_env_
    self.setup_scene()
  File "/root/data/robot/work/RoboTwin-openwam-verified/envs/_base_task.py", line 210, in setup_scene
    self.renderer = sapien.SapienRenderer()
  File "/root/data/miniconda3/envs/robotwin-openwam/lib/python3.10/site-packages/sapien/wrapper/renderer.py", line 9, in __init__
    super().__init__()
RuntimeError: vk::PhysicalDevice::createDeviceUnique: ErrorExtensionNotPresent
[eval_policy_wrapper] expert check skipped seed=100575: RuntimeError
[eval_policy_wrapper] exception in beat_block_hammer.setup_demo
Traceback (most recent call last):
  File "/root/data/robot/OpenWAM/benchmarks/robotwin/eval_policy_wrapper.py", line 218, in wrapped
    return method(*args, **kwargs)
  File "/root/data/robot/work/RoboTwin-openwam-verified/envs/beat_block_hammer.py", line 10, in setup_demo
    super()._init_task_env_(**kwags)
  File "/root/data/robot/work/RoboTwin-openwam-verified/envs/_base_task.py", line 90, in _init_task_env_
    self.setup_scene()
  File "/root/data/robot/work/RoboTwin-openwam-verified/envs/_base_task.py", line 210, in setup_scene
    self.renderer = sapien.SapienRenderer()
  File "/root/data/miniconda3/envs/robotwin-openwam/lib/python3.10/site-packages/sapien/wrapper/renderer.py", line 9, in __init__
    super().__init__()
RuntimeError: vk::PhysicalDevice::createDeviceUnique: ErrorExtensionNotPresent
[eval_policy_wrapper] expert check skipped seed=100576: RuntimeError
[eval_policy_wrapper] exception in beat_block_hammer.setup_demo
Traceback (most recent call last):
  File "/root/data/robot/OpenWAM/benchmarks/robotwin/eval_policy_wrapper.py", line 218, in wrapped
    return method(*args, **kwargs)
  File "/root/data/robot/work/RoboTwin-openwam-verified/envs/beat_block_hammer.py", line 10, in setup_demo
    super()._init_task_env_(**kwags)
  File "/root/data/robot/work/RoboTwin-openwam-verified/envs/_base_task.py", line 90, in _init_task_env_
    self.setup_scene()
  File "/root/data/robot/work/RoboTwin-openwam-verified/envs/_base_task.py", line 210, in setup_scene
    self.renderer = sapien.SapienRenderer()
  File "/root/data/miniconda3/envs/robotwin-openwam/lib/python3.10/site-packages/sapien/wrapper/renderer.py", line 9, in __init__
    super().__init__()
RuntimeError: vk::PhysicalDevice::createDeviceUnique: ErrorExtensionNotPresent
[eval_policy_wrapper] expert check skipped seed=100577: RuntimeError
[eval_policy_wrapper] exception in beat_block_hammer.setup_demo
Traceback (most recent call last):
  File "/root/data/robot/OpenWAM/benchmarks/robotwin/eval_policy_wrapper.py", line 218, in wrapped
    return method(*args, **kwargs)
  File "/root/data/robot/work/RoboTwin-openwam-verified/envs/beat_block_hammer.py", line 10, in setup_demo
    super()._init_task_env_(**kwags)
  File "/root/data/robot/work/RoboTwin-openwam-verified/envs/_base_task.py", line 90, in _init_task_env_
    self.setup_scene()
  File "/root/data/robot/work/RoboTwin-openwam-verified/envs/_base_task.py", line 210, in setup_scene
    self.renderer = sapien.SapienRenderer()
  File "/root/data/miniconda3/envs/robotwin-openwam/lib/python3.10/site-packages/sapien/wrapper/renderer.py", line 9, in __init__
    super().__init__()
RuntimeError: vk::PhysicalDevice::createDeviceUnique: ErrorExtensionNotPresent
[eval_policy_wrapper] expert check skipped seed=100578: RuntimeError
[eval_policy_wrapper] exception in beat_block_hammer.setup_demo
Traceback (most recent call last):
  File "/root/data/robot/OpenWAM/benchmarks/robotwin/eval_policy_wrapper.py", line 218, in wrapped
    return method(*args, **kwargs)
  File "/root/data/robot/work/RoboTwin-openwam-verified/envs/beat_block_hammer.py", line 10, in setup_demo
    super()._init_task_env_(**kwags)
  File "/root/data/robot/work/RoboTwin-openwam-verified/envs/_base_task.py", line 90, in _init_task_env_
    self.setup_scene()
  File "/root/data/robot/work/RoboTwin-openwam-verified/envs/_base_task.py", line 210, in setup_scene
    self.renderer = sapien.SapienRenderer()
  File "/root/data/miniconda3/envs/robotwin-openwam/lib/python3.10/site-packages/sapien/wrapper/renderer.py", line 9, in __init__
    super().__init__()
RuntimeError: vk::PhysicalDevice::createDeviceUnique: ErrorExtensionNotPresent
[eval_policy_wrapper] expert check skipped seed=100579: RuntimeError
[eval_policy_wrapper] exception in beat_block_hammer.setup_demo
Traceback (most recent call last):
  File "/root/data/robot/OpenWAM/benchmarks/robotwin/eval_policy_wrapper.py", line 218, in wrapped
    return method(*args, **kwargs)
  File "/root/data/robot/work/RoboTwin-openwam-verified/envs/beat_block_hammer.py", line 10, in setup_demo
    super()._init_task_env_(**kwags)
  File "/root/data/robot/work/RoboTwin-openwam-verified/envs/_base_task.py", line 90, in _init_task_env_
    self.setup_scene()
  File "/root/data/robot/work/RoboTwin-openwam-verified/envs/_base_task.py", line 210, in setup_scene
    self.renderer = sapien.SapienRenderer()
  File "/root/data/miniconda3/envs/robotwin-openwam/lib/python3.10/site-packages/sapien/wrapper/renderer.py", line 9, in __init__
    super().__init__()
RuntimeError: vk::PhysicalDevice::createDeviceUnique: ErrorExtensionNotPresent
[eval_policy_wrapper] expert check skipped seed=100580: RuntimeError
[eval_policy_wrapper] exception in beat_block_hammer.setup_demo
Traceback (most recent call last):
  File "/root/data/robot/OpenWAM/benchmarks/robotwin/eval_policy_wrapper.py", line 218, in wrapped
    return method(*args, **kwargs)
  File "/root/data/robot/work/RoboTwin-openwam-verified/envs/beat_block_hammer.py", line 10, in setup_demo
    super()._init_task_env_(**kwags)
  File "/root/data/robot/work/RoboTwin-openwam-verified/envs/_base_task.py", line 90, in _init_task_env_
    self.setup_scene()
  File "/root/data/robot/work/RoboTwin-openwam-verified/envs/_base_task.py", line 210, in setup_scene
    self.renderer = sapien.SapienRenderer()
  File "/root/data/miniconda3/envs/robotwin-openwam/lib/python3.10/site-packages/sapien/wrapper/renderer.py", line 9, in __init__
    super().__init__()
RuntimeError: vk::PhysicalDevice::createDeviceUnique: ErrorExtensionNotPresent
[eval_policy_wrapper] expert check skipped seed=100581: RuntimeError
[eval_policy_wrapper] exception in beat_block_hammer.setup_demo
Traceback (most recent call last):
  File "/root/data/robot/OpenWAM/benchmarks/robotwin/eval_policy_wrapper.py", line 218, in wrapped
    return method(*args, **kwargs)
  File "/root/data/robot/work/RoboTwin-openwam-verified/envs/beat_block_hammer.py", line 10, in setup_demo
    super()._init_task_env_(**kwags)
  File "/root/data/robot/work/RoboTwin-openwam-verified/envs/_base_task.py", line 90, in _init_task_env_
    self.setup_scene()
  File "/root/data/robot/work/RoboTwin-openwam-verified/envs/_base_task.py", line 210, in setup_scene
    self.renderer = sapien.SapienRenderer()
  File "/root/data/miniconda3/envs/robotwin-openwam/lib/python3.10/site-packages/sapien/wrapper/renderer.py", line 9, in __init__
    super().__init__()
RuntimeError: vk::PhysicalDevice::createDeviceUnique: ErrorExtensionNotPresent
[eval_policy_wrapper] expert check skipped seed=100582: RuntimeError
[eval_policy_wrapper] exception in beat_block_hammer.setup_demo
Traceback (most recent call last):
  File "/root/data/robot/OpenWAM/benchmarks/robotwin/eval_policy_wrapper.py", line 218, in wrapped
    return method(*args, **kwargs)
  File "/root/data/robot/work/RoboTwin-openwam-verified/envs/beat_block_hammer.py", line 10, in setup_demo
    super()._init_task_env_(**kwags)
  File "/root/data/robot/work/RoboTwin-openwam-verified/envs/_base_task.py", line 90, in _init_task_env_
    self.setup_scene()
  File "/root/data/robot/work/RoboTwin-openwam-verified/envs/_base_task.py", line 210, in setup_scene
    self.renderer = sapien.SapienRenderer()
  File "/root/data/miniconda3/envs/robotwin-openwam/lib/python3.10/site-packages/sapien/wrapper/renderer.py", line 9, in __init__
    super().__init__()
RuntimeError: vk::PhysicalDevice::createDeviceUnique: ErrorExtensionNotPresent
[eval_policy_wrapper] expert check skipped seed=100583: RuntimeError
[eval_policy_wrapper] exception in beat_block_hammer.setup_demo
Traceback (most recent call last):
  File "/root/data/robot/OpenWAM/benchmarks/robotwin/eval_policy_wrapper.py", line 218, in wrapped
    return method(*args, **kwargs)
  File "/root/data/robot/work/RoboTwin-openwam-verified/envs/beat_block_hammer.py", line 10, in setup_demo
    super()._init_task_env_(**kwags)
  File "/root/data/robot/work/RoboTwin-openwam-verified/envs/_base_task.py", line 90, in _init_task_env_
    self.setup_scene()
  File "/root/data/robot/work/RoboTwin-openwam-verified/envs/_base_task.py", line 210, in setup_scene
    self.renderer = sapien.SapienRenderer()
  File "/root/data/miniconda3/envs/robotwin-openwam/lib/python3.10/site-packages/sapien/wrapper/renderer.py", line 9, in __init__
    super().__init__()
RuntimeError: vk::PhysicalDevice::createDeviceUnique: ErrorExtensionNotPresent
[eval_policy_wrapper] expert check skipped seed=100584: RuntimeError
[eval_policy_wrapper] exception in beat_block_hammer.setup_demo
Traceback (most recent call last):
  File "/root/data/robot/OpenWAM/benchmarks/robotwin/eval_policy_wrapper.py", line 218, in wrapped
    return method(*args, **kwargs)
  File "/root/data/robot/work/RoboTwin-openwam-verified/envs/beat_block_hammer.py", line 10, in setup_demo
    super()._init_task_env_(**kwags)
  File "/root/data/robot/work/RoboTwin-openwam-verified/envs/_base_task.py", line 90, in _init_task_env_
    self.setup_scene()
  File "/root/data/robot/work/RoboTwin-openwam-verified/envs/_base_task.py", line 210, in setup_scene
    self.renderer = sapien.SapienRenderer()
  File "/root/data/miniconda3/envs/robotwin-openwam/lib/python3.10/site-packages/sapien/wrapper/renderer.py", line 9, in __init__
    super().__init__()
RuntimeError: vk::PhysicalDevice::createDeviceUnique: ErrorExtensionNotPresent
[eval_policy_wrapper] expert check skipped seed=100585: RuntimeError
[eval_policy_wrapper] exception in beat_block_hammer.setup_demo
Traceback (most recent call last):
  File "/root/data/robot/OpenWAM/benchmarks/robotwin/eval_policy_wrapper.py", line 218, in wrapped
    return method(*args, **kwargs)
  File "/root/data/robot/work/RoboTwin-openwam-verified/envs/beat_block_hammer.py", line 10, in setup_demo
    super()._init_task_env_(**kwags)
  File "/root/data/robot/work/RoboTwin-openwam-verified/envs/_base_task.py", line 90, in _init_task_env_
    self.setup_scene()
  File "/root/data/robot/work/RoboTwin-openwam-verified/envs/_base_task.py", line 210, in setup_scene
    self.renderer = sapien.SapienRenderer()
  File "/root/data/miniconda3/envs/robotwin-openwam/lib/python3.10/site-packages/sapien/wrapper/renderer.py", line 9, in __init__
    super().__init__()
RuntimeError: vk::PhysicalDevice::createDeviceUnique: ErrorExtensionNotPresent
[eval_policy_wrapper] expert check skipped seed=100586: RuntimeError
[eval_policy_wrapper] exception in beat_block_hammer.setup_demo
Traceback (most recent call last):
  File "/root/data/robot/OpenWAM/benchmarks/robotwin/eval_policy_wrapper.py", line 218, in wrapped
    return method(*args, **kwargs)
  File "/root/data/robot/work/RoboTwin-openwam-verified/envs/beat_block_hammer.py", line 10, in setup_demo
    super()._init_task_env_(**kwags)
  File "/root/data/robot/work/RoboTwin-openwam-verified/envs/_base_task.py", line 90, in _init_task_env_
    self.setup_scene()
  File "/root/data/robot/work/RoboTwin-openwam-verified/envs/_base_task.py", line 210, in setup_scene
    self.renderer = sapien.SapienRenderer()
  File "/root/data/miniconda3/envs/robotwin-openwam/lib/python3.10/site-packages/sapien/wrapper/renderer.py", line 9, in __init__
    super().__init__()
RuntimeError: vk::PhysicalDevice::createDeviceUnique: ErrorExtensionNotPresent
[eval_policy_wrapper] expert check skipped seed=100587: RuntimeError
[eval_policy_wrapper] exception in beat_block_hammer.setup_demo
Traceback (most recent call last):
  File "/root/data/robot/OpenWAM/benchmarks/robotwin/eval_policy_wrapper.py", line 218, in wrapped
    return method(*args, **kwargs)
  File "/root/data/robot/work/RoboTwin-openwam-verified/envs/beat_block_hammer.py", line 10, in setup_demo
    super()._init_task_env_(**kwags)
  File "/root/data/robot/work/RoboTwin-openwam-verified/envs/_base_task.py", line 90, in _init_task_env_
    self.setup_scene()
  File "/root/data/robot/work/RoboTwin-openwam-verified/envs/_base_task.py", line 210, in setup_scene
    self.renderer = sapien.SapienRenderer()
  File "/root/data/miniconda3/envs/robotwin-openwam/lib/python3.10/site-packages/sapien/wrapper/renderer.py", line 9, in __init__
    super().__init__()
RuntimeError: vk::PhysicalDevice::createDeviceUnique: ErrorExtensionNotPresent
[eval_policy_wrapper] expert check skipped seed=100588: RuntimeError
[eval_policy_wrapper] exception in beat_block_hammer.setup_demo
Traceback (most recent call last):
  File "/root/data/robot/OpenWAM/benchmarks/robotwin/eval_policy_wrapper.py", line 218, in wrapped
    return method(*args, **kwargs)
  File "/root/data/robot/work/RoboTwin-openwam-verified/envs/beat_block_hammer.py", line 10, in setup_demo
    super()._init_task_env_(**kwags)
  File "/root/data/robot/work/RoboTwin-openwam-verified/envs/_base_task.py", line 90, in _init_task_env_
    self.setup_scene()
  File "/root/data/robot/work/RoboTwin-openwam-verified/envs/_base_task.py", line 210, in setup_scene
    self.renderer = sapien.SapienRenderer()
  File "/root/data/miniconda3/envs/robotwin-openwam/lib/python3.10/site-packages/sapien/wrapper/renderer.py", line 9, in __init__
    super().__init__()
RuntimeError: vk::PhysicalDevice::createDeviceUnique: ErrorExtensionNotPresent
[eval_policy_wrapper] expert check skipped seed=100589: RuntimeError
[eval_policy_wrapper] exception in beat_block_hammer.setup_demo
Traceback (most recent call last):
  File "/root/data/robot/OpenWAM/benchmarks/robotwin/eval_policy_wrapper.py", line 218, in wrapped
    return method(*args, **kwargs)
  File "/root/data/robot/work/RoboTwin-openwam-verified/envs/beat_block_hammer.py", line 10, in setup_demo
    super()._init_task_env_(**kwags)
  File "/root/data/robot/work/RoboTwin-openwam-verified/envs/_base_task.py", line 90, in _init_task_env_
    self.setup_scene()
  File "/root/data/robot/work/RoboTwin-openwam-verified/envs/_base_task.py", line 210, in setup_scene
    self.renderer = sapien.SapienRenderer()
  File "/root/data/miniconda3/envs/robotwin-openwam/lib/python3.10/site-packages/sapien/wrapper/renderer.py", line 9, in __init__
    super().__init__()
RuntimeError: vk::PhysicalDevice::createDeviceUnique: ErrorExtensionNotPresent
[eval_policy_wrapper] expert check skipped seed=100590: RuntimeError
[eval_policy_wrapper] exception in beat_block_hammer.setup_demo
Traceback (most recent call last):
  File "/root/data/robot/OpenWAM/benchmarks/robotwin/eval_policy_wrapper.py", line 218, in wrapped
    return method(*args, **kwargs)
  File "/root/data/robot/work/RoboTwin-openwam-verified/envs/beat_block_hammer.py", line 10, in setup_demo
    super()._init_task_env_(**kwags)
  File "/root/data/robot/work/RoboTwin-openwam-verified/envs/_base_task.py", line 90, in _init_task_env_
    self.setup_scene()
  File "/root/data/robot/work/RoboTwin-openwam-verified/envs/_base_task.py", line 210, in setup_scene
    self.renderer = sapien.SapienRenderer()
  File "/root/data/miniconda3/envs/robotwin-openwam/lib/python3.10/site-packages/sapien/wrapper/renderer.py", line 9, in __init__
    super().__init__()
RuntimeError: vk::PhysicalDevice::createDeviceUnique: ErrorExtensionNotPresent
[eval_policy_wrapper] expert check skipped seed=100591: RuntimeError
[eval_policy_wrapper] exception in beat_block_hammer.setup_demo
Traceback (most recent call last):
  File "/root/data/robot/OpenWAM/benchmarks/robotwin/eval_policy_wrapper.py", line 218, in wrapped
    return method(*args, **kwargs)
  File "/root/data/robot/work/RoboTwin-openwam-verified/envs/beat_block_hammer.py", line 10, in setup_demo
    super()._init_task_env_(**kwags)
  File "/root/data/robot/work/RoboTwin-openwam-verified/envs/_base_task.py", line 90, in _init_task_env_
    self.setup_scene()
  File "/root/data/robot/work/RoboTwin-openwam-verified/envs/_base_task.py", line 210, in setup_scene
    self.renderer = sapien.SapienRenderer()
  File "/root/data/miniconda3/envs/robotwin-openwam/lib/python3.10/site-packages/sapien/wrapper/renderer.py", line 9, in __init__
    super().__init__()
RuntimeError: vk::PhysicalDevice::createDeviceUnique: ErrorExtensionNotPresent
[eval_policy_wrapper] expert check skipped seed=100592: RuntimeError
[eval_policy_wrapper] exception in beat_block_hammer.setup_demo
Traceback (most recent call last):
  File "/root/data/robot/OpenWAM/benchmarks/robotwin/eval_policy_wrapper.py", line 218, in wrapped
    return method(*args, **kwargs)
  File "/root/data/robot/work/RoboTwin-openwam-verified/envs/beat_block_hammer.py", line 10, in setup_demo
    super()._init_task_env_(**kwags)
  File "/root/data/robot/work/RoboTwin-openwam-verified/envs/_base_task.py", line 90, in _init_task_env_
    self.setup_scene()
  File "/root/data/robot/work/RoboTwin-openwam-verified/envs/_base_task.py", line 210, in setup_scene
    self.renderer = sapien.SapienRenderer()
  File "/root/data/miniconda3/envs/robotwin-openwam/lib/python3.10/site-packages/sapien/wrapper/renderer.py", line 9, in __init__
    super().__init__()
RuntimeError: vk::PhysicalDevice::createDeviceUnique: ErrorExtensionNotPresent
[eval_policy_wrapper] expert check skipped seed=100593: RuntimeError
[eval_policy_wrapper] exception in beat_block_hammer.setup_demo
Traceback (most recent call last):
  File "/root/data/robot/OpenWAM/benchmarks/robotwin/eval_policy_wrapper.py", line 218, in wrapped
    return method(*args, **kwargs)
  File "/root/data/robot/work/RoboTwin-openwam-verified/envs/beat_block_hammer.py", line 10, in setup_demo
    super()._init_task_env_(**kwags)
  File "/root/data/robot/work/RoboTwin-openwam-verified/envs/_base_task.py", line 90, in _init_task_env_
    self.setup_scene()
  File "/root/data/robot/work/RoboTwin-openwam-verified/envs/_base_task.py", line 210, in setup_scene
    self.renderer = sapien.SapienRenderer()
  File "/root/data/miniconda3/envs/robotwin-openwam/lib/python3.10/site-packages/sapien/wrapper/renderer.py", line 9, in __init__
    super().__init__()
RuntimeError: vk::PhysicalDevice::createDeviceUnique: ErrorExtensionNotPresent
[eval_policy_wrapper] expert check skipped seed=100594: RuntimeError
[eval_policy_wrapper] exception in beat_block_hammer.setup_demo
Traceback (most recent call last):
  File "/root/data/robot/OpenWAM/benchmarks/robotwin/eval_policy_wrapper.py", line 218, in wrapped
    return method(*args, **kwargs)
  File "/root/data/robot/work/RoboTwin-openwam-verified/envs/beat_block_hammer.py", line 10, in setup_demo
    super()._init_task_env_(**kwags)
  File "/root/data/robot/work/RoboTwin-openwam-verified/envs/_base_task.py", line 90, in _init_task_env_
    self.setup_scene()
  File "/root/data/robot/work/RoboTwin-openwam-verified/envs/_base_task.py", line 210, in setup_scene
    self.renderer = sapien.SapienRenderer()
  File "/root/data/miniconda3/envs/robotwin-openwam/lib/python3.10/site-packages/sapien/wrapper/renderer.py", line 9, in __init__
    super().__init__()
RuntimeError: vk::PhysicalDevice::createDeviceUnique: ErrorExtensionNotPresent
[eval_policy_wrapper] expert check skipped seed=100595: RuntimeError
[eval_policy_wrapper] exception in beat_block_hammer.setup_demo
Traceback (most recent call last):
  File "/root/data/robot/OpenWAM/benchmarks/robotwin/eval_policy_wrapper.py", line 218, in wrapped
    return method(*args, **kwargs)
  File "/root/data/robot/work/RoboTwin-openwam-verified/envs/beat_block_hammer.py", line 10, in setup_demo
    super()._init_task_env_(**kwags)
  File "/root/data/robot/work/RoboTwin-openwam-verified/envs/_base_task.py", line 90, in _init_task_env_
    self.setup_scene()
  File "/root/data/robot/work/RoboTwin-openwam-verified/envs/_base_task.py", line 210, in setup_scene
    self.renderer = sapien.SapienRenderer()
  File "/root/data/miniconda3/envs/robotwin-openwam/lib/python3.10/site-packages/sapien/wrapper/renderer.py", line 9, in __init__
    super().__init__()
RuntimeError: vk::PhysicalDevice::createDeviceUnique: ErrorExtensionNotPresent
[eval_policy_wrapper] expert check skipped seed=100596: RuntimeError
[eval_policy_wrapper] exception in beat_block_hammer.setup_demo
Traceback (most recent call last):
  File "/root/data/robot/OpenWAM/benchmarks/robotwin/eval_policy_wrapper.py", line 218, in wrapped
    return method(*args, **kwargs)
  File "/root/data/robot/work/RoboTwin-openwam-verified/envs/beat_block_hammer.py", line 10, in setup_demo
    super()._init_task_env_(**kwags)
  File "/root/data/robot/work/RoboTwin-openwam-verified/envs/_base_task.py", line 90, in _init_task_env_
    self.setup_scene()
  File "/root/data/robot/work/RoboTwin-openwam-verified/envs/_base_task.py", line 210, in setup_scene
    self.renderer = sapien.SapienRenderer()
  File "/root/data/miniconda3/envs/robotwin-openwam/lib/python3.10/site-packages/sapien/wrapper/renderer.py", line 9, in __init__
    super().__init__()
RuntimeError: vk::PhysicalDevice::createDeviceUnique: ErrorExtensionNotPresent
[eval_policy_wrapper] expert check skipped seed=100597: RuntimeError
[eval_policy_wrapper] exception in beat_block_hammer.setup_demo
Traceback (most recent call last):
  File "/root/data/robot/OpenWAM/benchmarks/robotwin/eval_policy_wrapper.py", line 218, in wrapped
    return method(*args, **kwargs)
  File "/root/data/robot/work/RoboTwin-openwam-verified/envs/beat_block_hammer.py", line 10, in setup_demo
    super()._init_task_env_(**kwags)
  File "/root/data/robot/work/RoboTwin-openwam-verified/envs/_base_task.py", line 90, in _init_task_env_
    self.setup_scene()
  File "/root/data/robot/work/RoboTwin-openwam-verified/envs/_base_task.py", line 210, in setup_scene
    self.renderer = sapien.SapienRenderer()
  File "/root/data/miniconda3/envs/robotwin-openwam/lib/python3.10/site-packages/sapien/wrapper/renderer.py", line 9, in __init__
    super().__init__()
RuntimeError: vk::PhysicalDevice::createDeviceUnique: ErrorExtensionNotPresent
[eval_policy_wrapper] expert check skipped seed=100598: RuntimeError
[eval_policy_wrapper] exception in beat_block_hammer.setup_demo
Traceback (most recent call last):
  File "/root/data/robot/OpenWAM/benchmarks/robotwin/eval_policy_wrapper.py", line 218, in wrapped
    return method(*args, **kwargs)
  File "/root/data/robot/work/RoboTwin-openwam-verified/envs/beat_block_hammer.py", line 10, in setup_demo
    super()._init_task_env_(**kwags)
  File "/root/data/robot/work/RoboTwin-openwam-verified/envs/_base_task.py", line 90, in _init_task_env_
    self.setup_scene()
  File "/root/data/robot/work/RoboTwin-openwam-verified/envs/_base_task.py", line 210, in setup_scene
    self.renderer = sapien.SapienRenderer()
  File "/root/data/miniconda3/envs/robotwin-openwam/lib/python3.10/site-packages/sapien/wrapper/renderer.py", line 9, in __init__
    super().__init__()
RuntimeError: vk::PhysicalDevice::createDeviceUnique: ErrorExtensionNotPresent
[eval_policy_wrapper] expert check skipped seed=100599: RuntimeError
[eval_policy_wrapper] exception in beat_block_hammer.setup_demo
Traceback (most recent call last):
  File "/root/data/robot/OpenWAM/benchmarks/robotwin/eval_policy_wrapper.py", line 218, in wrapped
    return method(*args, **kwargs)
  File "/root/data/robot/work/RoboTwin-openwam-verified/envs/beat_block_hammer.py", line 10, in setup_demo
    super()._init_task_env_(**kwags)
  File "/root/data/robot/work/RoboTwin-openwam-verified/envs/_base_task.py", line 90, in _init_task_env_
    self.setup_scene()
  File "/root/data/robot/work/RoboTwin-openwam-verified/envs/_base_task.py", line 210, in setup_scene
    self.renderer = sapien.SapienRenderer()
  File "/root/data/miniconda3/envs/robotwin-openwam/lib/python3.10/site-packages/sapien/wrapper/renderer.py", line 9, in __init__
    super().__init__()
RuntimeError: vk::PhysicalDevice::createDeviceUnique: ErrorExtensionNotPresent
[eval_policy_wrapper] expert check skipped seed=100600: RuntimeError
[eval_policy_wrapper] exception in beat_block_hammer.setup_demo
Traceback (most recent call last):
  File "/root/data/robot/OpenWAM/benchmarks/robotwin/eval_policy_wrapper.py", line 218, in wrapped
    return method(*args, **kwargs)
  File "/root/data/robot/work/RoboTwin-openwam-verified/envs/beat_block_hammer.py", line 10, in setup_demo
    super()._init_task_env_(**kwags)
  File "/root/data/robot/work/RoboTwin-openwam-verified/envs/_base_task.py", line 90, in _init_task_env_
    self.setup_scene()
  File "/root/data/robot/work/RoboTwin-openwam-verified/envs/_base_task.py", line 210, in setup_scene
    self.renderer = sapien.SapienRenderer()
  File "/root/data/miniconda3/envs/robotwin-openwam/lib/python3.10/site-packages/sapien/wrapper/renderer.py", line 9, in __init__
    super().__init__()
RuntimeError: vk::PhysicalDevice::createDeviceUnique: ErrorExtensionNotPresent
[eval_policy_wrapper] expert check skipped seed=100601: RuntimeError
[eval_policy_wrapper] exception in beat_block_hammer.setup_demo
Traceback (most recent call last):
  File "/root/data/robot/OpenWAM/benchmarks/robotwin/eval_policy_wrapper.py", line 218, in wrapped
    return method(*args, **kwargs)
  File "/root/data/robot/work/RoboTwin-openwam-verified/envs/beat_block_hammer.py", line 10, in setup_demo
    super()._init_task_env_(**kwags)
  File "/root/data/robot/work/RoboTwin-openwam-verified/envs/_base_task.py", line 90, in _init_task_env_
    self.setup_scene()
  File "/root/data/robot/work/RoboTwin-openwam-verified/envs/_base_task.py", line 210, in setup_scene
    self.renderer = sapien.SapienRenderer()
  File "/root/data/miniconda3/envs/robotwin-openwam/lib/python3.10/site-packages/sapien/wrapper/renderer.py", line 9, in __init__
    super().__init__()
RuntimeError: vk::PhysicalDevice::createDeviceUnique: ErrorExtensionNotPresent
[eval_policy_wrapper] expert check skipped seed=100602: RuntimeError
[eval_policy_wrapper] exception in beat_block_hammer.setup_demo
Traceback (most recent call last):
  File "/root/data/robot/OpenWAM/benchmarks/robotwin/eval_policy_wrapper.py", line 218, in wrapped
    return method(*args, **kwargs)
  File "/root/data/robot/work/RoboTwin-openwam-verified/envs/beat_block_hammer.py", line 10, in setup_demo
    super()._init_task_env_(**kwags)
  File "/root/data/robot/work/RoboTwin-openwam-verified/envs/_base_task.py", line 90, in _init_task_env_
    self.setup_scene()
  File "/root/data/robot/work/RoboTwin-openwam-verified/envs/_base_task.py", line 210, in setup_scene
    self.renderer = sapien.SapienRenderer()
  File "/root/data/miniconda3/envs/robotwin-openwam/lib/python3.10/site-packages/sapien/wrapper/renderer.py", line 9, in __init__
    super().__init__()
RuntimeError: vk::PhysicalDevice::createDeviceUnique: ErrorExtensionNotPresent
[eval_policy_wrapper] expert check skipped seed=100603: RuntimeError
[eval_policy_wrapper] exception in beat_block_hammer.setup_demo
Traceback (most recent call last):
  File "/root/data/robot/OpenWAM/benchmarks/robotwin/eval_policy_wrapper.py", line 218, in wrapped
    return method(*args, **kwargs)
  File "/root/data/robot/work/RoboTwin-openwam-verified/envs/beat_block_hammer.py", line 10, in setup_demo
    super()._init_task_env_(**kwags)
  File "/root/data/robot/work/RoboTwin-openwam-verified/envs/_base_task.py", line 90, in _init_task_env_
    self.setup_scene()
  File "/root/data/robot/work/RoboTwin-openwam-verified/envs/_base_task.py", line 210, in setup_scene
    self.renderer = sapien.SapienRenderer()
  File "/root/data/miniconda3/envs/robotwin-openwam/lib/python3.10/site-packages/sapien/wrapper/renderer.py", line 9, in __init__
    super().__init__()
RuntimeError: vk::PhysicalDevice::createDeviceUnique: ErrorExtensionNotPresent
[eval_policy_wrapper] expert check skipped seed=100604: RuntimeError
[eval_policy_wrapper] exception in beat_block_hammer.setup_demo
Traceback (most recent call last):
  File "/root/data/robot/OpenWAM/benchmarks/robotwin/eval_policy_wrapper.py", line 218, in wrapped
    return method(*args, **kwargs)
  File "/root/data/robot/work/RoboTwin-openwam-verified/envs/beat_block_hammer.py", line 10, in setup_demo
    super()._init_task_env_(**kwags)
  File "/root/data/robot/work/RoboTwin-openwam-verified/envs/_base_task.py", line 90, in _init_task_env_
    self.setup_scene()
  File "/root/data/robot/work/RoboTwin-openwam-verified/envs/_base_task.py", line 210, in setup_scene
    self.renderer = sapien.SapienRenderer()
  File "/root/data/miniconda3/envs/robotwin-openwam/lib/python3.10/site-packages/sapien/wrapper/renderer.py", line 9, in __init__
    super().__init__()
RuntimeError: vk::PhysicalDevice::createDeviceUnique: ErrorExtensionNotPresent
[eval_policy_wrapper] expert check skipped seed=100605: RuntimeError
[eval_policy_wrapper] exception in beat_block_hammer.setup_demo
Traceback (most recent call last):
  File "/root/data/robot/OpenWAM/benchmarks/robotwin/eval_policy_wrapper.py", line 218, in wrapped
    return method(*args, **kwargs)
  File "/root/data/robot/work/RoboTwin-openwam-verified/envs/beat_block_hammer.py", line 10, in setup_demo
    super()._init_task_env_(**kwags)
  File "/root/data/robot/work/RoboTwin-openwam-verified/envs/_base_task.py", line 90, in _init_task_env_
    self.setup_scene()
  File "/root/data/robot/work/RoboTwin-openwam-verified/envs/_base_task.py", line 210, in setup_scene
    self.renderer = sapien.SapienRenderer()
  File "/root/data/miniconda3/envs/robotwin-openwam/lib/python3.10/site-packages/sapien/wrapper/renderer.py", line 9, in __init__
    super().__init__()
RuntimeError: vk::PhysicalDevice::createDeviceUnique: ErrorExtensionNotPresent
[eval_policy_wrapper] expert check skipped seed=100606: RuntimeError
[eval_policy_wrapper] exception in beat_block_hammer.setup_demo
Traceback (most recent call last):
  File "/root/data/robot/OpenWAM/benchmarks/robotwin/eval_policy_wrapper.py", line 218, in wrapped
    return method(*args, **kwargs)
  File "/root/data/robot/work/RoboTwin-openwam-verified/envs/beat_block_hammer.py", line 10, in setup_demo
    super()._init_task_env_(**kwags)
  File "/root/data/robot/work/RoboTwin-openwam-verified/envs/_base_task.py", line 90, in _init_task_env_
    self.setup_scene()
  File "/root/data/robot/work/RoboTwin-openwam-verified/envs/_base_task.py", line 210, in setup_scene
    self.renderer = sapien.SapienRenderer()
  File "/root/data/miniconda3/envs/robotwin-openwam/lib/python3.10/site-packages/sapien/wrapper/renderer.py", line 9, in __init__
    super().__init__()
RuntimeError: vk::PhysicalDevice::createDeviceUnique: ErrorExtensionNotPresent
[eval_policy_wrapper] expert check skipped seed=100607: RuntimeError
[eval_policy_wrapper] exception in beat_block_hammer.setup_demo
Traceback (most recent call last):
  File "/root/data/robot/OpenWAM/benchmarks/robotwin/eval_policy_wrapper.py", line 218, in wrapped
    return method(*args, **kwargs)
  File "/root/data/robot/work/RoboTwin-openwam-verified/envs/beat_block_hammer.py", line 10, in setup_demo
    super()._init_task_env_(**kwags)
  File "/root/data/robot/work/RoboTwin-openwam-verified/envs/_base_task.py", line 90, in _init_task_env_
    self.setup_scene()
  File "/root/data/robot/work/RoboTwin-openwam-verified/envs/_base_task.py", line 210, in setup_scene
    self.renderer = sapien.SapienRenderer()
  File "/root/data/miniconda3/envs/robotwin-openwam/lib/python3.10/site-packages/sapien/wrapper/renderer.py", line 9, in __init__
    super().__init__()
RuntimeError: vk::PhysicalDevice::createDeviceUnique: ErrorExtensionNotPresent
[eval_policy_wrapper] expert check skipped seed=100608: RuntimeError
[eval_policy_wrapper] exception in beat_block_hammer.setup_demo
Traceback (most recent call last):
  File "/root/data/robot/OpenWAM/benchmarks/robotwin/eval_policy_wrapper.py", line 218, in wrapped
    return method(*args, **kwargs)
  File "/root/data/robot/work/RoboTwin-openwam-verified/envs/beat_block_hammer.py", line 10, in setup_demo
    super()._init_task_env_(**kwags)
  File "/root/data/robot/work/RoboTwin-openwam-verified/envs/_base_task.py", line 90, in _init_task_env_
    self.setup_scene()
  File "/root/data/robot/work/RoboTwin-openwam-verified/envs/_base_task.py", line 210, in setup_scene
    self.renderer = sapien.SapienRenderer()
  File "/root/data/miniconda3/envs/robotwin-openwam/lib/python3.10/site-packages/sapien/wrapper/renderer.py", line 9, in __init__
    super().__init__()
RuntimeError: vk::PhysicalDevice::createDeviceUnique: ErrorExtensionNotPresent
[eval_policy_wrapper] expert check skipped seed=100609: RuntimeError
[eval_policy_wrapper] exception in beat_block_hammer.setup_demo
Traceback (most recent call last):
  File "/root/data/robot/OpenWAM/benchmarks/robotwin/eval_policy_wrapper.py", line 218, in wrapped
    return method(*args, **kwargs)
  File "/root/data/robot/work/RoboTwin-openwam-verified/envs/beat_block_hammer.py", line 10, in setup_demo
    super()._init_task_env_(**kwags)
  File "/root/data/robot/work/RoboTwin-openwam-verified/envs/_base_task.py", line 90, in _init_task_env_
    self.setup_scene()
  File "/root/data/robot/work/RoboTwin-openwam-verified/envs/_base_task.py", line 210, in setup_scene
    self.renderer = sapien.SapienRenderer()
  File "/root/data/miniconda3/envs/robotwin-openwam/lib/python3.10/site-packages/sapien/wrapper/renderer.py", line 9, in __init__
    super().__init__()
RuntimeError: vk::PhysicalDevice::createDeviceUnique: ErrorExtensionNotPresent
[eval_policy_wrapper] expert check skipped seed=100610: RuntimeError
[eval_policy_wrapper] exception in beat_block_hammer.setup_demo
Traceback (most recent call last):
  File "/root/data/robot/OpenWAM/benchmarks/robotwin/eval_policy_wrapper.py", line 218, in wrapped
    return method(*args, **kwargs)
  File "/root/data/robot/work/RoboTwin-openwam-verified/envs/beat_block_hammer.py", line 10, in setup_demo
    super()._init_task_env_(**kwags)
  File "/root/data/robot/work/RoboTwin-openwam-verified/envs/_base_task.py", line 90, in _init_task_env_
    self.setup_scene()
  File "/root/data/robot/work/RoboTwin-openwam-verified/envs/_base_task.py", line 210, in setup_scene
    self.renderer = sapien.SapienRenderer()
  File "/root/data/miniconda3/envs/robotwin-openwam/lib/python3.10/site-packages/sapien/wrapper/renderer.py", line 9, in __init__
    super().__init__()
RuntimeError: vk::PhysicalDevice::createDeviceUnique: ErrorExtensionNotPresent
[eval_policy_wrapper] expert check skipped seed=100611: RuntimeError
[eval_policy_wrapper] exception in beat_block_hammer.setup_demo
Traceback (most recent call last):
  File "/root/data/robot/OpenWAM/benchmarks/robotwin/eval_policy_wrapper.py", line 218, in wrapped
    return method(*args, **kwargs)
  File "/root/data/robot/work/RoboTwin-openwam-verified/envs/beat_block_hammer.py", line 10, in setup_demo
    super()._init_task_env_(**kwags)
  File "/root/data/robot/work/RoboTwin-openwam-verified/envs/_base_task.py", line 90, in _init_task_env_
    self.setup_scene()
  File "/root/data/robot/work/RoboTwin-openwam-verified/envs/_base_task.py", line 210, in setup_scene
    self.renderer = sapien.SapienRenderer()
  File "/root/data/miniconda3/envs/robotwin-openwam/lib/python3.10/site-packages/sapien/wrapper/renderer.py", line 9, in __init__
    super().__init__()
RuntimeError: vk::PhysicalDevice::createDeviceUnique: ErrorExtensionNotPresent
[eval_policy_wrapper] expert check skipped seed=100612: RuntimeError
[eval_policy_wrapper] exception in beat_block_hammer.setup_demo
Traceback (most recent call last):
  File "/root/data/robot/OpenWAM/benchmarks/robotwin/eval_policy_wrapper.py", line 218, in wrapped
    return method(*args, **kwargs)
  File "/root/data/robot/work/RoboTwin-openwam-verified/envs/beat_block_hammer.py", line 10, in setup_demo
    super()._init_task_env_(**kwags)
  File "/root/data/robot/work/RoboTwin-openwam-verified/envs/_base_task.py", line 90, in _init_task_env_
    self.setup_scene()
  File "/root/data/robot/work/RoboTwin-openwam-verified/envs/_base_task.py", line 210, in setup_scene
    self.renderer = sapien.SapienRenderer()
  File "/root/data/miniconda3/envs/robotwin-openwam/lib/python3.10/site-packages/sapien/wrapper/renderer.py", line 9, in __init__
    super().__init__()
RuntimeError: vk::PhysicalDevice::createDeviceUnique: ErrorExtensionNotPresent
[eval_policy_wrapper] expert check skipped seed=100613: RuntimeError
[eval_policy_wrapper] exception in beat_block_hammer.setup_demo
Traceback (most recent call last):
  File "/root/data/robot/OpenWAM/benchmarks/robotwin/eval_policy_wrapper.py", line 218, in wrapped
    return method(*args, **kwargs)
  File "/root/data/robot/work/RoboTwin-openwam-verified/envs/beat_block_hammer.py", line 10, in setup_demo
    super()._init_task_env_(**kwags)
  File "/root/data/robot/work/RoboTwin-openwam-verified/envs/_base_task.py", line 90, in _init_task_env_
    self.setup_scene()
  File "/root/data/robot/work/RoboTwin-openwam-verified/envs/_base_task.py", line 210, in setup_scene
    self.renderer = sapien.SapienRenderer()
  File "/root/data/miniconda3/envs/robotwin-openwam/lib/python3.10/site-packages/sapien/wrapper/renderer.py", line 9, in __init__
    super().__init__()
RuntimeError: vk::PhysicalDevice::createDeviceUnique: ErrorExtensionNotPresent
[eval_policy_wrapper] expert check skipped seed=100614: RuntimeError
[eval_policy_wrapper] exception in beat_block_hammer.setup_demo
Traceback (most recent call last):
  File "/root/data/robot/OpenWAM/benchmarks/robotwin/eval_policy_wrapper.py", line 218, in wrapped
    return method(*args, **kwargs)
  File "/root/data/robot/work/RoboTwin-openwam-verified/envs/beat_block_hammer.py", line 10, in setup_demo
    super()._init_task_env_(**kwags)
  File "/root/data/robot/work/RoboTwin-openwam-verified/envs/_base_task.py", line 90, in _init_task_env_
    self.setup_scene()
  File "/root/data/robot/work/RoboTwin-openwam-verified/envs/_base_task.py", line 210, in setup_scene
    self.renderer = sapien.SapienRenderer()
  File "/root/data/miniconda3/envs/robotwin-openwam/lib/python3.10/site-packages/sapien/wrapper/renderer.py", line 9, in __init__
    super().__init__()
RuntimeError: vk::PhysicalDevice::createDeviceUnique: ErrorExtensionNotPresent
[eval_policy_wrapper] expert check skipped seed=100615: RuntimeError
[eval_policy_wrapper] exception in beat_block_hammer.setup_demo
Traceback (most recent call last):
  File "/root/data/robot/OpenWAM/benchmarks/robotwin/eval_policy_wrapper.py", line 218, in wrapped
    return method(*args, **kwargs)
  File "/root/data/robot/work/RoboTwin-openwam-verified/envs/beat_block_hammer.py", line 10, in setup_demo
    super()._init_task_env_(**kwags)
  File "/root/data/robot/work/RoboTwin-openwam-verified/envs/_base_task.py", line 90, in _init_task_env_
    self.setup_scene()
  File "/root/data/robot/work/RoboTwin-openwam-verified/envs/_base_task.py", line 210, in setup_scene
    self.renderer = sapien.SapienRenderer()
  File "/root/data/miniconda3/envs/robotwin-openwam/lib/python3.10/site-packages/sapien/wrapper/renderer.py", line 9, in __init__
    super().__init__()
RuntimeError: vk::PhysicalDevice::createDeviceUnique: ErrorExtensionNotPresent
[eval_policy_wrapper] expert check skipped seed=100616: RuntimeError
[eval_policy_wrapper] exception in beat_block_hammer.setup_demo
Traceback (most recent call last):
  File "/root/data/robot/OpenWAM/benchmarks/robotwin/eval_policy_wrapper.py", line 218, in wrapped
    return method(*args, **kwargs)
  File "/root/data/robot/work/RoboTwin-openwam-verified/envs/beat_block_hammer.py", line 10, in setup_demo
    super()._init_task_env_(**kwags)
  File "/root/data/robot/work/RoboTwin-openwam-verified/envs/_base_task.py", line 90, in _init_task_env_
    self.setup_scene()
  File "/root/data/robot/work/RoboTwin-openwam-verified/envs/_base_task.py", line 210, in setup_scene
    self.renderer = sapien.SapienRenderer()
  File "/root/data/miniconda3/envs/robotwin-openwam/lib/python3.10/site-packages/sapien/wrapper/renderer.py", line 9, in __init__
    super().__init__()
RuntimeError: vk::PhysicalDevice::createDeviceUnique: ErrorExtensionNotPresent
[eval_policy_wrapper] expert check skipped seed=100617: RuntimeError
[eval_policy_wrapper] exception in beat_block_hammer.setup_demo
Traceback (most recent call last):
  File "/root/data/robot/OpenWAM/benchmarks/robotwin/eval_policy_wrapper.py", line 218, in wrapped
    return method(*args, **kwargs)
  File "/root/data/robot/work/RoboTwin-openwam-verified/envs/beat_block_hammer.py", line 10, in setup_demo
    super()._init_task_env_(**kwags)
  File "/root/data/robot/work/RoboTwin-openwam-verified/envs/_base_task.py", line 90, in _init_task_env_
    self.setup_scene()
  File "/root/data/robot/work/RoboTwin-openwam-verified/envs/_base_task.py", line 210, in setup_scene
    self.renderer = sapien.SapienRenderer()
  File "/root/data/miniconda3/envs/robotwin-openwam/lib/python3.10/site-packages/sapien/wrapper/renderer.py", line 9, in __init__
    super().__init__()
RuntimeError: vk::PhysicalDevice::createDeviceUnique: ErrorExtensionNotPresent
[eval_policy_wrapper] expert check skipped seed=100618: RuntimeError
[eval_policy_wrapper] exception in beat_block_hammer.setup_demo
Traceback (most recent call last):
  File "/root/data/robot/OpenWAM/benchmarks/robotwin/eval_policy_wrapper.py", line 218, in wrapped
    return method(*args, **kwargs)
  File "/root/data/robot/work/RoboTwin-openwam-verified/envs/beat_block_hammer.py", line 10, in setup_demo
    super()._init_task_env_(**kwags)
  File "/root/data/robot/work/RoboTwin-openwam-verified/envs/_base_task.py", line 90, in _init_task_env_
    self.setup_scene()
  File "/root/data/robot/work/RoboTwin-openwam-verified/envs/_base_task.py", line 210, in setup_scene
    self.renderer = sapien.SapienRenderer()
  File "/root/data/miniconda3/envs/robotwin-openwam/lib/python3.10/site-packages/sapien/wrapper/renderer.py", line 9, in __init__
    super().__init__()
RuntimeError: vk::PhysicalDevice::createDeviceUnique: ErrorExtensionNotPresent
[eval_policy_wrapper] expert check skipped seed=100619: RuntimeError
[eval_policy_wrapper] exception in beat_block_hammer.setup_demo
Traceback (most recent call last):
  File "/root/data/robot/OpenWAM/benchmarks/robotwin/eval_policy_wrapper.py", line 218, in wrapped
    return method(*args, **kwargs)
  File "/root/data/robot/work/RoboTwin-openwam-verified/envs/beat_block_hammer.py", line 10, in setup_demo
    super()._init_task_env_(**kwags)
  File "/root/data/robot/work/RoboTwin-openwam-verified/envs/_base_task.py", line 90, in _init_task_env_
    self.setup_scene()
  File "/root/data/robot/work/RoboTwin-openwam-verified/envs/_base_task.py", line 210, in setup_scene
    self.renderer = sapien.SapienRenderer()
  File "/root/data/miniconda3/envs/robotwin-openwam/lib/python3.10/site-packages/sapien/wrapper/renderer.py", line 9, in __init__
    super().__init__()
RuntimeError: vk::PhysicalDevice::createDeviceUnique: ErrorExtensionNotPresent
[eval_policy_wrapper] expert check skipped seed=100620: RuntimeError
[eval_policy_wrapper] exception in beat_block_hammer.setup_demo
Traceback (most recent call last):
  File "/root/data/robot/OpenWAM/benchmarks/robotwin/eval_policy_wrapper.py", line 218, in wrapped
    return method(*args, **kwargs)
  File "/root/data/robot/work/RoboTwin-openwam-verified/envs/beat_block_hammer.py", line 10, in setup_demo
    super()._init_task_env_(**kwags)
  File "/root/data/robot/work/RoboTwin-openwam-verified/envs/_base_task.py", line 90, in _init_task_env_
    self.setup_scene()
  File "/root/data/robot/work/RoboTwin-openwam-verified/envs/_base_task.py", line 210, in setup_scene
    self.renderer = sapien.SapienRenderer()
  File "/root/data/miniconda3/envs/robotwin-openwam/lib/python3.10/site-packages/sapien/wrapper/renderer.py", line 9, in __init__
    super().__init__()
RuntimeError: vk::PhysicalDevice::createDeviceUnique: ErrorExtensionNotPresent
[eval_policy_wrapper] expert check skipped seed=100621: RuntimeError
[eval_policy_wrapper] exception in beat_block_hammer.setup_demo
Traceback (most recent call last):
  File "/root/data/robot/OpenWAM/benchmarks/robotwin/eval_policy_wrapper.py", line 218, in wrapped
    return method(*args, **kwargs)
  File "/root/data/robot/work/RoboTwin-openwam-verified/envs/beat_block_hammer.py", line 10, in setup_demo
    super()._init_task_env_(**kwags)
  File "/root/data/robot/work/RoboTwin-openwam-verified/envs/_base_task.py", line 90, in _init_task_env_
    self.setup_scene()
  File "/root/data/robot/work/RoboTwin-openwam-verified/envs/_base_task.py", line 210, in setup_scene
    self.renderer = sapien.SapienRenderer()
  File "/root/data/miniconda3/envs/robotwin-openwam/lib/python3.10/site-packages/sapien/wrapper/renderer.py", line 9, in __init__
    super().__init__()
RuntimeError: vk::PhysicalDevice::createDeviceUnique: ErrorExtensionNotPresent
[eval_policy_wrapper] expert check skipped seed=100622: RuntimeError
[eval_policy_wrapper] exception in beat_block_hammer.setup_demo
Traceback (most recent call last):
  File "/root/data/robot/OpenWAM/benchmarks/robotwin/eval_policy_wrapper.py", line 218, in wrapped
    return method(*args, **kwargs)
  File "/root/data/robot/work/RoboTwin-openwam-verified/envs/beat_block_hammer.py", line 10, in setup_demo
    super()._init_task_env_(**kwags)
  File "/root/data/robot/work/RoboTwin-openwam-verified/envs/_base_task.py", line 90, in _init_task_env_
    self.setup_scene()
  File "/root/data/robot/work/RoboTwin-openwam-verified/envs/_base_task.py", line 210, in setup_scene
    self.renderer = sapien.SapienRenderer()
  File "/root/data/miniconda3/envs/robotwin-openwam/lib/python3.10/site-packages/sapien/wrapper/renderer.py", line 9, in __init__
    super().__init__()
RuntimeError: vk::PhysicalDevice::createDeviceUnique: ErrorExtensionNotPresent
[eval_policy_wrapper] expert check skipped seed=100623: RuntimeError
[eval_policy_wrapper] exception in beat_block_hammer.setup_demo
Traceback (most recent call last):
  File "/root/data/robot/OpenWAM/benchmarks/robotwin/eval_policy_wrapper.py", line 218, in wrapped
    return method(*args, **kwargs)
  File "/root/data/robot/work/RoboTwin-openwam-verified/envs/beat_block_hammer.py", line 10, in setup_demo
    super()._init_task_env_(**kwags)
  File "/root/data/robot/work/RoboTwin-openwam-verified/envs/_base_task.py", line 90, in _init_task_env_
    self.setup_scene()
  File "/root/data/robot/work/RoboTwin-openwam-verified/envs/_base_task.py", line 210, in setup_scene
    self.renderer = sapien.SapienRenderer()
  File "/root/data/miniconda3/envs/robotwin-openwam/lib/python3.10/site-packages/sapien/wrapper/renderer.py", line 9, in __init__
    super().__init__()
RuntimeError: vk::PhysicalDevice::createDeviceUnique: ErrorExtensionNotPresent
[eval_policy_wrapper] expert check skipped seed=100624: RuntimeError
[eval_policy_wrapper] exception in beat_block_hammer.setup_demo
Traceback (most recent call last):
  File "/root/data/robot/OpenWAM/benchmarks/robotwin/eval_policy_wrapper.py", line 218, in wrapped
    return method(*args, **kwargs)
  File "/root/data/robot/work/RoboTwin-openwam-verified/envs/beat_block_hammer.py", line 10, in setup_demo
    super()._init_task_env_(**kwags)
  File "/root/data/robot/work/RoboTwin-openwam-verified/envs/_base_task.py", line 90, in _init_task_env_
    self.setup_scene()
  File "/root/data/robot/work/RoboTwin-openwam-verified/envs/_base_task.py", line 210, in setup_scene
    self.renderer = sapien.SapienRenderer()
  File "/root/data/miniconda3/envs/robotwin-openwam/lib/python3.10/site-packages/sapien/wrapper/renderer.py", line 9, in __init__
    super().__init__()
RuntimeError: vk::PhysicalDevice::createDeviceUnique: ErrorExtensionNotPresent
[eval_policy_wrapper] expert check skipped seed=100625: RuntimeError
[eval_policy_wrapper] exception in beat_block_hammer.setup_demo
Traceback (most recent call last):
  File "/root/data/robot/OpenWAM/benchmarks/robotwin/eval_policy_wrapper.py", line 218, in wrapped
    return method(*args, **kwargs)
  File "/root/data/robot/work/RoboTwin-openwam-verified/envs/beat_block_hammer.py", line 10, in setup_demo
    super()._init_task_env_(**kwags)
  File "/root/data/robot/work/RoboTwin-openwam-verified/envs/_base_task.py", line 90, in _init_task_env_
    self.setup_scene()
  File "/root/data/robot/work/RoboTwin-openwam-verified/envs/_base_task.py", line 210, in setup_scene
    self.renderer = sapien.SapienRenderer()
  File "/root/data/miniconda3/envs/robotwin-openwam/lib/python3.10/site-packages/sapien/wrapper/renderer.py", line 9, in __init__
    super().__init__()
RuntimeError: vk::PhysicalDevice::createDeviceUnique: ErrorExtensionNotPresent
[eval_policy_wrapper] expert check skipped seed=100626: RuntimeError
[eval_policy_wrapper] exception in beat_block_hammer.setup_demo
Traceback (most recent call last):
  File "/root/data/robot/OpenWAM/benchmarks/robotwin/eval_policy_wrapper.py", line 218, in wrapped
    return method(*args, **kwargs)
  File "/root/data/robot/work/RoboTwin-openwam-verified/envs/beat_block_hammer.py", line 10, in setup_demo
    super()._init_task_env_(**kwags)
  File "/root/data/robot/work/RoboTwin-openwam-verified/envs/_base_task.py", line 90, in _init_task_env_
    self.setup_scene()
  File "/root/data/robot/work/RoboTwin-openwam-verified/envs/_base_task.py", line 210, in setup_scene
    self.renderer = sapien.SapienRenderer()
  File "/root/data/miniconda3/envs/robotwin-openwam/lib/python3.10/site-packages/sapien/wrapper/renderer.py", line 9, in __init__
    super().__init__()
RuntimeError: vk::PhysicalDevice::createDeviceUnique: ErrorExtensionNotPresent
[eval_policy_wrapper] expert check skipped seed=100627: RuntimeError
[eval_policy_wrapper] exception in beat_block_hammer.setup_demo
Traceback (most recent call last):
  File "/root/data/robot/OpenWAM/benchmarks/robotwin/eval_policy_wrapper.py", line 218, in wrapped
    return method(*args, **kwargs)
  File "/root/data/robot/work/RoboTwin-openwam-verified/envs/beat_block_hammer.py", line 10, in setup_demo
    super()._init_task_env_(**kwags)
  File "/root/data/robot/work/RoboTwin-openwam-verified/envs/_base_task.py", line 90, in _init_task_env_
    self.setup_scene()
  File "/root/data/robot/work/RoboTwin-openwam-verified/envs/_base_task.py", line 210, in setup_scene
    self.renderer = sapien.SapienRenderer()
  File "/root/data/miniconda3/envs/robotwin-openwam/lib/python3.10/site-packages/sapien/wrapper/renderer.py", line 9, in __init__
    super().__init__()
RuntimeError: vk::PhysicalDevice::createDeviceUnique: ErrorExtensionNotPresent
[eval_policy_wrapper] expert check skipped seed=100628: RuntimeError
[eval_policy_wrapper] exception in beat_block_hammer.setup_demo
Traceback (most recent call last):
  File "/root/data/robot/OpenWAM/benchmarks/robotwin/eval_policy_wrapper.py", line 218, in wrapped
    return method(*args, **kwargs)
  File "/root/data/robot/work/RoboTwin-openwam-verified/envs/beat_block_hammer.py", line 10, in setup_demo
    super()._init_task_env_(**kwags)
  File "/root/data/robot/work/RoboTwin-openwam-verified/envs/_base_task.py", line 90, in _init_task_env_
    self.setup_scene()
  File "/root/data/robot/work/RoboTwin-openwam-verified/envs/_base_task.py", line 210, in setup_scene
    self.renderer = sapien.SapienRenderer()
  File "/root/data/miniconda3/envs/robotwin-openwam/lib/python3.10/site-packages/sapien/wrapper/renderer.py", line 9, in __init__
    super().__init__()
RuntimeError: vk::PhysicalDevice::createDeviceUnique: ErrorExtensionNotPresent
[eval_policy_wrapper] expert check skipped seed=100629: RuntimeError
[eval_policy_wrapper] exception in beat_block_hammer.setup_demo
Traceback (most recent call last):
  File "/root/data/robot/OpenWAM/benchmarks/robotwin/eval_policy_wrapper.py", line 218, in wrapped
    return method(*args, **kwargs)
  File "/root/data/robot/work/RoboTwin-openwam-verified/envs/beat_block_hammer.py", line 10, in setup_demo
    super()._init_task_env_(**kwags)
  File "/root/data/robot/work/RoboTwin-openwam-verified/envs/_base_task.py", line 90, in _init_task_env_
    self.setup_scene()
  File "/root/data/robot/work/RoboTwin-openwam-verified/envs/_base_task.py", line 210, in setup_scene
    self.renderer = sapien.SapienRenderer()
  File "/root/data/miniconda3/envs/robotwin-openwam/lib/python3.10/site-packages/sapien/wrapper/renderer.py", line 9, in __init__
    super().__init__()
RuntimeError: vk::PhysicalDevice::createDeviceUnique: ErrorExtensionNotPresent
[eval_policy_wrapper] expert check skipped seed=100630: RuntimeError
[eval_policy_wrapper] exception in beat_block_hammer.setup_demo
Traceback (most recent call last):
  File "/root/data/robot/OpenWAM/benchmarks/robotwin/eval_policy_wrapper.py", line 218, in wrapped
    return method(*args, **kwargs)
  File "/root/data/robot/work/RoboTwin-openwam-verified/envs/beat_block_hammer.py", line 10, in setup_demo
    super()._init_task_env_(**kwags)
  File "/root/data/robot/work/RoboTwin-openwam-verified/envs/_base_task.py", line 90, in _init_task_env_
    self.setup_scene()
  File "/root/data/robot/work/RoboTwin-openwam-verified/envs/_base_task.py", line 210, in setup_scene
    self.renderer = sapien.SapienRenderer()
  File "/root/data/miniconda3/envs/robotwin-openwam/lib/python3.10/site-packages/sapien/wrapper/renderer.py", line 9, in __init__
    super().__init__()
RuntimeError: vk::PhysicalDevice::createDeviceUnique: ErrorExtensionNotPresent
[eval_policy_wrapper] expert check skipped seed=100631: RuntimeError
[eval_policy_wrapper] exception in beat_block_hammer.setup_demo
Traceback (most recent call last):
  File "/root/data/robot/OpenWAM/benchmarks/robotwin/eval_policy_wrapper.py", line 218, in wrapped
    return method(*args, **kwargs)
  File "/root/data/robot/work/RoboTwin-openwam-verified/envs/beat_block_hammer.py", line 10, in setup_demo
    super()._init_task_env_(**kwags)
  File "/root/data/robot/work/RoboTwin-openwam-verified/envs/_base_task.py", line 90, in _init_task_env_
    self.setup_scene()
  File "/root/data/robot/work/RoboTwin-openwam-verified/envs/_base_task.py", line 210, in setup_scene
    self.renderer = sapien.SapienRenderer()
  File "/root/data/miniconda3/envs/robotwin-openwam/lib/python3.10/site-packages/sapien/wrapper/renderer.py", line 9, in __init__
    super().__init__()
RuntimeError: vk::PhysicalDevice::createDeviceUnique: ErrorExtensionNotPresent
[eval_policy_wrapper] expert check skipped seed=100632: RuntimeError
[eval_policy_wrapper] exception in beat_block_hammer.setup_demo
Traceback (most recent call last):
  File "/root/data/robot/OpenWAM/benchmarks/robotwin/eval_policy_wrapper.py", line 218, in wrapped
    return method(*args, **kwargs)
  File "/root/data/robot/work/RoboTwin-openwam-verified/envs/beat_block_hammer.py", line 10, in setup_demo
    super()._init_task_env_(**kwags)
  File "/root/data/robot/work/RoboTwin-openwam-verified/envs/_base_task.py", line 90, in _init_task_env_
    self.setup_scene()
  File "/root/data/robot/work/RoboTwin-openwam-verified/envs/_base_task.py", line 210, in setup_scene
    self.renderer = sapien.SapienRenderer()
  File "/root/data/miniconda3/envs/robotwin-openwam/lib/python3.10/site-packages/sapien/wrapper/renderer.py", line 9, in __init__
    super().__init__()
RuntimeError: vk::PhysicalDevice::createDeviceUnique: ErrorExtensionNotPresent
[eval_policy_wrapper] expert check skipped seed=100633: RuntimeError
[eval_policy_wrapper] exception in beat_block_hammer.setup_demo
Traceback (most recent call last):
  File "/root/data/robot/OpenWAM/benchmarks/robotwin/eval_policy_wrapper.py", line 218, in wrapped
    return method(*args, **kwargs)
  File "/root/data/robot/work/RoboTwin-openwam-verified/envs/beat_block_hammer.py", line 10, in setup_demo
    super()._init_task_env_(**kwags)
  File "/root/data/robot/work/RoboTwin-openwam-verified/envs/_base_task.py", line 90, in _init_task_env_
    self.setup_scene()
  File "/root/data/robot/work/RoboTwin-openwam-verified/envs/_base_task.py", line 210, in setup_scene
    self.renderer = sapien.SapienRenderer()
  File "/root/data/miniconda3/envs/robotwin-openwam/lib/python3.10/site-packages/sapien/wrapper/renderer.py", line 9, in __init__
    super().__init__()
RuntimeError: vk::PhysicalDevice::createDeviceUnique: ErrorExtensionNotPresent
[eval_policy_wrapper] expert check skipped seed=100634: RuntimeError
[eval_policy_wrapper] exception in beat_block_hammer.setup_demo
Traceback (most recent call last):
  File "/root/data/robot/OpenWAM/benchmarks/robotwin/eval_policy_wrapper.py", line 218, in wrapped
    return method(*args, **kwargs)
  File "/root/data/robot/work/RoboTwin-openwam-verified/envs/beat_block_hammer.py", line 10, in setup_demo
    super()._init_task_env_(**kwags)
  File "/root/data/robot/work/RoboTwin-openwam-verified/envs/_base_task.py", line 90, in _init_task_env_
    self.setup_scene()
  File "/root/data/robot/work/RoboTwin-openwam-verified/envs/_base_task.py", line 210, in setup_scene
    self.renderer = sapien.SapienRenderer()
  File "/root/data/miniconda3/envs/robotwin-openwam/lib/python3.10/site-packages/sapien/wrapper/renderer.py", line 9, in __init__
    super().__init__()
RuntimeError: vk::PhysicalDevice::createDeviceUnique: ErrorExtensionNotPresent
[eval_policy_wrapper] expert check skipped seed=100635: RuntimeError
[eval_policy_wrapper] exception in beat_block_hammer.setup_demo
Traceback (most recent call last):
  File "/root/data/robot/OpenWAM/benchmarks/robotwin/eval_policy_wrapper.py", line 218, in wrapped
    return method(*args, **kwargs)
  File "/root/data/robot/work/RoboTwin-openwam-verified/envs/beat_block_hammer.py", line 10, in setup_demo
    super()._init_task_env_(**kwags)
  File "/root/data/robot/work/RoboTwin-openwam-verified/envs/_base_task.py", line 90, in _init_task_env_
    self.setup_scene()
  File "/root/data/robot/work/RoboTwin-openwam-verified/envs/_base_task.py", line 210, in setup_scene
    self.renderer = sapien.SapienRenderer()
  File "/root/data/miniconda3/envs/robotwin-openwam/lib/python3.10/site-packages/sapien/wrapper/renderer.py", line 9, in __init__
    super().__init__()
RuntimeError: vk::PhysicalDevice::createDeviceUnique: ErrorExtensionNotPresent
[eval_policy_wrapper] expert check skipped seed=100636: RuntimeError
[eval_policy_wrapper] exception in beat_block_hammer.setup_demo
Traceback (most recent call last):
  File "/root/data/robot/OpenWAM/benchmarks/robotwin/eval_policy_wrapper.py", line 218, in wrapped
    return method(*args, **kwargs)
  File "/root/data/robot/work/RoboTwin-openwam-verified/envs/beat_block_hammer.py", line 10, in setup_demo
    super()._init_task_env_(**kwags)
  File "/root/data/robot/work/RoboTwin-openwam-verified/envs/_base_task.py", line 90, in _init_task_env_
    self.setup_scene()
  File "/root/data/robot/work/RoboTwin-openwam-verified/envs/_base_task.py", line 210, in setup_scene
    self.renderer = sapien.SapienRenderer()
  File "/root/data/miniconda3/envs/robotwin-openwam/lib/python3.10/site-packages/sapien/wrapper/renderer.py", line 9, in __init__
    super().__init__()
RuntimeError: vk::PhysicalDevice::createDeviceUnique: ErrorExtensionNotPresent
[eval_policy_wrapper] expert check skipped seed=100637: RuntimeError
[eval_policy_wrapper] exception in beat_block_hammer.setup_demo
Traceback (most recent call last):
  File "/root/data/robot/OpenWAM/benchmarks/robotwin/eval_policy_wrapper.py", line 218, in wrapped
    return method(*args, **kwargs)
  File "/root/data/robot/work/RoboTwin-openwam-verified/envs/beat_block_hammer.py", line 10, in setup_demo
    super()._init_task_env_(**kwags)
  File "/root/data/robot/work/RoboTwin-openwam-verified/envs/_base_task.py", line 90, in _init_task_env_
    self.setup_scene()
  File "/root/data/robot/work/RoboTwin-openwam-verified/envs/_base_task.py", line 210, in setup_scene
    self.renderer = sapien.SapienRenderer()
  File "/root/data/miniconda3/envs/robotwin-openwam/lib/python3.10/site-packages/sapien/wrapper/renderer.py", line 9, in __init__
    super().__init__()
RuntimeError: vk::PhysicalDevice::createDeviceUnique: ErrorExtensionNotPresent
[eval_policy_wrapper] expert check skipped seed=100638: RuntimeError
[eval_policy_wrapper] exception in beat_block_hammer.setup_demo
Traceback (most recent call last):
  File "/root/data/robot/OpenWAM/benchmarks/robotwin/eval_policy_wrapper.py", line 218, in wrapped
    return method(*args, **kwargs)
  File "/root/data/robot/work/RoboTwin-openwam-verified/envs/beat_block_hammer.py", line 10, in setup_demo
    super()._init_task_env_(**kwags)
  File "/root/data/robot/work/RoboTwin-openwam-verified/envs/_base_task.py", line 90, in _init_task_env_
    self.setup_scene()
  File "/root/data/robot/work/RoboTwin-openwam-verified/envs/_base_task.py", line 210, in setup_scene
    self.renderer = sapien.SapienRenderer()
  File "/root/data/miniconda3/envs/robotwin-openwam/lib/python3.10/site-packages/sapien/wrapper/renderer.py", line 9, in __init__
    super().__init__()
RuntimeError: vk::PhysicalDevice::createDeviceUnique: ErrorExtensionNotPresent
[eval_policy_wrapper] expert check skipped seed=100639: RuntimeError
[eval_policy_wrapper] exception in beat_block_hammer.setup_demo
Traceback (most recent call last):
  File "/root/data/robot/OpenWAM/benchmarks/robotwin/eval_policy_wrapper.py", line 218, in wrapped
    return method(*args, **kwargs)
  File "/root/data/robot/work/RoboTwin-openwam-verified/envs/beat_block_hammer.py", line 10, in setup_demo
    super()._init_task_env_(**kwags)
  File "/root/data/robot/work/RoboTwin-openwam-verified/envs/_base_task.py", line 90, in _init_task_env_
    self.setup_scene()
  File "/root/data/robot/work/RoboTwin-openwam-verified/envs/_base_task.py", line 210, in setup_scene
    self.renderer = sapien.SapienRenderer()
  File "/root/data/miniconda3/envs/robotwin-openwam/lib/python3.10/site-packages/sapien/wrapper/renderer.py", line 9, in __init__
    super().__init__()
RuntimeError: vk::PhysicalDevice::createDeviceUnique: ErrorExtensionNotPresent
[eval_policy_wrapper] expert check skipped seed=100640: RuntimeError
[eval_policy_wrapper] exception in beat_block_hammer.setup_demo
Traceback (most recent call last):
  File "/root/data/robot/OpenWAM/benchmarks/robotwin/eval_policy_wrapper.py", line 218, in wrapped
    return method(*args, **kwargs)
  File "/root/data/robot/work/RoboTwin-openwam-verified/envs/beat_block_hammer.py", line 10, in setup_demo
    super()._init_task_env_(**kwags)
  File "/root/data/robot/work/RoboTwin-openwam-verified/envs/_base_task.py", line 90, in _init_task_env_
    self.setup_scene()
  File "/root/data/robot/work/RoboTwin-openwam-verified/envs/_base_task.py", line 210, in setup_scene
    self.renderer = sapien.SapienRenderer()
  File "/root/data/miniconda3/envs/robotwin-openwam/lib/python3.10/site-packages/sapien/wrapper/renderer.py", line 9, in __init__
    super().__init__()
RuntimeError: vk::PhysicalDevice::createDeviceUnique: ErrorExtensionNotPresent
[eval_policy_wrapper] expert check skipped seed=100641: RuntimeError
[eval_policy_wrapper] exception in beat_block_hammer.setup_demo
Traceback (most recent call last):
  File "/root/data/robot/OpenWAM/benchmarks/robotwin/eval_policy_wrapper.py", line 218, in wrapped
    return method(*args, **kwargs)
  File "/root/data/robot/work/RoboTwin-openwam-verified/envs/beat_block_hammer.py", line 10, in setup_demo
    super()._init_task_env_(**kwags)
  File "/root/data/robot/work/RoboTwin-openwam-verified/envs/_base_task.py", line 90, in _init_task_env_
    self.setup_scene()
  File "/root/data/robot/work/RoboTwin-openwam-verified/envs/_base_task.py", line 210, in setup_scene
    self.renderer = sapien.SapienRenderer()
  File "/root/data/miniconda3/envs/robotwin-openwam/lib/python3.10/site-packages/sapien/wrapper/renderer.py", line 9, in __init__
    super().__init__()
RuntimeError: vk::PhysicalDevice::createDeviceUnique: ErrorExtensionNotPresent
[eval_policy_wrapper] expert check skipped seed=100642: RuntimeError
[eval_policy_wrapper] exception in beat_block_hammer.setup_demo
Traceback (most recent call last):
  File "/root/data/robot/OpenWAM/benchmarks/robotwin/eval_policy_wrapper.py", line 218, in wrapped
    return method(*args, **kwargs)
  File "/root/data/robot/work/RoboTwin-openwam-verified/envs/beat_block_hammer.py", line 10, in setup_demo
    super()._init_task_env_(**kwags)
  File "/root/data/robot/work/RoboTwin-openwam-verified/envs/_base_task.py", line 90, in _init_task_env_
    self.setup_scene()
  File "/root/data/robot/work/RoboTwin-openwam-verified/envs/_base_task.py", line 210, in setup_scene
    self.renderer = sapien.SapienRenderer()
  File "/root/data/miniconda3/envs/robotwin-openwam/lib/python3.10/site-packages/sapien/wrapper/renderer.py", line 9, in __init__
    super().__init__()
RuntimeError: vk::PhysicalDevice::createDeviceUnique: ErrorExtensionNotPresent
[eval_policy_wrapper] expert check skipped seed=100643: RuntimeError
[eval_policy_wrapper] exception in beat_block_hammer.setup_demo
Traceback (most recent call last):
  File "/root/data/robot/OpenWAM/benchmarks/robotwin/eval_policy_wrapper.py", line 218, in wrapped
    return method(*args, **kwargs)
  File "/root/data/robot/work/RoboTwin-openwam-verified/envs/beat_block_hammer.py", line 10, in setup_demo
    super()._init_task_env_(**kwags)
  File "/root/data/robot/work/RoboTwin-openwam-verified/envs/_base_task.py", line 90, in _init_task_env_
    self.setup_scene()
  File "/root/data/robot/work/RoboTwin-openwam-verified/envs/_base_task.py", line 210, in setup_scene
    self.renderer = sapien.SapienRenderer()
  File "/root/data/miniconda3/envs/robotwin-openwam/lib/python3.10/site-packages/sapien/wrapper/renderer.py", line 9, in __init__
    super().__init__()
RuntimeError: vk::PhysicalDevice::createDeviceUnique: ErrorExtensionNotPresent
[eval_policy_wrapper] expert check skipped seed=100644: RuntimeError
[eval_policy_wrapper] exception in beat_block_hammer.setup_demo
Traceback (most recent call last):
  File "/root/data/robot/OpenWAM/benchmarks/robotwin/eval_policy_wrapper.py", line 218, in wrapped
    return method(*args, **kwargs)
  File "/root/data/robot/work/RoboTwin-openwam-verified/envs/beat_block_hammer.py", line 10, in setup_demo
    super()._init_task_env_(**kwags)
  File "/root/data/robot/work/RoboTwin-openwam-verified/envs/_base_task.py", line 90, in _init_task_env_
    self.setup_scene()
  File "/root/data/robot/work/RoboTwin-openwam-verified/envs/_base_task.py", line 210, in setup_scene
    self.renderer = sapien.SapienRenderer()
  File "/root/data/miniconda3/envs/robotwin-openwam/lib/python3.10/site-packages/sapien/wrapper/renderer.py", line 9, in __init__
    super().__init__()
RuntimeError: vk::PhysicalDevice::createDeviceUnique: ErrorExtensionNotPresent
[eval_policy_wrapper] expert check skipped seed=100645: RuntimeError
[eval_policy_wrapper] exception in beat_block_hammer.setup_demo
Traceback (most recent call last):
  File "/root/data/robot/OpenWAM/benchmarks/robotwin/eval_policy_wrapper.py", line 218, in wrapped
    return method(*args, **kwargs)
  File "/root/data/robot/work/RoboTwin-openwam-verified/envs/beat_block_hammer.py", line 10, in setup_demo
    super()._init_task_env_(**kwags)
  File "/root/data/robot/work/RoboTwin-openwam-verified/envs/_base_task.py", line 90, in _init_task_env_
    self.setup_scene()
  File "/root/data/robot/work/RoboTwin-openwam-verified/envs/_base_task.py", line 210, in setup_scene
    self.renderer = sapien.SapienRenderer()
  File "/root/data/miniconda3/envs/robotwin-openwam/lib/python3.10/site-packages/sapien/wrapper/renderer.py", line 9, in __init__
    super().__init__()
RuntimeError: vk::PhysicalDevice::createDeviceUnique: ErrorExtensionNotPresent
[eval_policy_wrapper] expert check skipped seed=100646: RuntimeError
[eval_policy_wrapper] exception in beat_block_hammer.setup_demo
Traceback (most recent call last):
  File "/root/data/robot/OpenWAM/benchmarks/robotwin/eval_policy_wrapper.py", line 218, in wrapped
    return method(*args, **kwargs)
  File "/root/data/robot/work/RoboTwin-openwam-verified/envs/beat_block_hammer.py", line 10, in setup_demo
    super()._init_task_env_(**kwags)
  File "/root/data/robot/work/RoboTwin-openwam-verified/envs/_base_task.py", line 90, in _init_task_env_
    self.setup_scene()
  File "/root/data/robot/work/RoboTwin-openwam-verified/envs/_base_task.py", line 210, in setup_scene
    self.renderer = sapien.SapienRenderer()
  File "/root/data/miniconda3/envs/robotwin-openwam/lib/python3.10/site-packages/sapien/wrapper/renderer.py", line 9, in __init__
    super().__init__()
RuntimeError: vk::PhysicalDevice::createDeviceUnique: ErrorExtensionNotPresent
[eval_policy_wrapper] expert check skipped seed=100647: RuntimeError
[eval_policy_wrapper] exception in beat_block_hammer.setup_demo
Traceback (most recent call last):
  File "/root/data/robot/OpenWAM/benchmarks/robotwin/eval_policy_wrapper.py", line 218, in wrapped
    return method(*args, **kwargs)
  File "/root/data/robot/work/RoboTwin-openwam-verified/envs/beat_block_hammer.py", line 10, in setup_demo
    super()._init_task_env_(**kwags)
  File "/root/data/robot/work/RoboTwin-openwam-verified/envs/_base_task.py", line 90, in _init_task_env_
    self.setup_scene()
  File "/root/data/robot/work/RoboTwin-openwam-verified/envs/_base_task.py", line 210, in setup_scene
    self.renderer = sapien.SapienRenderer()
  File "/root/data/miniconda3/envs/robotwin-openwam/lib/python3.10/site-packages/sapien/wrapper/renderer.py", line 9, in __init__
    super().__init__()
RuntimeError: vk::PhysicalDevice::createDeviceUnique: ErrorExtensionNotPresent
[eval_policy_wrapper] expert check skipped seed=100648: RuntimeError
[eval_policy_wrapper] exception in beat_block_hammer.setup_demo
Traceback (most recent call last):
  File "/root/data/robot/OpenWAM/benchmarks/robotwin/eval_policy_wrapper.py", line 218, in wrapped
    return method(*args, **kwargs)
  File "/root/data/robot/work/RoboTwin-openwam-verified/envs/beat_block_hammer.py", line 10, in setup_demo
    super()._init_task_env_(**kwags)
  File "/root/data/robot/work/RoboTwin-openwam-verified/envs/_base_task.py", line 90, in _init_task_env_
    self.setup_scene()
  File "/root/data/robot/work/RoboTwin-openwam-verified/envs/_base_task.py", line 210, in setup_scene
    self.renderer = sapien.SapienRenderer()
  File "/root/data/miniconda3/envs/robotwin-openwam/lib/python3.10/site-packages/sapien/wrapper/renderer.py", line 9, in __init__
    super().__init__()
RuntimeError: vk::PhysicalDevice::createDeviceUnique: ErrorExtensionNotPresent
[eval_policy_wrapper] expert check skipped seed=100649: RuntimeError
[eval_policy_wrapper] exception in beat_block_hammer.setup_demo
Traceback (most recent call last):
  File "/root/data/robot/OpenWAM/benchmarks/robotwin/eval_policy_wrapper.py", line 218, in wrapped
    return method(*args, **kwargs)
  File "/root/data/robot/work/RoboTwin-openwam-verified/envs/beat_block_hammer.py", line 10, in setup_demo
    super()._init_task_env_(**kwags)
  File "/root/data/robot/work/RoboTwin-openwam-verified/envs/_base_task.py", line 90, in _init_task_env_
    self.setup_scene()
  File "/root/data/robot/work/RoboTwin-openwam-verified/envs/_base_task.py", line 210, in setup_scene
    self.renderer = sapien.SapienRenderer()
  File "/root/data/miniconda3/envs/robotwin-openwam/lib/python3.10/site-packages/sapien/wrapper/renderer.py", line 9, in __init__
    super().__init__()
RuntimeError: vk::PhysicalDevice::createDeviceUnique: ErrorExtensionNotPresent
[eval_policy_wrapper] expert check skipped seed=100650: RuntimeError
[eval_policy_wrapper] exception in beat_block_hammer.setup_demo
Traceback (most recent call last):
  File "/root/data/robot/OpenWAM/benchmarks/robotwin/eval_policy_wrapper.py", line 218, in wrapped
    return method(*args, **kwargs)
  File "/root/data/robot/work/RoboTwin-openwam-verified/envs/beat_block_hammer.py", line 10, in setup_demo
    super()._init_task_env_(**kwags)
  File "/root/data/robot/work/RoboTwin-openwam-verified/envs/_base_task.py", line 90, in _init_task_env_
    self.setup_scene()
  File "/root/data/robot/work/RoboTwin-openwam-verified/envs/_base_task.py", line 210, in setup_scene
    self.renderer = sapien.SapienRenderer()
  File "/root/data/miniconda3/envs/robotwin-openwam/lib/python3.10/site-packages/sapien/wrapper/renderer.py", line 9, in __init__
    super().__init__()
RuntimeError: vk::PhysicalDevice::createDeviceUnique: ErrorExtensionNotPresent
[eval_policy_wrapper] expert check skipped seed=100651: RuntimeError
[eval_policy_wrapper] exception in beat_block_hammer.setup_demo
Traceback (most recent call last):
  File "/root/data/robot/OpenWAM/benchmarks/robotwin/eval_policy_wrapper.py", line 218, in wrapped
    return method(*args, **kwargs)
  File "/root/data/robot/work/RoboTwin-openwam-verified/envs/beat_block_hammer.py", line 10, in setup_demo
    super()._init_task_env_(**kwags)
  File "/root/data/robot/work/RoboTwin-openwam-verified/envs/_base_task.py", line 90, in _init_task_env_
    self.setup_scene()
  File "/root/data/robot/work/RoboTwin-openwam-verified/envs/_base_task.py", line 210, in setup_scene
    self.renderer = sapien.SapienRenderer()
  File "/root/data/miniconda3/envs/robotwin-openwam/lib/python3.10/site-packages/sapien/wrapper/renderer.py", line 9, in __init__
    super().__init__()
RuntimeError: vk::PhysicalDevice::createDeviceUnique: ErrorExtensionNotPresent
[eval_policy_wrapper] expert check skipped seed=100652: RuntimeError
[eval_policy_wrapper] exception in beat_block_hammer.setup_demo
Traceback (most recent call last):
  File "/root/data/robot/OpenWAM/benchmarks/robotwin/eval_policy_wrapper.py", line 218, in wrapped
    return method(*args, **kwargs)
  File "/root/data/robot/work/RoboTwin-openwam-verified/envs/beat_block_hammer.py", line 10, in setup_demo
    super()._init_task_env_(**kwags)
  File "/root/data/robot/work/RoboTwin-openwam-verified/envs/_base_task.py", line 90, in _init_task_env_
    self.setup_scene()
  File "/root/data/robot/work/RoboTwin-openwam-verified/envs/_base_task.py", line 210, in setup_scene
    self.renderer = sapien.SapienRenderer()
  File "/root/data/miniconda3/envs/robotwin-openwam/lib/python3.10/site-packages/sapien/wrapper/renderer.py", line 9, in __init__
    super().__init__()
RuntimeError: vk::PhysicalDevice::createDeviceUnique: ErrorExtensionNotPresent
[eval_policy_wrapper] expert check skipped seed=100653: RuntimeError
[eval_policy_wrapper] exception in beat_block_hammer.setup_demo
Traceback (most recent call last):
  File "/root/data/robot/OpenWAM/benchmarks/robotwin/eval_policy_wrapper.py", line 218, in wrapped
    return method(*args, **kwargs)
  File "/root/data/robot/work/RoboTwin-openwam-verified/envs/beat_block_hammer.py", line 10, in setup_demo
    super()._init_task_env_(**kwags)
  File "/root/data/robot/work/RoboTwin-openwam-verified/envs/_base_task.py", line 90, in _init_task_env_
    self.setup_scene()
  File "/root/data/robot/work/RoboTwin-openwam-verified/envs/_base_task.py", line 210, in setup_scene
    self.renderer = sapien.SapienRenderer()
  File "/root/data/miniconda3/envs/robotwin-openwam/lib/python3.10/site-packages/sapien/wrapper/renderer.py", line 9, in __init__
    super().__init__()
RuntimeError: vk::PhysicalDevice::createDeviceUnique: ErrorExtensionNotPresent
[eval_policy_wrapper] expert check skipped seed=100654: RuntimeError
[eval_policy_wrapper] exception in beat_block_hammer.setup_demo
Traceback (most recent call last):
  File "/root/data/robot/OpenWAM/benchmarks/robotwin/eval_policy_wrapper.py", line 218, in wrapped
    return method(*args, **kwargs)
  File "/root/data/robot/work/RoboTwin-openwam-verified/envs/beat_block_hammer.py", line 10, in setup_demo
    super()._init_task_env_(**kwags)
  File "/root/data/robot/work/RoboTwin-openwam-verified/envs/_base_task.py", line 90, in _init_task_env_
    self.setup_scene()
  File "/root/data/robot/work/RoboTwin-openwam-verified/envs/_base_task.py", line 210, in setup_scene
    self.renderer = sapien.SapienRenderer()
  File "/root/data/miniconda3/envs/robotwin-openwam/lib/python3.10/site-packages/sapien/wrapper/renderer.py", line 9, in __init__
    super().__init__()
RuntimeError: vk::PhysicalDevice::createDeviceUnique: ErrorExtensionNotPresent
[eval_policy_wrapper] expert check skipped seed=100655: RuntimeError
[eval_policy_wrapper] exception in beat_block_hammer.setup_demo
Traceback (most recent call last):
  File "/root/data/robot/OpenWAM/benchmarks/robotwin/eval_policy_wrapper.py", line 218, in wrapped
    return method(*args, **kwargs)
  File "/root/data/robot/work/RoboTwin-openwam-verified/envs/beat_block_hammer.py", line 10, in setup_demo
    super()._init_task_env_(**kwags)
  File "/root/data/robot/work/RoboTwin-openwam-verified/envs/_base_task.py", line 90, in _init_task_env_
    self.setup_scene()
  File "/root/data/robot/work/RoboTwin-openwam-verified/envs/_base_task.py", line 210, in setup_scene
    self.renderer = sapien.SapienRenderer()
  File "/root/data/miniconda3/envs/robotwin-openwam/lib/python3.10/site-packages/sapien/wrapper/renderer.py", line 9, in __init__
    super().__init__()
RuntimeError: vk::PhysicalDevice::createDeviceUnique: ErrorExtensionNotPresent
[eval_policy_wrapper] expert check skipped seed=100656: RuntimeError
[eval_policy_wrapper] exception in beat_block_hammer.setup_demo
Traceback (most recent call last):
  File "/root/data/robot/OpenWAM/benchmarks/robotwin/eval_policy_wrapper.py", line 218, in wrapped
    return method(*args, **kwargs)
  File "/root/data/robot/work/RoboTwin-openwam-verified/envs/beat_block_hammer.py", line 10, in setup_demo
    super()._init_task_env_(**kwags)
  File "/root/data/robot/work/RoboTwin-openwam-verified/envs/_base_task.py", line 90, in _init_task_env_
    self.setup_scene()
  File "/root/data/robot/work/RoboTwin-openwam-verified/envs/_base_task.py", line 210, in setup_scene
    self.renderer = sapien.SapienRenderer()
  File "/root/data/miniconda3/envs/robotwin-openwam/lib/python3.10/site-packages/sapien/wrapper/renderer.py", line 9, in __init__
    super().__init__()
RuntimeError: vk::PhysicalDevice::createDeviceUnique: ErrorExtensionNotPresent
[eval_policy_wrapper] expert check skipped seed=100657: RuntimeError
[eval_policy_wrapper] exception in beat_block_hammer.setup_demo
Traceback (most recent call last):
  File "/root/data/robot/OpenWAM/benchmarks/robotwin/eval_policy_wrapper.py", line 218, in wrapped
    return method(*args, **kwargs)
  File "/root/data/robot/work/RoboTwin-openwam-verified/envs/beat_block_hammer.py", line 10, in setup_demo
    super()._init_task_env_(**kwags)
  File "/root/data/robot/work/RoboTwin-openwam-verified/envs/_base_task.py", line 90, in _init_task_env_
    self.setup_scene()
  File "/root/data/robot/work/RoboTwin-openwam-verified/envs/_base_task.py", line 210, in setup_scene
    self.renderer = sapien.SapienRenderer()
  File "/root/data/miniconda3/envs/robotwin-openwam/lib/python3.10/site-packages/sapien/wrapper/renderer.py", line 9, in __init__
    super().__init__()
RuntimeError: vk::PhysicalDevice::createDeviceUnique: ErrorExtensionNotPresent
[eval_policy_wrapper] expert check skipped seed=100658: RuntimeError
[eval_policy_wrapper] exception in beat_block_hammer.setup_demo
Traceback (most recent call last):
  File "/root/data/robot/OpenWAM/benchmarks/robotwin/eval_policy_wrapper.py", line 218, in wrapped
    return method(*args, **kwargs)
  File "/root/data/robot/work/RoboTwin-openwam-verified/envs/beat_block_hammer.py", line 10, in setup_demo
    super()._init_task_env_(**kwags)
  File "/root/data/robot/work/RoboTwin-openwam-verified/envs/_base_task.py", line 90, in _init_task_env_
    self.setup_scene()
  File "/root/data/robot/work/RoboTwin-openwam-verified/envs/_base_task.py", line 210, in setup_scene
    self.renderer = sapien.SapienRenderer()
  File "/root/data/miniconda3/envs/robotwin-openwam/lib/python3.10/site-packages/sapien/wrapper/renderer.py", line 9, in __init__
    super().__init__()
RuntimeError: vk::PhysicalDevice::createDeviceUnique: ErrorExtensionNotPresent
[eval_policy_wrapper] expert check skipped seed=100659: RuntimeError
[eval_policy_wrapper] exception in beat_block_hammer.setup_demo
Traceback (most recent call last):
  File "/root/data/robot/OpenWAM/benchmarks/robotwin/eval_policy_wrapper.py", line 218, in wrapped
    return method(*args, **kwargs)
  File "/root/data/robot/work/RoboTwin-openwam-verified/envs/beat_block_hammer.py", line 10, in setup_demo
    super()._init_task_env_(**kwags)
  File "/root/data/robot/work/RoboTwin-openwam-verified/envs/_base_task.py", line 90, in _init_task_env_
    self.setup_scene()
  File "/root/data/robot/work/RoboTwin-openwam-verified/envs/_base_task.py", line 210, in setup_scene
    self.renderer = sapien.SapienRenderer()
  File "/root/data/miniconda3/envs/robotwin-openwam/lib/python3.10/site-packages/sapien/wrapper/renderer.py", line 9, in __init__
    super().__init__()
RuntimeError: vk::PhysicalDevice::createDeviceUnique: ErrorExtensionNotPresent
[eval_policy_wrapper] expert check skipped seed=100660: RuntimeError
[eval_policy_wrapper] exception in beat_block_hammer.setup_demo
Traceback (most recent call last):
  File "/root/data/robot/OpenWAM/benchmarks/robotwin/eval_policy_wrapper.py", line 218, in wrapped
    return method(*args, **kwargs)
  File "/root/data/robot/work/RoboTwin-openwam-verified/envs/beat_block_hammer.py", line 10, in setup_demo
    super()._init_task_env_(**kwags)
  File "/root/data/robot/work/RoboTwin-openwam-verified/envs/_base_task.py", line 90, in _init_task_env_
    self.setup_scene()
  File "/root/data/robot/work/RoboTwin-openwam-verified/envs/_base_task.py", line 210, in setup_scene
    self.renderer = sapien.SapienRenderer()
  File "/root/data/miniconda3/envs/robotwin-openwam/lib/python3.10/site-packages/sapien/wrapper/renderer.py", line 9, in __init__
    super().__init__()
RuntimeError: vk::PhysicalDevice::createDeviceUnique: ErrorExtensionNotPresent
[eval_policy_wrapper] expert check skipped seed=100661: RuntimeError
[eval_policy_wrapper] exception in beat_block_hammer.setup_demo
Traceback (most recent call last):
  File "/root/data/robot/OpenWAM/benchmarks/robotwin/eval_policy_wrapper.py", line 218, in wrapped
    return method(*args, **kwargs)
  File "/root/data/robot/work/RoboTwin-openwam-verified/envs/beat_block_hammer.py", line 10, in setup_demo
    super()._init_task_env_(**kwags)
  File "/root/data/robot/work/RoboTwin-openwam-verified/envs/_base_task.py", line 90, in _init_task_env_
    self.setup_scene()
  File "/root/data/robot/work/RoboTwin-openwam-verified/envs/_base_task.py", line 210, in setup_scene
    self.renderer = sapien.SapienRenderer()
  File "/root/data/miniconda3/envs/robotwin-openwam/lib/python3.10/site-packages/sapien/wrapper/renderer.py", line 9, in __init__
    super().__init__()
RuntimeError: vk::PhysicalDevice::createDeviceUnique: ErrorExtensionNotPresent
[eval_policy_wrapper] expert check skipped seed=100662: RuntimeError
[eval_policy_wrapper] exception in beat_block_hammer.setup_demo
Traceback (most recent call last):
  File "/root/data/robot/OpenWAM/benchmarks/robotwin/eval_policy_wrapper.py", line 218, in wrapped
    return method(*args, **kwargs)
  File "/root/data/robot/work/RoboTwin-openwam-verified/envs/beat_block_hammer.py", line 10, in setup_demo
    super()._init_task_env_(**kwags)
  File "/root/data/robot/work/RoboTwin-openwam-verified/envs/_base_task.py", line 90, in _init_task_env_
    self.setup_scene()
  File "/root/data/robot/work/RoboTwin-openwam-verified/envs/_base_task.py", line 210, in setup_scene
    self.renderer = sapien.SapienRenderer()
  File "/root/data/miniconda3/envs/robotwin-openwam/lib/python3.10/site-packages/sapien/wrapper/renderer.py", line 9, in __init__
    super().__init__()
RuntimeError: vk::PhysicalDevice::createDeviceUnique: ErrorExtensionNotPresent
[eval_policy_wrapper] expert check skipped seed=100663: RuntimeError
[eval_policy_wrapper] exception in beat_block_hammer.setup_demo
Traceback (most recent call last):
  File "/root/data/robot/OpenWAM/benchmarks/robotwin/eval_policy_wrapper.py", line 218, in wrapped
    return method(*args, **kwargs)
  File "/root/data/robot/work/RoboTwin-openwam-verified/envs/beat_block_hammer.py", line 10, in setup_demo
    super()._init_task_env_(**kwags)
  File "/root/data/robot/work/RoboTwin-openwam-verified/envs/_base_task.py", line 90, in _init_task_env_
    self.setup_scene()
  File "/root/data/robot/work/RoboTwin-openwam-verified/envs/_base_task.py", line 210, in setup_scene
    self.renderer = sapien.SapienRenderer()
  File "/root/data/miniconda3/envs/robotwin-openwam/lib/python3.10/site-packages/sapien/wrapper/renderer.py", line 9, in __init__
    super().__init__()
RuntimeError: vk::PhysicalDevice::createDeviceUnique: ErrorExtensionNotPresent
[eval_policy_wrapper] expert check skipped seed=100664: RuntimeError
[eval_policy_wrapper] exception in beat_block_hammer.setup_demo
Traceback (most recent call last):
  File "/root/data/robot/OpenWAM/benchmarks/robotwin/eval_policy_wrapper.py", line 218, in wrapped
    return method(*args, **kwargs)
  File "/root/data/robot/work/RoboTwin-openwam-verified/envs/beat_block_hammer.py", line 10, in setup_demo
    super()._init_task_env_(**kwags)
  File "/root/data/robot/work/RoboTwin-openwam-verified/envs/_base_task.py", line 90, in _init_task_env_
    self.setup_scene()
  File "/root/data/robot/work/RoboTwin-openwam-verified/envs/_base_task.py", line 210, in setup_scene
    self.renderer = sapien.SapienRenderer()
  File "/root/data/miniconda3/envs/robotwin-openwam/lib/python3.10/site-packages/sapien/wrapper/renderer.py", line 9, in __init__
    super().__init__()
RuntimeError: vk::PhysicalDevice::createDeviceUnique: ErrorExtensionNotPresent
[eval_policy_wrapper] expert check skipped seed=100665: RuntimeError
[eval_policy_wrapper] exception in beat_block_hammer.setup_demo
Traceback (most recent call last):
  File "/root/data/robot/OpenWAM/benchmarks/robotwin/eval_policy_wrapper.py", line 218, in wrapped
    return method(*args, **kwargs)
  File "/root/data/robot/work/RoboTwin-openwam-verified/envs/beat_block_hammer.py", line 10, in setup_demo
    super()._init_task_env_(**kwags)
  File "/root/data/robot/work/RoboTwin-openwam-verified/envs/_base_task.py", line 90, in _init_task_env_
    self.setup_scene()
  File "/root/data/robot/work/RoboTwin-openwam-verified/envs/_base_task.py", line 210, in setup_scene
    self.renderer = sapien.SapienRenderer()
  File "/root/data/miniconda3/envs/robotwin-openwam/lib/python3.10/site-packages/sapien/wrapper/renderer.py", line 9, in __init__
    super().__init__()
RuntimeError: vk::PhysicalDevice::createDeviceUnique: ErrorExtensionNotPresent
[eval_policy_wrapper] expert check skipped seed=100666: RuntimeError
[eval_policy_wrapper] exception in beat_block_hammer.setup_demo
Traceback (most recent call last):
  File "/root/data/robot/OpenWAM/benchmarks/robotwin/eval_policy_wrapper.py", line 218, in wrapped
    return method(*args, **kwargs)
  File "/root/data/robot/work/RoboTwin-openwam-verified/envs/beat_block_hammer.py", line 10, in setup_demo
    super()._init_task_env_(**kwags)
  File "/root/data/robot/work/RoboTwin-openwam-verified/envs/_base_task.py", line 90, in _init_task_env_
    self.setup_scene()
  File "/root/data/robot/work/RoboTwin-openwam-verified/envs/_base_task.py", line 210, in setup_scene
    self.renderer = sapien.SapienRenderer()
  File "/root/data/miniconda3/envs/robotwin-openwam/lib/python3.10/site-packages/sapien/wrapper/renderer.py", line 9, in __init__
    super().__init__()
RuntimeError: vk::PhysicalDevice::createDeviceUnique: ErrorExtensionNotPresent
[eval_policy_wrapper] expert check skipped seed=100667: RuntimeError
[eval_policy_wrapper] exception in beat_block_hammer.setup_demo
Traceback (most recent call last):
  File "/root/data/robot/OpenWAM/benchmarks/robotwin/eval_policy_wrapper.py", line 218, in wrapped
    return method(*args, **kwargs)
  File "/root/data/robot/work/RoboTwin-openwam-verified/envs/beat_block_hammer.py", line 10, in setup_demo
    super()._init_task_env_(**kwags)
  File "/root/data/robot/work/RoboTwin-openwam-verified/envs/_base_task.py", line 90, in _init_task_env_
    self.setup_scene()
  File "/root/data/robot/work/RoboTwin-openwam-verified/envs/_base_task.py", line 210, in setup_scene
    self.renderer = sapien.SapienRenderer()
  File "/root/data/miniconda3/envs/robotwin-openwam/lib/python3.10/site-packages/sapien/wrapper/renderer.py", line 9, in __init__
    super().__init__()
RuntimeError: vk::PhysicalDevice::createDeviceUnique: ErrorExtensionNotPresent
[eval_policy_wrapper] expert check skipped seed=100668: RuntimeError
[eval_policy_wrapper] exception in beat_block_hammer.setup_demo
Traceback (most recent call last):
  File "/root/data/robot/OpenWAM/benchmarks/robotwin/eval_policy_wrapper.py", line 218, in wrapped
    return method(*args, **kwargs)
  File "/root/data/robot/work/RoboTwin-openwam-verified/envs/beat_block_hammer.py", line 10, in setup_demo
    super()._init_task_env_(**kwags)
  File "/root/data/robot/work/RoboTwin-openwam-verified/envs/_base_task.py", line 90, in _init_task_env_
    self.setup_scene()
  File "/root/data/robot/work/RoboTwin-openwam-verified/envs/_base_task.py", line 210, in setup_scene
    self.renderer = sapien.SapienRenderer()
  File "/root/data/miniconda3/envs/robotwin-openwam/lib/python3.10/site-packages/sapien/wrapper/renderer.py", line 9, in __init__
    super().__init__()
RuntimeError: vk::PhysicalDevice::createDeviceUnique: ErrorExtensionNotPresent
[eval_policy_wrapper] expert check skipped seed=100669: RuntimeError
[eval_policy_wrapper] exception in beat_block_hammer.setup_demo
Traceback (most recent call last):
  File "/root/data/robot/OpenWAM/benchmarks/robotwin/eval_policy_wrapper.py", line 218, in wrapped
    return method(*args, **kwargs)
  File "/root/data/robot/work/RoboTwin-openwam-verified/envs/beat_block_hammer.py", line 10, in setup_demo
    super()._init_task_env_(**kwags)
  File "/root/data/robot/work/RoboTwin-openwam-verified/envs/_base_task.py", line 90, in _init_task_env_
    self.setup_scene()
  File "/root/data/robot/work/RoboTwin-openwam-verified/envs/_base_task.py", line 210, in setup_scene
    self.renderer = sapien.SapienRenderer()
  File "/root/data/miniconda3/envs/robotwin-openwam/lib/python3.10/site-packages/sapien/wrapper/renderer.py", line 9, in __init__
    super().__init__()
RuntimeError: vk::PhysicalDevice::createDeviceUnique: ErrorExtensionNotPresent
[eval_policy_wrapper] expert check skipped seed=100670: RuntimeError
[eval_policy_wrapper] exception in beat_block_hammer.setup_demo
Traceback (most recent call last):
  File "/root/data/robot/OpenWAM/benchmarks/robotwin/eval_policy_wrapper.py", line 218, in wrapped
    return method(*args, **kwargs)
  File "/root/data/robot/work/RoboTwin-openwam-verified/envs/beat_block_hammer.py", line 10, in setup_demo
    super()._init_task_env_(**kwags)
  File "/root/data/robot/work/RoboTwin-openwam-verified/envs/_base_task.py", line 90, in _init_task_env_
    self.setup_scene()
  File "/root/data/robot/work/RoboTwin-openwam-verified/envs/_base_task.py", line 210, in setup_scene
    self.renderer = sapien.SapienRenderer()
  File "/root/data/miniconda3/envs/robotwin-openwam/lib/python3.10/site-packages/sapien/wrapper/renderer.py", line 9, in __init__
    super().__init__()
RuntimeError: vk::PhysicalDevice::createDeviceUnique: ErrorExtensionNotPresent
[eval_policy_wrapper] expert check skipped seed=100671: RuntimeError
[eval_policy_wrapper] exception in beat_block_hammer.setup_demo
Traceback (most recent call last):
  File "/root/data/robot/OpenWAM/benchmarks/robotwin/eval_policy_wrapper.py", line 218, in wrapped
    return method(*args, **kwargs)
  File "/root/data/robot/work/RoboTwin-openwam-verified/envs/beat_block_hammer.py", line 10, in setup_demo
    super()._init_task_env_(**kwags)
  File "/root/data/robot/work/RoboTwin-openwam-verified/envs/_base_task.py", line 90, in _init_task_env_
    self.setup_scene()
  File "/root/data/robot/work/RoboTwin-openwam-verified/envs/_base_task.py", line 210, in setup_scene
    self.renderer = sapien.SapienRenderer()
  File "/root/data/miniconda3/envs/robotwin-openwam/lib/python3.10/site-packages/sapien/wrapper/renderer.py", line 9, in __init__
    super().__init__()
RuntimeError: vk::PhysicalDevice::createDeviceUnique: ErrorExtensionNotPresent
[eval_policy_wrapper] expert check skipped seed=100672: RuntimeError
[eval_policy_wrapper] exception in beat_block_hammer.setup_demo
Traceback (most recent call last):
  File "/root/data/robot/OpenWAM/benchmarks/robotwin/eval_policy_wrapper.py", line 218, in wrapped
    return method(*args, **kwargs)
  File "/root/data/robot/work/RoboTwin-openwam-verified/envs/beat_block_hammer.py", line 10, in setup_demo
    super()._init_task_env_(**kwags)
  File "/root/data/robot/work/RoboTwin-openwam-verified/envs/_base_task.py", line 90, in _init_task_env_
    self.setup_scene()
  File "/root/data/robot/work/RoboTwin-openwam-verified/envs/_base_task.py", line 210, in setup_scene
    self.renderer = sapien.SapienRenderer()
  File "/root/data/miniconda3/envs/robotwin-openwam/lib/python3.10/site-packages/sapien/wrapper/renderer.py", line 9, in __init__
    super().__init__()
RuntimeError: vk::PhysicalDevice::createDeviceUnique: ErrorExtensionNotPresent
[eval_policy_wrapper] expert check skipped seed=100673: RuntimeError
[eval_policy_wrapper] exception in beat_block_hammer.setup_demo
Traceback (most recent call last):
  File "/root/data/robot/OpenWAM/benchmarks/robotwin/eval_policy_wrapper.py", line 218, in wrapped
    return method(*args, **kwargs)
  File "/root/data/robot/work/RoboTwin-openwam-verified/envs/beat_block_hammer.py", line 10, in setup_demo
    super()._init_task_env_(**kwags)
  File "/root/data/robot/work/RoboTwin-openwam-verified/envs/_base_task.py", line 90, in _init_task_env_
    self.setup_scene()
  File "/root/data/robot/work/RoboTwin-openwam-verified/envs/_base_task.py", line 210, in setup_scene
    self.renderer = sapien.SapienRenderer()
  File "/root/data/miniconda3/envs/robotwin-openwam/lib/python3.10/site-packages/sapien/wrapper/renderer.py", line 9, in __init__
    super().__init__()
RuntimeError: vk::PhysicalDevice::createDeviceUnique: ErrorExtensionNotPresent
[eval_policy_wrapper] expert check skipped seed=100674: RuntimeError
[eval_policy_wrapper] exception in beat_block_hammer.setup_demo
Traceback (most recent call last):
  File "/root/data/robot/OpenWAM/benchmarks/robotwin/eval_policy_wrapper.py", line 218, in wrapped
    return method(*args, **kwargs)
  File "/root/data/robot/work/RoboTwin-openwam-verified/envs/beat_block_hammer.py", line 10, in setup_demo
    super()._init_task_env_(**kwags)
  File "/root/data/robot/work/RoboTwin-openwam-verified/envs/_base_task.py", line 90, in _init_task_env_
    self.setup_scene()
  File "/root/data/robot/work/RoboTwin-openwam-verified/envs/_base_task.py", line 210, in setup_scene
    self.renderer = sapien.SapienRenderer()
  File "/root/data/miniconda3/envs/robotwin-openwam/lib/python3.10/site-packages/sapien/wrapper/renderer.py", line 9, in __init__
    super().__init__()
RuntimeError: vk::PhysicalDevice::createDeviceUnique: ErrorExtensionNotPresent
[eval_policy_wrapper] expert check skipped seed=100675: RuntimeError
[eval_policy_wrapper] exception in beat_block_hammer.setup_demo
Traceback (most recent call last):
  File "/root/data/robot/OpenWAM/benchmarks/robotwin/eval_policy_wrapper.py", line 218, in wrapped
    return method(*args, **kwargs)
  File "/root/data/robot/work/RoboTwin-openwam-verified/envs/beat_block_hammer.py", line 10, in setup_demo
    super()._init_task_env_(**kwags)
  File "/root/data/robot/work/RoboTwin-openwam-verified/envs/_base_task.py", line 90, in _init_task_env_
    self.setup_scene()
  File "/root/data/robot/work/RoboTwin-openwam-verified/envs/_base_task.py", line 210, in setup_scene
    self.renderer = sapien.SapienRenderer()
  File "/root/data/miniconda3/envs/robotwin-openwam/lib/python3.10/site-packages/sapien/wrapper/renderer.py", line 9, in __init__
    super().__init__()
RuntimeError: vk::PhysicalDevice::createDeviceUnique: ErrorExtensionNotPresent
[eval_policy_wrapper] expert check skipped seed=100676: RuntimeError
[eval_policy_wrapper] exception in beat_block_hammer.setup_demo
Traceback (most recent call last):
  File "/root/data/robot/OpenWAM/benchmarks/robotwin/eval_policy_wrapper.py", line 218, in wrapped
    return method(*args, **kwargs)
  File "/root/data/robot/work/RoboTwin-openwam-verified/envs/beat_block_hammer.py", line 10, in setup_demo
    super()._init_task_env_(**kwags)
  File "/root/data/robot/work/RoboTwin-openwam-verified/envs/_base_task.py", line 90, in _init_task_env_
    self.setup_scene()
  File "/root/data/robot/work/RoboTwin-openwam-verified/envs/_base_task.py", line 210, in setup_scene
    self.renderer = sapien.SapienRenderer()
  File "/root/data/miniconda3/envs/robotwin-openwam/lib/python3.10/site-packages/sapien/wrapper/renderer.py", line 9, in __init__
    super().__init__()
RuntimeError: vk::PhysicalDevice::createDeviceUnique: ErrorExtensionNotPresent
[eval_policy_wrapper] expert check skipped seed=100677: RuntimeError
[eval_policy_wrapper] exception in beat_block_hammer.setup_demo
Traceback (most recent call last):
  File "/root/data/robot/OpenWAM/benchmarks/robotwin/eval_policy_wrapper.py", line 218, in wrapped
    return method(*args, **kwargs)
  File "/root/data/robot/work/RoboTwin-openwam-verified/envs/beat_block_hammer.py", line 10, in setup_demo
    super()._init_task_env_(**kwags)
  File "/root/data/robot/work/RoboTwin-openwam-verified/envs/_base_task.py", line 90, in _init_task_env_
    self.setup_scene()
  File "/root/data/robot/work/RoboTwin-openwam-verified/envs/_base_task.py", line 210, in setup_scene
    self.renderer = sapien.SapienRenderer()
  File "/root/data/miniconda3/envs/robotwin-openwam/lib/python3.10/site-packages/sapien/wrapper/renderer.py", line 9, in __init__
    super().__init__()
RuntimeError: vk::PhysicalDevice::createDeviceUnique: ErrorExtensionNotPresent
[eval_policy_wrapper] expert check skipped seed=100678: RuntimeError
[eval_policy_wrapper] exception in beat_block_hammer.setup_demo
Traceback (most recent call last):
  File "/root/data/robot/OpenWAM/benchmarks/robotwin/eval_policy_wrapper.py", line 218, in wrapped
    return method(*args, **kwargs)
  File "/root/data/robot/work/RoboTwin-openwam-verified/envs/beat_block_hammer.py", line 10, in setup_demo
    super()._init_task_env_(**kwags)
  File "/root/data/robot/work/RoboTwin-openwam-verified/envs/_base_task.py", line 90, in _init_task_env_
    self.setup_scene()
  File "/root/data/robot/work/RoboTwin-openwam-verified/envs/_base_task.py", line 210, in setup_scene
    self.renderer = sapien.SapienRenderer()
  File "/root/data/miniconda3/envs/robotwin-openwam/lib/python3.10/site-packages/sapien/wrapper/renderer.py", line 9, in __init__
    super().__init__()
RuntimeError: vk::PhysicalDevice::createDeviceUnique: ErrorExtensionNotPresent
[eval_policy_wrapper] expert check skipped seed=100679: RuntimeError
[eval_policy_wrapper] exception in beat_block_hammer.setup_demo
Traceback (most recent call last):
  File "/root/data/robot/OpenWAM/benchmarks/robotwin/eval_policy_wrapper.py", line 218, in wrapped
    return method(*args, **kwargs)
  File "/root/data/robot/work/RoboTwin-openwam-verified/envs/beat_block_hammer.py", line 10, in setup_demo
    super()._init_task_env_(**kwags)
  File "/root/data/robot/work/RoboTwin-openwam-verified/envs/_base_task.py", line 90, in _init_task_env_
    self.setup_scene()
  File "/root/data/robot/work/RoboTwin-openwam-verified/envs/_base_task.py", line 210, in setup_scene
    self.renderer = sapien.SapienRenderer()
  File "/root/data/miniconda3/envs/robotwin-openwam/lib/python3.10/site-packages/sapien/wrapper/renderer.py", line 9, in __init__
    super().__init__()
RuntimeError: vk::PhysicalDevice::createDeviceUnique: ErrorExtensionNotPresent
[eval_policy_wrapper] expert check skipped seed=100680: RuntimeError
[eval_policy_wrapper] exception in beat_block_hammer.setup_demo
Traceback (most recent call last):
  File "/root/data/robot/OpenWAM/benchmarks/robotwin/eval_policy_wrapper.py", line 218, in wrapped
    return method(*args, **kwargs)
  File "/root/data/robot/work/RoboTwin-openwam-verified/envs/beat_block_hammer.py", line 10, in setup_demo
    super()._init_task_env_(**kwags)
  File "/root/data/robot/work/RoboTwin-openwam-verified/envs/_base_task.py", line 90, in _init_task_env_
    self.setup_scene()
  File "/root/data/robot/work/RoboTwin-openwam-verified/envs/_base_task.py", line 210, in setup_scene
    self.renderer = sapien.SapienRenderer()
  File "/root/data/miniconda3/envs/robotwin-openwam/lib/python3.10/site-packages/sapien/wrapper/renderer.py", line 9, in __init__
    super().__init__()
RuntimeError: vk::PhysicalDevice::createDeviceUnique: ErrorExtensionNotPresent
[eval_policy_wrapper] expert check skipped seed=100681: RuntimeError
[eval_policy_wrapper] exception in beat_block_hammer.setup_demo
Traceback (most recent call last):
  File "/root/data/robot/OpenWAM/benchmarks/robotwin/eval_policy_wrapper.py", line 218, in wrapped
    return method(*args, **kwargs)
  File "/root/data/robot/work/RoboTwin-openwam-verified/envs/beat_block_hammer.py", line 10, in setup_demo
    super()._init_task_env_(**kwags)
  File "/root/data/robot/work/RoboTwin-openwam-verified/envs/_base_task.py", line 90, in _init_task_env_
    self.setup_scene()
  File "/root/data/robot/work/RoboTwin-openwam-verified/envs/_base_task.py", line 210, in setup_scene
    self.renderer = sapien.SapienRenderer()
  File "/root/data/miniconda3/envs/robotwin-openwam/lib/python3.10/site-packages/sapien/wrapper/renderer.py", line 9, in __init__
    super().__init__()
RuntimeError: vk::PhysicalDevice::createDeviceUnique: ErrorExtensionNotPresent
[eval_policy_wrapper] expert check skipped seed=100682: RuntimeError
[eval_policy_wrapper] exception in beat_block_hammer.setup_demo
Traceback (most recent call last):
  File "/root/data/robot/OpenWAM/benchmarks/robotwin/eval_policy_wrapper.py", line 218, in wrapped
    return method(*args, **kwargs)
  File "/root/data/robot/work/RoboTwin-openwam-verified/envs/beat_block_hammer.py", line 10, in setup_demo
    super()._init_task_env_(**kwags)
  File "/root/data/robot/work/RoboTwin-openwam-verified/envs/_base_task.py", line 90, in _init_task_env_
    self.setup_scene()
  File "/root/data/robot/work/RoboTwin-openwam-verified/envs/_base_task.py", line 210, in setup_scene
    self.renderer = sapien.SapienRenderer()
  File "/root/data/miniconda3/envs/robotwin-openwam/lib/python3.10/site-packages/sapien/wrapper/renderer.py", line 9, in __init__
    super().__init__()
RuntimeError: vk::PhysicalDevice::createDeviceUnique: ErrorExtensionNotPresent
[eval_policy_wrapper] expert check skipped seed=100683: RuntimeError
[eval_policy_wrapper] exception in beat_block_hammer.setup_demo
Traceback (most recent call last):
  File "/root/data/robot/OpenWAM/benchmarks/robotwin/eval_policy_wrapper.py", line 218, in wrapped
    return method(*args, **kwargs)
  File "/root/data/robot/work/RoboTwin-openwam-verified/envs/beat_block_hammer.py", line 10, in setup_demo
    super()._init_task_env_(**kwags)
  File "/root/data/robot/work/RoboTwin-openwam-verified/envs/_base_task.py", line 90, in _init_task_env_
    self.setup_scene()
  File "/root/data/robot/work/RoboTwin-openwam-verified/envs/_base_task.py", line 210, in setup_scene
    self.renderer = sapien.SapienRenderer()
  File "/root/data/miniconda3/envs/robotwin-openwam/lib/python3.10/site-packages/sapien/wrapper/renderer.py", line 9, in __init__
    super().__init__()
RuntimeError: vk::PhysicalDevice::createDeviceUnique: ErrorExtensionNotPresent
[eval_policy_wrapper] expert check skipped seed=100684: RuntimeError
[eval_policy_wrapper] exception in beat_block_hammer.setup_demo
Traceback (most recent call last):
  File "/root/data/robot/OpenWAM/benchmarks/robotwin/eval_policy_wrapper.py", line 218, in wrapped
    return method(*args, **kwargs)
  File "/root/data/robot/work/RoboTwin-openwam-verified/envs/beat_block_hammer.py", line 10, in setup_demo
    super()._init_task_env_(**kwags)
  File "/root/data/robot/work/RoboTwin-openwam-verified/envs/_base_task.py", line 90, in _init_task_env_
    self.setup_scene()
  File "/root/data/robot/work/RoboTwin-openwam-verified/envs/_base_task.py", line 210, in setup_scene
    self.renderer = sapien.SapienRenderer()
  File "/root/data/miniconda3/envs/robotwin-openwam/lib/python3.10/site-packages/sapien/wrapper/renderer.py", line 9, in __init__
    super().__init__()
RuntimeError: vk::PhysicalDevice::createDeviceUnique: ErrorExtensionNotPresent
[eval_policy_wrapper] expert check skipped seed=100685: RuntimeError
[eval_policy_wrapper] exception in beat_block_hammer.setup_demo
Traceback (most recent call last):
  File "/root/data/robot/OpenWAM/benchmarks/robotwin/eval_policy_wrapper.py", line 218, in wrapped
    return method(*args, **kwargs)
  File "/root/data/robot/work/RoboTwin-openwam-verified/envs/beat_block_hammer.py", line 10, in setup_demo
    super()._init_task_env_(**kwags)
  File "/root/data/robot/work/RoboTwin-openwam-verified/envs/_base_task.py", line 90, in _init_task_env_
    self.setup_scene()
  File "/root/data/robot/work/RoboTwin-openwam-verified/envs/_base_task.py", line 210, in setup_scene
    self.renderer = sapien.SapienRenderer()
  File "/root/data/miniconda3/envs/robotwin-openwam/lib/python3.10/site-packages/sapien/wrapper/renderer.py", line 9, in __init__
    super().__init__()
RuntimeError: vk::PhysicalDevice::createDeviceUnique: ErrorExtensionNotPresent
[eval_policy_wrapper] expert check skipped seed=100686: RuntimeError
[eval_policy_wrapper] exception in beat_block_hammer.setup_demo
Traceback (most recent call last):
  File "/root/data/robot/OpenWAM/benchmarks/robotwin/eval_policy_wrapper.py", line 218, in wrapped
    return method(*args, **kwargs)
  File "/root/data/robot/work/RoboTwin-openwam-verified/envs/beat_block_hammer.py", line 10, in setup_demo
    super()._init_task_env_(**kwags)
  File "/root/data/robot/work/RoboTwin-openwam-verified/envs/_base_task.py", line 90, in _init_task_env_
    self.setup_scene()
  File "/root/data/robot/work/RoboTwin-openwam-verified/envs/_base_task.py", line 210, in setup_scene
    self.renderer = sapien.SapienRenderer()
  File "/root/data/miniconda3/envs/robotwin-openwam/lib/python3.10/site-packages/sapien/wrapper/renderer.py", line 9, in __init__
    super().__init__()
RuntimeError: vk::PhysicalDevice::createDeviceUnique: ErrorExtensionNotPresent
[eval_policy_wrapper] expert check skipped seed=100687: RuntimeError
[eval_policy_wrapper] exception in beat_block_hammer.setup_demo
Traceback (most recent call last):
  File "/root/data/robot/OpenWAM/benchmarks/robotwin/eval_policy_wrapper.py", line 218, in wrapped
    return method(*args, **kwargs)
  File "/root/data/robot/work/RoboTwin-openwam-verified/envs/beat_block_hammer.py", line 10, in setup_demo
    super()._init_task_env_(**kwags)
  File "/root/data/robot/work/RoboTwin-openwam-verified/envs/_base_task.py", line 90, in _init_task_env_
    self.setup_scene()
  File "/root/data/robot/work/RoboTwin-openwam-verified/envs/_base_task.py", line 210, in setup_scene
    self.renderer = sapien.SapienRenderer()
  File "/root/data/miniconda3/envs/robotwin-openwam/lib/python3.10/site-packages/sapien/wrapper/renderer.py", line 9, in __init__
    super().__init__()
RuntimeError: vk::PhysicalDevice::createDeviceUnique: ErrorExtensionNotPresent
[eval_policy_wrapper] expert check skipped seed=100688: RuntimeError
[eval_policy_wrapper] exception in beat_block_hammer.setup_demo
Traceback (most recent call last):
  File "/root/data/robot/OpenWAM/benchmarks/robotwin/eval_policy_wrapper.py", line 218, in wrapped
    return method(*args, **kwargs)
  File "/root/data/robot/work/RoboTwin-openwam-verified/envs/beat_block_hammer.py", line 10, in setup_demo
    super()._init_task_env_(**kwags)
  File "/root/data/robot/work/RoboTwin-openwam-verified/envs/_base_task.py", line 90, in _init_task_env_
    self.setup_scene()
  File "/root/data/robot/work/RoboTwin-openwam-verified/envs/_base_task.py", line 210, in setup_scene
    self.renderer = sapien.SapienRenderer()
  File "/root/data/miniconda3/envs/robotwin-openwam/lib/python3.10/site-packages/sapien/wrapper/renderer.py", line 9, in __init__
    super().__init__()
RuntimeError: vk::PhysicalDevice::createDeviceUnique: ErrorExtensionNotPresent
[eval_policy_wrapper] expert check skipped seed=100689: RuntimeError
[eval_policy_wrapper] exception in beat_block_hammer.setup_demo
Traceback (most recent call last):
  File "/root/data/robot/OpenWAM/benchmarks/robotwin/eval_policy_wrapper.py", line 218, in wrapped
    return method(*args, **kwargs)
  File "/root/data/robot/work/RoboTwin-openwam-verified/envs/beat_block_hammer.py", line 10, in setup_demo
    super()._init_task_env_(**kwags)
  File "/root/data/robot/work/RoboTwin-openwam-verified/envs/_base_task.py", line 90, in _init_task_env_
    self.setup_scene()
  File "/root/data/robot/work/RoboTwin-openwam-verified/envs/_base_task.py", line 210, in setup_scene
    self.renderer = sapien.SapienRenderer()
  File "/root/data/miniconda3/envs/robotwin-openwam/lib/python3.10/site-packages/sapien/wrapper/renderer.py", line 9, in __init__
    super().__init__()
RuntimeError: vk::PhysicalDevice::createDeviceUnique: ErrorExtensionNotPresent
[eval_policy_wrapper] expert check skipped seed=100690: RuntimeError
[eval_policy_wrapper] exception in beat_block_hammer.setup_demo
Traceback (most recent call last):
  File "/root/data/robot/OpenWAM/benchmarks/robotwin/eval_policy_wrapper.py", line 218, in wrapped
    return method(*args, **kwargs)
  File "/root/data/robot/work/RoboTwin-openwam-verified/envs/beat_block_hammer.py", line 10, in setup_demo
    super()._init_task_env_(**kwags)
  File "/root/data/robot/work/RoboTwin-openwam-verified/envs/_base_task.py", line 90, in _init_task_env_
    self.setup_scene()
  File "/root/data/robot/work/RoboTwin-openwam-verified/envs/_base_task.py", line 210, in setup_scene
    self.renderer = sapien.SapienRenderer()
  File "/root/data/miniconda3/envs/robotwin-openwam/lib/python3.10/site-packages/sapien/wrapper/renderer.py", line 9, in __init__
    super().__init__()
RuntimeError: vk::PhysicalDevice::createDeviceUnique: ErrorExtensionNotPresent
[eval_policy_wrapper] expert check skipped seed=100691: RuntimeError
[eval_policy_wrapper] exception in beat_block_hammer.setup_demo
Traceback (most recent call last):
  File "/root/data/robot/OpenWAM/benchmarks/robotwin/eval_policy_wrapper.py", line 218, in wrapped
    return method(*args, **kwargs)
  File "/root/data/robot/work/RoboTwin-openwam-verified/envs/beat_block_hammer.py", line 10, in setup_demo
    super()._init_task_env_(**kwags)
  File "/root/data/robot/work/RoboTwin-openwam-verified/envs/_base_task.py", line 90, in _init_task_env_
    self.setup_scene()
  File "/root/data/robot/work/RoboTwin-openwam-verified/envs/_base_task.py", line 210, in setup_scene
    self.renderer = sapien.SapienRenderer()
  File "/root/data/miniconda3/envs/robotwin-openwam/lib/python3.10/site-packages/sapien/wrapper/renderer.py", line 9, in __init__
    super().__init__()
RuntimeError: vk::PhysicalDevice::createDeviceUnique: ErrorExtensionNotPresent
[eval_policy_wrapper] expert check skipped seed=100692: RuntimeError
[eval_policy_wrapper] exception in beat_block_hammer.setup_demo
Traceback (most recent call last):
  File "/root/data/robot/OpenWAM/benchmarks/robotwin/eval_policy_wrapper.py", line 218, in wrapped
    return method(*args, **kwargs)
  File "/root/data/robot/work/RoboTwin-openwam-verified/envs/beat_block_hammer.py", line 10, in setup_demo
    super()._init_task_env_(**kwags)
  File "/root/data/robot/work/RoboTwin-openwam-verified/envs/_base_task.py", line 90, in _init_task_env_
    self.setup_scene()
  File "/root/data/robot/work/RoboTwin-openwam-verified/envs/_base_task.py", line 210, in setup_scene
    self.renderer = sapien.SapienRenderer()
  File "/root/data/miniconda3/envs/robotwin-openwam/lib/python3.10/site-packages/sapien/wrapper/renderer.py", line 9, in __init__
    super().__init__()
RuntimeError: vk::PhysicalDevice::createDeviceUnique: ErrorExtensionNotPresent
[eval_policy_wrapper] expert check skipped seed=100693: RuntimeError
[eval_policy_wrapper] exception in beat_block_hammer.setup_demo
Traceback (most recent call last):
  File "/root/data/robot/OpenWAM/benchmarks/robotwin/eval_policy_wrapper.py", line 218, in wrapped
    return method(*args, **kwargs)
  File "/root/data/robot/work/RoboTwin-openwam-verified/envs/beat_block_hammer.py", line 10, in setup_demo
    super()._init_task_env_(**kwags)
  File "/root/data/robot/work/RoboTwin-openwam-verified/envs/_base_task.py", line 90, in _init_task_env_
    self.setup_scene()
  File "/root/data/robot/work/RoboTwin-openwam-verified/envs/_base_task.py", line 210, in setup_scene
    self.renderer = sapien.SapienRenderer()
  File "/root/data/miniconda3/envs/robotwin-openwam/lib/python3.10/site-packages/sapien/wrapper/renderer.py", line 9, in __init__
    super().__init__()
RuntimeError: vk::PhysicalDevice::createDeviceUnique: ErrorExtensionNotPresent
[eval_policy_wrapper] expert check skipped seed=100694: RuntimeError
[eval_policy_wrapper] exception in beat_block_hammer.setup_demo
Traceback (most recent call last):
  File "/root/data/robot/OpenWAM/benchmarks/robotwin/eval_policy_wrapper.py", line 218, in wrapped
    return method(*args, **kwargs)
  File "/root/data/robot/work/RoboTwin-openwam-verified/envs/beat_block_hammer.py", line 10, in setup_demo
    super()._init_task_env_(**kwags)
  File "/root/data/robot/work/RoboTwin-openwam-verified/envs/_base_task.py", line 90, in _init_task_env_
    self.setup_scene()
  File "/root/data/robot/work/RoboTwin-openwam-verified/envs/_base_task.py", line 210, in setup_scene
    self.renderer = sapien.SapienRenderer()
  File "/root/data/miniconda3/envs/robotwin-openwam/lib/python3.10/site-packages/sapien/wrapper/renderer.py", line 9, in __init__
    super().__init__()
RuntimeError: vk::PhysicalDevice::createDeviceUnique: ErrorExtensionNotPresent
[eval_policy_wrapper] expert check skipped seed=100695: RuntimeError
[eval_policy_wrapper] exception in beat_block_hammer.setup_demo
Traceback (most recent call last):
  File "/root/data/robot/OpenWAM/benchmarks/robotwin/eval_policy_wrapper.py", line 218, in wrapped
    return method(*args, **kwargs)
  File "/root/data/robot/work/RoboTwin-openwam-verified/envs/beat_block_hammer.py", line 10, in setup_demo
    super()._init_task_env_(**kwags)
  File "/root/data/robot/work/RoboTwin-openwam-verified/envs/_base_task.py", line 90, in _init_task_env_
    self.setup_scene()
  File "/root/data/robot/work/RoboTwin-openwam-verified/envs/_base_task.py", line 210, in setup_scene
    self.renderer = sapien.SapienRenderer()
  File "/root/data/miniconda3/envs/robotwin-openwam/lib/python3.10/site-packages/sapien/wrapper/renderer.py", line 9, in __init__
    super().__init__()
RuntimeError: vk::PhysicalDevice::createDeviceUnique: ErrorExtensionNotPresent
[eval_policy_wrapper] expert check skipped seed=100696: RuntimeError
[eval_policy_wrapper] exception in beat_block_hammer.setup_demo
Traceback (most recent call last):
  File "/root/data/robot/OpenWAM/benchmarks/robotwin/eval_policy_wrapper.py", line 218, in wrapped
    return method(*args, **kwargs)
  File "/root/data/robot/work/RoboTwin-openwam-verified/envs/beat_block_hammer.py", line 10, in setup_demo
    super()._init_task_env_(**kwags)
  File "/root/data/robot/work/RoboTwin-openwam-verified/envs/_base_task.py", line 90, in _init_task_env_
    self.setup_scene()
  File "/root/data/robot/work/RoboTwin-openwam-verified/envs/_base_task.py", line 210, in setup_scene
    self.renderer = sapien.SapienRenderer()
  File "/root/data/miniconda3/envs/robotwin-openwam/lib/python3.10/site-packages/sapien/wrapper/renderer.py", line 9, in __init__
    super().__init__()
RuntimeError: vk::PhysicalDevice::createDeviceUnique: ErrorExtensionNotPresent
[eval_policy_wrapper] expert check skipped seed=100697: RuntimeError
[eval_policy_wrapper] exception in beat_block_hammer.setup_demo
Traceback (most recent call last):
  File "/root/data/robot/OpenWAM/benchmarks/robotwin/eval_policy_wrapper.py", line 218, in wrapped
    return method(*args, **kwargs)
  File "/root/data/robot/work/RoboTwin-openwam-verified/envs/beat_block_hammer.py", line 10, in setup_demo
    super()._init_task_env_(**kwags)
  File "/root/data/robot/work/RoboTwin-openwam-verified/envs/_base_task.py", line 90, in _init_task_env_
    self.setup_scene()
  File "/root/data/robot/work/RoboTwin-openwam-verified/envs/_base_task.py", line 210, in setup_scene
    self.renderer = sapien.SapienRenderer()
  File "/root/data/miniconda3/envs/robotwin-openwam/lib/python3.10/site-packages/sapien/wrapper/renderer.py", line 9, in __init__
    super().__init__()
RuntimeError: vk::PhysicalDevice::createDeviceUnique: ErrorExtensionNotPresent
[eval_policy_wrapper] expert check skipped seed=100698: RuntimeError
[eval_policy_wrapper] exception in beat_block_hammer.setup_demo
Traceback (most recent call last):
  File "/root/data/robot/OpenWAM/benchmarks/robotwin/eval_policy_wrapper.py", line 218, in wrapped
    return method(*args, **kwargs)
  File "/root/data/robot/work/RoboTwin-openwam-verified/envs/beat_block_hammer.py", line 10, in setup_demo
    super()._init_task_env_(**kwags)
  File "/root/data/robot/work/RoboTwin-openwam-verified/envs/_base_task.py", line 90, in _init_task_env_
    self.setup_scene()
  File "/root/data/robot/work/RoboTwin-openwam-verified/envs/_base_task.py", line 210, in setup_scene
    self.renderer = sapien.SapienRenderer()
  File "/root/data/miniconda3/envs/robotwin-openwam/lib/python3.10/site-packages/sapien/wrapper/renderer.py", line 9, in __init__
    super().__init__()
RuntimeError: vk::PhysicalDevice::createDeviceUnique: ErrorExtensionNotPresent
[eval_policy_wrapper] expert check skipped seed=100699: RuntimeError
[eval_policy_wrapper] exception in beat_block_hammer.setup_demo
Traceback (most recent call last):
  File "/root/data/robot/OpenWAM/benchmarks/robotwin/eval_policy_wrapper.py", line 218, in wrapped
    return method(*args, **kwargs)
  File "/root/data/robot/work/RoboTwin-openwam-verified/envs/beat_block_hammer.py", line 10, in setup_demo
    super()._init_task_env_(**kwags)
  File "/root/data/robot/work/RoboTwin-openwam-verified/envs/_base_task.py", line 90, in _init_task_env_
    self.setup_scene()
  File "/root/data/robot/work/RoboTwin-openwam-verified/envs/_base_task.py", line 210, in setup_scene
    self.renderer = sapien.SapienRenderer()
  File "/root/data/miniconda3/envs/robotwin-openwam/lib/python3.10/site-packages/sapien/wrapper/renderer.py", line 9, in __init__
    super().__init__()
RuntimeError: vk::PhysicalDevice::createDeviceUnique: ErrorExtensionNotPresent
[eval_policy_wrapper] expert check skipped seed=100700: RuntimeError
[eval_policy_wrapper] exception in beat_block_hammer.setup_demo
Traceback (most recent call last):
  File "/root/data/robot/OpenWAM/benchmarks/robotwin/eval_policy_wrapper.py", line 218, in wrapped
    return method(*args, **kwargs)
  File "/root/data/robot/work/RoboTwin-openwam-verified/envs/beat_block_hammer.py", line 10, in setup_demo
    super()._init_task_env_(**kwags)
  File "/root/data/robot/work/RoboTwin-openwam-verified/envs/_base_task.py", line 90, in _init_task_env_
    self.setup_scene()
  File "/root/data/robot/work/RoboTwin-openwam-verified/envs/_base_task.py", line 210, in setup_scene
    self.renderer = sapien.SapienRenderer()
  File "/root/data/miniconda3/envs/robotwin-openwam/lib/python3.10/site-packages/sapien/wrapper/renderer.py", line 9, in __init__
    super().__init__()
RuntimeError: vk::PhysicalDevice::createDeviceUnique: ErrorExtensionNotPresent
[eval_policy_wrapper] expert check skipped seed=100701: RuntimeError
[eval_policy_wrapper] exception in beat_block_hammer.setup_demo
Traceback (most recent call last):
  File "/root/data/robot/OpenWAM/benchmarks/robotwin/eval_policy_wrapper.py", line 218, in wrapped
    return method(*args, **kwargs)
  File "/root/data/robot/work/RoboTwin-openwam-verified/envs/beat_block_hammer.py", line 10, in setup_demo
    super()._init_task_env_(**kwags)
  File "/root/data/robot/work/RoboTwin-openwam-verified/envs/_base_task.py", line 90, in _init_task_env_
    self.setup_scene()
  File "/root/data/robot/work/RoboTwin-openwam-verified/envs/_base_task.py", line 210, in setup_scene
    self.renderer = sapien.SapienRenderer()
  File "/root/data/miniconda3/envs/robotwin-openwam/lib/python3.10/site-packages/sapien/wrapper/renderer.py", line 9, in __init__
    super().__init__()
RuntimeError: vk::PhysicalDevice::createDeviceUnique: ErrorExtensionNotPresent
[eval_policy_wrapper] expert check skipped seed=100702: RuntimeError
[eval_policy_wrapper] exception in beat_block_hammer.setup_demo
Traceback (most recent call last):
  File "/root/data/robot/OpenWAM/benchmarks/robotwin/eval_policy_wrapper.py", line 218, in wrapped
    return method(*args, **kwargs)
  File "/root/data/robot/work/RoboTwin-openwam-verified/envs/beat_block_hammer.py", line 10, in setup_demo
    super()._init_task_env_(**kwags)
  File "/root/data/robot/work/RoboTwin-openwam-verified/envs/_base_task.py", line 90, in _init_task_env_
    self.setup_scene()
  File "/root/data/robot/work/RoboTwin-openwam-verified/envs/_base_task.py", line 210, in setup_scene
    self.renderer = sapien.SapienRenderer()
  File "/root/data/miniconda3/envs/robotwin-openwam/lib/python3.10/site-packages/sapien/wrapper/renderer.py", line 9, in __init__
    super().__init__()
RuntimeError: vk::PhysicalDevice::createDeviceUnique: ErrorExtensionNotPresent
[eval_policy_wrapper] expert check skipped seed=100703: RuntimeError
[eval_policy_wrapper] exception in beat_block_hammer.setup_demo
Traceback (most recent call last):
  File "/root/data/robot/OpenWAM/benchmarks/robotwin/eval_policy_wrapper.py", line 218, in wrapped
    return method(*args, **kwargs)
  File "/root/data/robot/work/RoboTwin-openwam-verified/envs/beat_block_hammer.py", line 10, in setup_demo
    super()._init_task_env_(**kwags)
  File "/root/data/robot/work/RoboTwin-openwam-verified/envs/_base_task.py", line 90, in _init_task_env_
    self.setup_scene()
  File "/root/data/robot/work/RoboTwin-openwam-verified/envs/_base_task.py", line 210, in setup_scene
    self.renderer = sapien.SapienRenderer()
  File "/root/data/miniconda3/envs/robotwin-openwam/lib/python3.10/site-packages/sapien/wrapper/renderer.py", line 9, in __init__
    super().__init__()
RuntimeError: vk::PhysicalDevice::createDeviceUnique: ErrorExtensionNotPresent
[eval_policy_wrapper] expert check skipped seed=100704: RuntimeError
[eval_policy_wrapper] exception in beat_block_hammer.setup_demo
Traceback (most recent call last):
  File "/root/data/robot/OpenWAM/benchmarks/robotwin/eval_policy_wrapper.py", line 218, in wrapped
    return method(*args, **kwargs)
  File "/root/data/robot/work/RoboTwin-openwam-verified/envs/beat_block_hammer.py", line 10, in setup_demo
    super()._init_task_env_(**kwags)
  File "/root/data/robot/work/RoboTwin-openwam-verified/envs/_base_task.py", line 90, in _init_task_env_
    self.setup_scene()
  File "/root/data/robot/work/RoboTwin-openwam-verified/envs/_base_task.py", line 210, in setup_scene
    self.renderer = sapien.SapienRenderer()
  File "/root/data/miniconda3/envs/robotwin-openwam/lib/python3.10/site-packages/sapien/wrapper/renderer.py", line 9, in __init__
    super().__init__()
RuntimeError: vk::PhysicalDevice::createDeviceUnique: ErrorExtensionNotPresent
[eval_policy_wrapper] expert check skipped seed=100705: RuntimeError
[eval_policy_wrapper] exception in beat_block_hammer.setup_demo
Traceback (most recent call last):
  File "/root/data/robot/OpenWAM/benchmarks/robotwin/eval_policy_wrapper.py", line 218, in wrapped
    return method(*args, **kwargs)
  File "/root/data/robot/work/RoboTwin-openwam-verified/envs/beat_block_hammer.py", line 10, in setup_demo
    super()._init_task_env_(**kwags)
  File "/root/data/robot/work/RoboTwin-openwam-verified/envs/_base_task.py", line 90, in _init_task_env_
    self.setup_scene()
  File "/root/data/robot/work/RoboTwin-openwam-verified/envs/_base_task.py", line 210, in setup_scene
    self.renderer = sapien.SapienRenderer()
  File "/root/data/miniconda3/envs/robotwin-openwam/lib/python3.10/site-packages/sapien/wrapper/renderer.py", line 9, in __init__
    super().__init__()
RuntimeError: vk::PhysicalDevice::createDeviceUnique: ErrorExtensionNotPresent
[eval_policy_wrapper] expert check skipped seed=100706: RuntimeError
[eval_policy_wrapper] exception in beat_block_hammer.setup_demo
Traceback (most recent call last):
  File "/root/data/robot/OpenWAM/benchmarks/robotwin/eval_policy_wrapper.py", line 218, in wrapped
    return method(*args, **kwargs)
  File "/root/data/robot/work/RoboTwin-openwam-verified/envs/beat_block_hammer.py", line 10, in setup_demo
    super()._init_task_env_(**kwags)
  File "/root/data/robot/work/RoboTwin-openwam-verified/envs/_base_task.py", line 90, in _init_task_env_
    self.setup_scene()
  File "/root/data/robot/work/RoboTwin-openwam-verified/envs/_base_task.py", line 210, in setup_scene
    self.renderer = sapien.SapienRenderer()
  File "/root/data/miniconda3/envs/robotwin-openwam/lib/python3.10/site-packages/sapien/wrapper/renderer.py", line 9, in __init__
    super().__init__()
RuntimeError: vk::PhysicalDevice::createDeviceUnique: ErrorExtensionNotPresent
[eval_policy_wrapper] expert check skipped seed=100707: RuntimeError
[eval_policy_wrapper] exception in beat_block_hammer.setup_demo
Traceback (most recent call last):
  File "/root/data/robot/OpenWAM/benchmarks/robotwin/eval_policy_wrapper.py", line 218, in wrapped
    return method(*args, **kwargs)
  File "/root/data/robot/work/RoboTwin-openwam-verified/envs/beat_block_hammer.py", line 10, in setup_demo
    super()._init_task_env_(**kwags)
  File "/root/data/robot/work/RoboTwin-openwam-verified/envs/_base_task.py", line 90, in _init_task_env_
    self.setup_scene()
  File "/root/data/robot/work/RoboTwin-openwam-verified/envs/_base_task.py", line 210, in setup_scene
    self.renderer = sapien.SapienRenderer()
  File "/root/data/miniconda3/envs/robotwin-openwam/lib/python3.10/site-packages/sapien/wrapper/renderer.py", line 9, in __init__
    super().__init__()
RuntimeError: vk::PhysicalDevice::createDeviceUnique: ErrorExtensionNotPresent
[eval_policy_wrapper] expert check skipped seed=100708: RuntimeError
[eval_policy_wrapper] exception in beat_block_hammer.setup_demo
Traceback (most recent call last):
  File "/root/data/robot/OpenWAM/benchmarks/robotwin/eval_policy_wrapper.py", line 218, in wrapped
    return method(*args, **kwargs)
  File "/root/data/robot/work/RoboTwin-openwam-verified/envs/beat_block_hammer.py", line 10, in setup_demo
    super()._init_task_env_(**kwags)
  File "/root/data/robot/work/RoboTwin-openwam-verified/envs/_base_task.py", line 90, in _init_task_env_
    self.setup_scene()
  File "/root/data/robot/work/RoboTwin-openwam-verified/envs/_base_task.py", line 210, in setup_scene
    self.renderer = sapien.SapienRenderer()
  File "/root/data/miniconda3/envs/robotwin-openwam/lib/python3.10/site-packages/sapien/wrapper/renderer.py", line 9, in __init__
    super().__init__()
RuntimeError: vk::PhysicalDevice::createDeviceUnique: ErrorExtensionNotPresent
[eval_policy_wrapper] expert check skipped seed=100709: RuntimeError
[eval_policy_wrapper] exception in beat_block_hammer.setup_demo
Traceback (most recent call last):
  File "/root/data/robot/OpenWAM/benchmarks/robotwin/eval_policy_wrapper.py", line 218, in wrapped
    return method(*args, **kwargs)
  File "/root/data/robot/work/RoboTwin-openwam-verified/envs/beat_block_hammer.py", line 10, in setup_demo
    super()._init_task_env_(**kwags)
  File "/root/data/robot/work/RoboTwin-openwam-verified/envs/_base_task.py", line 90, in _init_task_env_
    self.setup_scene()
  File "/root/data/robot/work/RoboTwin-openwam-verified/envs/_base_task.py", line 210, in setup_scene
    self.renderer = sapien.SapienRenderer()
  File "/root/data/miniconda3/envs/robotwin-openwam/lib/python3.10/site-packages/sapien/wrapper/renderer.py", line 9, in __init__
    super().__init__()
RuntimeError: vk::PhysicalDevice::createDeviceUnique: ErrorExtensionNotPresent
[eval_policy_wrapper] expert check skipped seed=100710: RuntimeError
[eval_policy_wrapper] exception in beat_block_hammer.setup_demo
Traceback (most recent call last):
  File "/root/data/robot/OpenWAM/benchmarks/robotwin/eval_policy_wrapper.py", line 218, in wrapped
    return method(*args, **kwargs)
  File "/root/data/robot/work/RoboTwin-openwam-verified/envs/beat_block_hammer.py", line 10, in setup_demo
    super()._init_task_env_(**kwags)
  File "/root/data/robot/work/RoboTwin-openwam-verified/envs/_base_task.py", line 90, in _init_task_env_
    self.setup_scene()
  File "/root/data/robot/work/RoboTwin-openwam-verified/envs/_base_task.py", line 210, in setup_scene
    self.renderer = sapien.SapienRenderer()
  File "/root/data/miniconda3/envs/robotwin-openwam/lib/python3.10/site-packages/sapien/wrapper/renderer.py", line 9, in __init__
    super().__init__()
RuntimeError: vk::PhysicalDevice::createDeviceUnique: ErrorExtensionNotPresent
[eval_policy_wrapper] expert check skipped seed=100711: RuntimeError
[eval_policy_wrapper] exception in beat_block_hammer.setup_demo
Traceback (most recent call last):
  File "/root/data/robot/OpenWAM/benchmarks/robotwin/eval_policy_wrapper.py", line 218, in wrapped
    return method(*args, **kwargs)
  File "/root/data/robot/work/RoboTwin-openwam-verified/envs/beat_block_hammer.py", line 10, in setup_demo
    super()._init_task_env_(**kwags)
  File "/root/data/robot/work/RoboTwin-openwam-verified/envs/_base_task.py", line 90, in _init_task_env_
    self.setup_scene()
  File "/root/data/robot/work/RoboTwin-openwam-verified/envs/_base_task.py", line 210, in setup_scene
    self.renderer = sapien.SapienRenderer()
  File "/root/data/miniconda3/envs/robotwin-openwam/lib/python3.10/site-packages/sapien/wrapper/renderer.py", line 9, in __init__
    super().__init__()
RuntimeError: vk::PhysicalDevice::createDeviceUnique: ErrorExtensionNotPresent
[eval_policy_wrapper] expert check skipped seed=100712: RuntimeError
[eval_policy_wrapper] exception in beat_block_hammer.setup_demo
Traceback (most recent call last):
  File "/root/data/robot/OpenWAM/benchmarks/robotwin/eval_policy_wrapper.py", line 218, in wrapped
    return method(*args, **kwargs)
  File "/root/data/robot/work/RoboTwin-openwam-verified/envs/beat_block_hammer.py", line 10, in setup_demo
    super()._init_task_env_(**kwags)
  File "/root/data/robot/work/RoboTwin-openwam-verified/envs/_base_task.py", line 90, in _init_task_env_
    self.setup_scene()
  File "/root/data/robot/work/RoboTwin-openwam-verified/envs/_base_task.py", line 210, in setup_scene
    self.renderer = sapien.SapienRenderer()
  File "/root/data/miniconda3/envs/robotwin-openwam/lib/python3.10/site-packages/sapien/wrapper/renderer.py", line 9, in __init__
    super().__init__()
RuntimeError: vk::PhysicalDevice::createDeviceUnique: ErrorExtensionNotPresent
[eval_policy_wrapper] expert check skipped seed=100713: RuntimeError
[eval_policy_wrapper] exception in beat_block_hammer.setup_demo
Traceback (most recent call last):
  File "/root/data/robot/OpenWAM/benchmarks/robotwin/eval_policy_wrapper.py", line 218, in wrapped
    return method(*args, **kwargs)
  File "/root/data/robot/work/RoboTwin-openwam-verified/envs/beat_block_hammer.py", line 10, in setup_demo
    super()._init_task_env_(**kwags)
  File "/root/data/robot/work/RoboTwin-openwam-verified/envs/_base_task.py", line 90, in _init_task_env_
    self.setup_scene()
  File "/root/data/robot/work/RoboTwin-openwam-verified/envs/_base_task.py", line 210, in setup_scene
    self.renderer = sapien.SapienRenderer()
  File "/root/data/miniconda3/envs/robotwin-openwam/lib/python3.10/site-packages/sapien/wrapper/renderer.py", line 9, in __init__
    super().__init__()
RuntimeError: vk::PhysicalDevice::createDeviceUnique: ErrorExtensionNotPresent
[eval_policy_wrapper] expert check skipped seed=100714: RuntimeError
[eval_policy_wrapper] exception in beat_block_hammer.setup_demo
Traceback (most recent call last):
  File "/root/data/robot/OpenWAM/benchmarks/robotwin/eval_policy_wrapper.py", line 218, in wrapped
    return method(*args, **kwargs)
  File "/root/data/robot/work/RoboTwin-openwam-verified/envs/beat_block_hammer.py", line 10, in setup_demo
    super()._init_task_env_(**kwags)
  File "/root/data/robot/work/RoboTwin-openwam-verified/envs/_base_task.py", line 90, in _init_task_env_
    self.setup_scene()
  File "/root/data/robot/work/RoboTwin-openwam-verified/envs/_base_task.py", line 210, in setup_scene
    self.renderer = sapien.SapienRenderer()
  File "/root/data/miniconda3/envs/robotwin-openwam/lib/python3.10/site-packages/sapien/wrapper/renderer.py", line 9, in __init__
    super().__init__()
RuntimeError: vk::PhysicalDevice::createDeviceUnique: ErrorExtensionNotPresent
[eval_policy_wrapper] expert check skipped seed=100715: RuntimeError
[eval_policy_wrapper] exception in beat_block_hammer.setup_demo
Traceback (most recent call last):
  File "/root/data/robot/OpenWAM/benchmarks/robotwin/eval_policy_wrapper.py", line 218, in wrapped
    return method(*args, **kwargs)
  File "/root/data/robot/work/RoboTwin-openwam-verified/envs/beat_block_hammer.py", line 10, in setup_demo
    super()._init_task_env_(**kwags)
  File "/root/data/robot/work/RoboTwin-openwam-verified/envs/_base_task.py", line 90, in _init_task_env_
    self.setup_scene()
  File "/root/data/robot/work/RoboTwin-openwam-verified/envs/_base_task.py", line 210, in setup_scene
    self.renderer = sapien.SapienRenderer()
  File "/root/data/miniconda3/envs/robotwin-openwam/lib/python3.10/site-packages/sapien/wrapper/renderer.py", line 9, in __init__
    super().__init__()
RuntimeError: vk::PhysicalDevice::createDeviceUnique: ErrorExtensionNotPresent
[eval_policy_wrapper] expert check skipped seed=100716: RuntimeError
[eval_policy_wrapper] exception in beat_block_hammer.setup_demo
Traceback (most recent call last):
  File "/root/data/robot/OpenWAM/benchmarks/robotwin/eval_policy_wrapper.py", line 218, in wrapped
    return method(*args, **kwargs)
  File "/root/data/robot/work/RoboTwin-openwam-verified/envs/beat_block_hammer.py", line 10, in setup_demo
    super()._init_task_env_(**kwags)
  File "/root/data/robot/work/RoboTwin-openwam-verified/envs/_base_task.py", line 90, in _init_task_env_
    self.setup_scene()
  File "/root/data/robot/work/RoboTwin-openwam-verified/envs/_base_task.py", line 210, in setup_scene
    self.renderer = sapien.SapienRenderer()
  File "/root/data/miniconda3/envs/robotwin-openwam/lib/python3.10/site-packages/sapien/wrapper/renderer.py", line 9, in __init__
    super().__init__()
RuntimeError: vk::PhysicalDevice::createDeviceUnique: ErrorExtensionNotPresent
[eval_policy_wrapper] expert check skipped seed=100717: RuntimeError
[eval_policy_wrapper] exception in beat_block_hammer.setup_demo
Traceback (most recent call last):
  File "/root/data/robot/OpenWAM/benchmarks/robotwin/eval_policy_wrapper.py", line 218, in wrapped
    return method(*args, **kwargs)
  File "/root/data/robot/work/RoboTwin-openwam-verified/envs/beat_block_hammer.py", line 10, in setup_demo
    super()._init_task_env_(**kwags)
  File "/root/data/robot/work/RoboTwin-openwam-verified/envs/_base_task.py", line 90, in _init_task_env_
    self.setup_scene()
  File "/root/data/robot/work/RoboTwin-openwam-verified/envs/_base_task.py", line 210, in setup_scene
    self.renderer = sapien.SapienRenderer()
  File "/root/data/miniconda3/envs/robotwin-openwam/lib/python3.10/site-packages/sapien/wrapper/renderer.py", line 9, in __init__
    super().__init__()
RuntimeError: vk::PhysicalDevice::createDeviceUnique: ErrorExtensionNotPresent
[eval_policy_wrapper] expert check skipped seed=100718: RuntimeError
[eval_policy_wrapper] exception in beat_block_hammer.setup_demo
Traceback (most recent call last):
  File "/root/data/robot/OpenWAM/benchmarks/robotwin/eval_policy_wrapper.py", line 218, in wrapped
    return method(*args, **kwargs)
  File "/root/data/robot/work/RoboTwin-openwam-verified/envs/beat_block_hammer.py", line 10, in setup_demo
    super()._init_task_env_(**kwags)
  File "/root/data/robot/work/RoboTwin-openwam-verified/envs/_base_task.py", line 90, in _init_task_env_
    self.setup_scene()
  File "/root/data/robot/work/RoboTwin-openwam-verified/envs/_base_task.py", line 210, in setup_scene
    self.renderer = sapien.SapienRenderer()
  File "/root/data/miniconda3/envs/robotwin-openwam/lib/python3.10/site-packages/sapien/wrapper/renderer.py", line 9, in __init__
    super().__init__()
RuntimeError: vk::PhysicalDevice::createDeviceUnique: ErrorExtensionNotPresent
[eval_policy_wrapper] expert check skipped seed=100719: RuntimeError
[eval_policy_wrapper] exception in beat_block_hammer.setup_demo
Traceback (most recent call last):
  File "/root/data/robot/OpenWAM/benchmarks/robotwin/eval_policy_wrapper.py", line 218, in wrapped
    return method(*args, **kwargs)
  File "/root/data/robot/work/RoboTwin-openwam-verified/envs/beat_block_hammer.py", line 10, in setup_demo
    super()._init_task_env_(**kwags)
  File "/root/data/robot/work/RoboTwin-openwam-verified/envs/_base_task.py", line 90, in _init_task_env_
    self.setup_scene()
  File "/root/data/robot/work/RoboTwin-openwam-verified/envs/_base_task.py", line 210, in setup_scene
    self.renderer = sapien.SapienRenderer()
  File "/root/data/miniconda3/envs/robotwin-openwam/lib/python3.10/site-packages/sapien/wrapper/renderer.py", line 9, in __init__
    super().__init__()
RuntimeError: vk::PhysicalDevice::createDeviceUnique: ErrorExtensionNotPresent
[eval_policy_wrapper] expert check skipped seed=100720: RuntimeError
[eval_policy_wrapper] exception in beat_block_hammer.setup_demo
Traceback (most recent call last):
  File "/root/data/robot/OpenWAM/benchmarks/robotwin/eval_policy_wrapper.py", line 218, in wrapped
    return method(*args, **kwargs)
  File "/root/data/robot/work/RoboTwin-openwam-verified/envs/beat_block_hammer.py", line 10, in setup_demo
    super()._init_task_env_(**kwags)
  File "/root/data/robot/work/RoboTwin-openwam-verified/envs/_base_task.py", line 90, in _init_task_env_
    self.setup_scene()
  File "/root/data/robot/work/RoboTwin-openwam-verified/envs/_base_task.py", line 210, in setup_scene
    self.renderer = sapien.SapienRenderer()
  File "/root/data/miniconda3/envs/robotwin-openwam/lib/python3.10/site-packages/sapien/wrapper/renderer.py", line 9, in __init__
    super().__init__()
RuntimeError: vk::PhysicalDevice::createDeviceUnique: ErrorExtensionNotPresent
[eval_policy_wrapper] expert check skipped seed=100721: RuntimeError
[eval_policy_wrapper] exception in beat_block_hammer.setup_demo
Traceback (most recent call last):
  File "/root/data/robot/OpenWAM/benchmarks/robotwin/eval_policy_wrapper.py", line 218, in wrapped
    return method(*args, **kwargs)
  File "/root/data/robot/work/RoboTwin-openwam-verified/envs/beat_block_hammer.py", line 10, in setup_demo
    super()._init_task_env_(**kwags)
  File "/root/data/robot/work/RoboTwin-openwam-verified/envs/_base_task.py", line 90, in _init_task_env_
    self.setup_scene()
  File "/root/data/robot/work/RoboTwin-openwam-verified/envs/_base_task.py", line 210, in setup_scene
    self.renderer = sapien.SapienRenderer()
  File "/root/data/miniconda3/envs/robotwin-openwam/lib/python3.10/site-packages/sapien/wrapper/renderer.py", line 9, in __init__
    super().__init__()
RuntimeError: vk::PhysicalDevice::createDeviceUnique: ErrorExtensionNotPresent
[eval_policy_wrapper] expert check skipped seed=100722: RuntimeError
[eval_policy_wrapper] exception in beat_block_hammer.setup_demo
Traceback (most recent call last):
  File "/root/data/robot/OpenWAM/benchmarks/robotwin/eval_policy_wrapper.py", line 218, in wrapped
    return method(*args, **kwargs)
  File "/root/data/robot/work/RoboTwin-openwam-verified/envs/beat_block_hammer.py", line 10, in setup_demo
    super()._init_task_env_(**kwags)
  File "/root/data/robot/work/RoboTwin-openwam-verified/envs/_base_task.py", line 90, in _init_task_env_
    self.setup_scene()
  File "/root/data/robot/work/RoboTwin-openwam-verified/envs/_base_task.py", line 210, in setup_scene
    self.renderer = sapien.SapienRenderer()
  File "/root/data/miniconda3/envs/robotwin-openwam/lib/python3.10/site-packages/sapien/wrapper/renderer.py", line 9, in __init__
    super().__init__()
RuntimeError: vk::PhysicalDevice::createDeviceUnique: ErrorExtensionNotPresent
[eval_policy_wrapper] expert check skipped seed=100723: RuntimeError
[eval_policy_wrapper] exception in beat_block_hammer.setup_demo
Traceback (most recent call last):
  File "/root/data/robot/OpenWAM/benchmarks/robotwin/eval_policy_wrapper.py", line 218, in wrapped
    return method(*args, **kwargs)
  File "/root/data/robot/work/RoboTwin-openwam-verified/envs/beat_block_hammer.py", line 10, in setup_demo
    super()._init_task_env_(**kwags)
  File "/root/data/robot/work/RoboTwin-openwam-verified/envs/_base_task.py", line 90, in _init_task_env_
    self.setup_scene()
  File "/root/data/robot/work/RoboTwin-openwam-verified/envs/_base_task.py", line 210, in setup_scene
    self.renderer = sapien.SapienRenderer()
  File "/root/data/miniconda3/envs/robotwin-openwam/lib/python3.10/site-packages/sapien/wrapper/renderer.py", line 9, in __init__
    super().__init__()
RuntimeError: vk::PhysicalDevice::createDeviceUnique: ErrorExtensionNotPresent
[eval_policy_wrapper] expert check skipped seed=100724: RuntimeError
[eval_policy_wrapper] exception in beat_block_hammer.setup_demo
Traceback (most recent call last):
  File "/root/data/robot/OpenWAM/benchmarks/robotwin/eval_policy_wrapper.py", line 218, in wrapped
    return method(*args, **kwargs)
  File "/root/data/robot/work/RoboTwin-openwam-verified/envs/beat_block_hammer.py", line 10, in setup_demo
    super()._init_task_env_(**kwags)
  File "/root/data/robot/work/RoboTwin-openwam-verified/envs/_base_task.py", line 90, in _init_task_env_
    self.setup_scene()
  File "/root/data/robot/work/RoboTwin-openwam-verified/envs/_base_task.py", line 210, in setup_scene
    self.renderer = sapien.SapienRenderer()
  File "/root/data/miniconda3/envs/robotwin-openwam/lib/python3.10/site-packages/sapien/wrapper/renderer.py", line 9, in __init__
    super().__init__()
RuntimeError: vk::PhysicalDevice::createDeviceUnique: ErrorExtensionNotPresent
[eval_policy_wrapper] expert check skipped seed=100725: RuntimeError
[eval_policy_wrapper] exception in beat_block_hammer.setup_demo
Traceback (most recent call last):
  File "/root/data/robot/OpenWAM/benchmarks/robotwin/eval_policy_wrapper.py", line 218, in wrapped
    return method(*args, **kwargs)
  File "/root/data/robot/work/RoboTwin-openwam-verified/envs/beat_block_hammer.py", line 10, in setup_demo
    super()._init_task_env_(**kwags)
  File "/root/data/robot/work/RoboTwin-openwam-verified/envs/_base_task.py", line 90, in _init_task_env_
    self.setup_scene()
  File "/root/data/robot/work/RoboTwin-openwam-verified/envs/_base_task.py", line 210, in setup_scene
    self.renderer = sapien.SapienRenderer()
  File "/root/data/miniconda3/envs/robotwin-openwam/lib/python3.10/site-packages/sapien/wrapper/renderer.py", line 9, in __init__
    super().__init__()
RuntimeError: vk::PhysicalDevice::createDeviceUnique: ErrorExtensionNotPresent
[eval_policy_wrapper] expert check skipped seed=100726: RuntimeError
[eval_policy_wrapper] exception in beat_block_hammer.setup_demo
Traceback (most recent call last):
  File "/root/data/robot/OpenWAM/benchmarks/robotwin/eval_policy_wrapper.py", line 218, in wrapped
    return method(*args, **kwargs)
  File "/root/data/robot/work/RoboTwin-openwam-verified/envs/beat_block_hammer.py", line 10, in setup_demo
    super()._init_task_env_(**kwags)
  File "/root/data/robot/work/RoboTwin-openwam-verified/envs/_base_task.py", line 90, in _init_task_env_
    self.setup_scene()
  File "/root/data/robot/work/RoboTwin-openwam-verified/envs/_base_task.py", line 210, in setup_scene
    self.renderer = sapien.SapienRenderer()
  File "/root/data/miniconda3/envs/robotwin-openwam/lib/python3.10/site-packages/sapien/wrapper/renderer.py", line 9, in __init__
    super().__init__()
RuntimeError: vk::PhysicalDevice::createDeviceUnique: ErrorExtensionNotPresent
[eval_policy_wrapper] expert check skipped seed=100727: RuntimeError
[eval_policy_wrapper] exception in beat_block_hammer.setup_demo
Traceback (most recent call last):
  File "/root/data/robot/OpenWAM/benchmarks/robotwin/eval_policy_wrapper.py", line 218, in wrapped
    return method(*args, **kwargs)
  File "/root/data/robot/work/RoboTwin-openwam-verified/envs/beat_block_hammer.py", line 10, in setup_demo
    super()._init_task_env_(**kwags)
  File "/root/data/robot/work/RoboTwin-openwam-verified/envs/_base_task.py", line 90, in _init_task_env_
    self.setup_scene()
  File "/root/data/robot/work/RoboTwin-openwam-verified/envs/_base_task.py", line 210, in setup_scene
    self.renderer = sapien.SapienRenderer()
  File "/root/data/miniconda3/envs/robotwin-openwam/lib/python3.10/site-packages/sapien/wrapper/renderer.py", line 9, in __init__
    super().__init__()
RuntimeError: vk::PhysicalDevice::createDeviceUnique: ErrorExtensionNotPresent
[eval_policy_wrapper] expert check skipped seed=100728: RuntimeError
[eval_policy_wrapper] exception in beat_block_hammer.setup_demo
Traceback (most recent call last):
  File "/root/data/robot/OpenWAM/benchmarks/robotwin/eval_policy_wrapper.py", line 218, in wrapped
    return method(*args, **kwargs)
  File "/root/data/robot/work/RoboTwin-openwam-verified/envs/beat_block_hammer.py", line 10, in setup_demo
    super()._init_task_env_(**kwags)
  File "/root/data/robot/work/RoboTwin-openwam-verified/envs/_base_task.py", line 90, in _init_task_env_
    self.setup_scene()
  File "/root/data/robot/work/RoboTwin-openwam-verified/envs/_base_task.py", line 210, in setup_scene
    self.renderer = sapien.SapienRenderer()
  File "/root/data/miniconda3/envs/robotwin-openwam/lib/python3.10/site-packages/sapien/wrapper/renderer.py", line 9, in __init__
    super().__init__()
RuntimeError: vk::PhysicalDevice::createDeviceUnique: ErrorExtensionNotPresent
[eval_policy_wrapper] expert check skipped seed=100729: RuntimeError
[eval_policy_wrapper] exception in beat_block_hammer.setup_demo
Traceback (most recent call last):
  File "/root/data/robot/OpenWAM/benchmarks/robotwin/eval_policy_wrapper.py", line 218, in wrapped
    return method(*args, **kwargs)
  File "/root/data/robot/work/RoboTwin-openwam-verified/envs/beat_block_hammer.py", line 10, in setup_demo
    super()._init_task_env_(**kwags)
  File "/root/data/robot/work/RoboTwin-openwam-verified/envs/_base_task.py", line 90, in _init_task_env_
    self.setup_scene()
  File "/root/data/robot/work/RoboTwin-openwam-verified/envs/_base_task.py", line 210, in setup_scene
    self.renderer = sapien.SapienRenderer()
  File "/root/data/miniconda3/envs/robotwin-openwam/lib/python3.10/site-packages/sapien/wrapper/renderer.py", line 9, in __init__
    super().__init__()
RuntimeError: vk::PhysicalDevice::createDeviceUnique: ErrorExtensionNotPresent
[eval_policy_wrapper] expert check skipped seed=100730: RuntimeError
[eval_policy_wrapper] exception in beat_block_hammer.setup_demo
Traceback (most recent call last):
  File "/root/data/robot/OpenWAM/benchmarks/robotwin/eval_policy_wrapper.py", line 218, in wrapped
    return method(*args, **kwargs)
  File "/root/data/robot/work/RoboTwin-openwam-verified/envs/beat_block_hammer.py", line 10, in setup_demo
    super()._init_task_env_(**kwags)
  File "/root/data/robot/work/RoboTwin-openwam-verified/envs/_base_task.py", line 90, in _init_task_env_
    self.setup_scene()
  File "/root/data/robot/work/RoboTwin-openwam-verified/envs/_base_task.py", line 210, in setup_scene
    self.renderer = sapien.SapienRenderer()
  File "/root/data/miniconda3/envs/robotwin-openwam/lib/python3.10/site-packages/sapien/wrapper/renderer.py", line 9, in __init__
    super().__init__()
RuntimeError: vk::PhysicalDevice::createDeviceUnique: ErrorExtensionNotPresent
[eval_policy_wrapper] expert check skipped seed=100731: RuntimeError
[eval_policy_wrapper] exception in beat_block_hammer.setup_demo
Traceback (most recent call last):
  File "/root/data/robot/OpenWAM/benchmarks/robotwin/eval_policy_wrapper.py", line 218, in wrapped
    return method(*args, **kwargs)
  File "/root/data/robot/work/RoboTwin-openwam-verified/envs/beat_block_hammer.py", line 10, in setup_demo
    super()._init_task_env_(**kwags)
  File "/root/data/robot/work/RoboTwin-openwam-verified/envs/_base_task.py", line 90, in _init_task_env_
    self.setup_scene()
  File "/root/data/robot/work/RoboTwin-openwam-verified/envs/_base_task.py", line 210, in setup_scene
    self.renderer = sapien.SapienRenderer()
  File "/root/data/miniconda3/envs/robotwin-openwam/lib/python3.10/site-packages/sapien/wrapper/renderer.py", line 9, in __init__
    super().__init__()
RuntimeError: vk::PhysicalDevice::createDeviceUnique: ErrorExtensionNotPresent
[eval_policy_wrapper] expert check skipped seed=100732: RuntimeError
[eval_policy_wrapper] exception in beat_block_hammer.setup_demo
Traceback (most recent call last):
  File "/root/data/robot/OpenWAM/benchmarks/robotwin/eval_policy_wrapper.py", line 218, in wrapped
    return method(*args, **kwargs)
  File "/root/data/robot/work/RoboTwin-openwam-verified/envs/beat_block_hammer.py", line 10, in setup_demo
    super()._init_task_env_(**kwags)
  File "/root/data/robot/work/RoboTwin-openwam-verified/envs/_base_task.py", line 90, in _init_task_env_
    self.setup_scene()
  File "/root/data/robot/work/RoboTwin-openwam-verified/envs/_base_task.py", line 210, in setup_scene
    self.renderer = sapien.SapienRenderer()
  File "/root/data/miniconda3/envs/robotwin-openwam/lib/python3.10/site-packages/sapien/wrapper/renderer.py", line 9, in __init__
    super().__init__()
RuntimeError: vk::PhysicalDevice::createDeviceUnique: ErrorExtensionNotPresent
[eval_policy_wrapper] expert check skipped seed=100733: RuntimeError
[eval_policy_wrapper] exception in beat_block_hammer.setup_demo
Traceback (most recent call last):
  File "/root/data/robot/OpenWAM/benchmarks/robotwin/eval_policy_wrapper.py", line 218, in wrapped
    return method(*args, **kwargs)
  File "/root/data/robot/work/RoboTwin-openwam-verified/envs/beat_block_hammer.py", line 10, in setup_demo
    super()._init_task_env_(**kwags)
  File "/root/data/robot/work/RoboTwin-openwam-verified/envs/_base_task.py", line 90, in _init_task_env_
    self.setup_scene()
  File "/root/data/robot/work/RoboTwin-openwam-verified/envs/_base_task.py", line 210, in setup_scene
    self.renderer = sapien.SapienRenderer()
  File "/root/data/miniconda3/envs/robotwin-openwam/lib/python3.10/site-packages/sapien/wrapper/renderer.py", line 9, in __init__
    super().__init__()
RuntimeError: vk::PhysicalDevice::createDeviceUnique: ErrorExtensionNotPresent
[eval_policy_wrapper] expert check skipped seed=100734: RuntimeError
[eval_policy_wrapper] exception in beat_block_hammer.setup_demo
Traceback (most recent call last):
  File "/root/data/robot/OpenWAM/benchmarks/robotwin/eval_policy_wrapper.py", line 218, in wrapped
    return method(*args, **kwargs)
  File "/root/data/robot/work/RoboTwin-openwam-verified/envs/beat_block_hammer.py", line 10, in setup_demo
    super()._init_task_env_(**kwags)
  File "/root/data/robot/work/RoboTwin-openwam-verified/envs/_base_task.py", line 90, in _init_task_env_
    self.setup_scene()
  File "/root/data/robot/work/RoboTwin-openwam-verified/envs/_base_task.py", line 210, in setup_scene
    self.renderer = sapien.SapienRenderer()
  File "/root/data/miniconda3/envs/robotwin-openwam/lib/python3.10/site-packages/sapien/wrapper/renderer.py", line 9, in __init__
    super().__init__()
RuntimeError: vk::PhysicalDevice::createDeviceUnique: ErrorExtensionNotPresent
[eval_policy_wrapper] expert check skipped seed=100735: RuntimeError
[eval_policy_wrapper] exception in beat_block_hammer.setup_demo
Traceback (most recent call last):
  File "/root/data/robot/OpenWAM/benchmarks/robotwin/eval_policy_wrapper.py", line 218, in wrapped
    return method(*args, **kwargs)
  File "/root/data/robot/work/RoboTwin-openwam-verified/envs/beat_block_hammer.py", line 10, in setup_demo
    super()._init_task_env_(**kwags)
  File "/root/data/robot/work/RoboTwin-openwam-verified/envs/_base_task.py", line 90, in _init_task_env_
    self.setup_scene()
  File "/root/data/robot/work/RoboTwin-openwam-verified/envs/_base_task.py", line 210, in setup_scene
    self.renderer = sapien.SapienRenderer()
  File "/root/data/miniconda3/envs/robotwin-openwam/lib/python3.10/site-packages/sapien/wrapper/renderer.py", line 9, in __init__
    super().__init__()
RuntimeError: vk::PhysicalDevice::createDeviceUnique: ErrorExtensionNotPresent
[eval_policy_wrapper] expert check skipped seed=100736: RuntimeError
[eval_policy_wrapper] exception in beat_block_hammer.setup_demo
Traceback (most recent call last):
  File "/root/data/robot/OpenWAM/benchmarks/robotwin/eval_policy_wrapper.py", line 218, in wrapped
    return method(*args, **kwargs)
  File "/root/data/robot/work/RoboTwin-openwam-verified/envs/beat_block_hammer.py", line 10, in setup_demo
    super()._init_task_env_(**kwags)
  File "/root/data/robot/work/RoboTwin-openwam-verified/envs/_base_task.py", line 90, in _init_task_env_
    self.setup_scene()
  File "/root/data/robot/work/RoboTwin-openwam-verified/envs/_base_task.py", line 210, in setup_scene
    self.renderer = sapien.SapienRenderer()
  File "/root/data/miniconda3/envs/robotwin-openwam/lib/python3.10/site-packages/sapien/wrapper/renderer.py", line 9, in __init__
    super().__init__()
RuntimeError: vk::PhysicalDevice::createDeviceUnique: ErrorExtensionNotPresent
[eval_policy_wrapper] expert check skipped seed=100737: RuntimeError
[eval_policy_wrapper] exception in beat_block_hammer.setup_demo
Traceback (most recent call last):
  File "/root/data/robot/OpenWAM/benchmarks/robotwin/eval_policy_wrapper.py", line 218, in wrapped
    return method(*args, **kwargs)
  File "/root/data/robot/work/RoboTwin-openwam-verified/envs/beat_block_hammer.py", line 10, in setup_demo
    super()._init_task_env_(**kwags)
  File "/root/data/robot/work/RoboTwin-openwam-verified/envs/_base_task.py", line 90, in _init_task_env_
    self.setup_scene()
  File "/root/data/robot/work/RoboTwin-openwam-verified/envs/_base_task.py", line 210, in setup_scene
    self.renderer = sapien.SapienRenderer()
  File "/root/data/miniconda3/envs/robotwin-openwam/lib/python3.10/site-packages/sapien/wrapper/renderer.py", line 9, in __init__
    super().__init__()
RuntimeError: vk::PhysicalDevice::createDeviceUnique: ErrorExtensionNotPresent
[eval_policy_wrapper] expert check skipped seed=100738: RuntimeError
[eval_policy_wrapper] exception in beat_block_hammer.setup_demo
Traceback (most recent call last):
  File "/root/data/robot/OpenWAM/benchmarks/robotwin/eval_policy_wrapper.py", line 218, in wrapped
    return method(*args, **kwargs)
  File "/root/data/robot/work/RoboTwin-openwam-verified/envs/beat_block_hammer.py", line 10, in setup_demo
    super()._init_task_env_(**kwags)
  File "/root/data/robot/work/RoboTwin-openwam-verified/envs/_base_task.py", line 90, in _init_task_env_
    self.setup_scene()
  File "/root/data/robot/work/RoboTwin-openwam-verified/envs/_base_task.py", line 210, in setup_scene
    self.renderer = sapien.SapienRenderer()
  File "/root/data/miniconda3/envs/robotwin-openwam/lib/python3.10/site-packages/sapien/wrapper/renderer.py", line 9, in __init__
    super().__init__()
RuntimeError: vk::PhysicalDevice::createDeviceUnique: ErrorExtensionNotPresent
[eval_policy_wrapper] expert check skipped seed=100739: RuntimeError
[eval_policy_wrapper] exception in beat_block_hammer.setup_demo
Traceback (most recent call last):
  File "/root/data/robot/OpenWAM/benchmarks/robotwin/eval_policy_wrapper.py", line 218, in wrapped
    return method(*args, **kwargs)
  File "/root/data/robot/work/RoboTwin-openwam-verified/envs/beat_block_hammer.py", line 10, in setup_demo
    super()._init_task_env_(**kwags)
  File "/root/data/robot/work/RoboTwin-openwam-verified/envs/_base_task.py", line 90, in _init_task_env_
    self.setup_scene()
  File "/root/data/robot/work/RoboTwin-openwam-verified/envs/_base_task.py", line 210, in setup_scene
    self.renderer = sapien.SapienRenderer()
  File "/root/data/miniconda3/envs/robotwin-openwam/lib/python3.10/site-packages/sapien/wrapper/renderer.py", line 9, in __init__
    super().__init__()
RuntimeError: vk::PhysicalDevice::createDeviceUnique: ErrorExtensionNotPresent
[eval_policy_wrapper] expert check skipped seed=100740: RuntimeError
[eval_policy_wrapper] exception in beat_block_hammer.setup_demo
Traceback (most recent call last):
  File "/root/data/robot/OpenWAM/benchmarks/robotwin/eval_policy_wrapper.py", line 218, in wrapped
    return method(*args, **kwargs)
  File "/root/data/robot/work/RoboTwin-openwam-verified/envs/beat_block_hammer.py", line 10, in setup_demo
    super()._init_task_env_(**kwags)
  File "/root/data/robot/work/RoboTwin-openwam-verified/envs/_base_task.py", line 90, in _init_task_env_
    self.setup_scene()
  File "/root/data/robot/work/RoboTwin-openwam-verified/envs/_base_task.py", line 210, in setup_scene
    self.renderer = sapien.SapienRenderer()
  File "/root/data/miniconda3/envs/robotwin-openwam/lib/python3.10/site-packages/sapien/wrapper/renderer.py", line 9, in __init__
    super().__init__()
RuntimeError: vk::PhysicalDevice::createDeviceUnique: ErrorExtensionNotPresent
[eval_policy_wrapper] expert check skipped seed=100741: RuntimeError
[eval_policy_wrapper] exception in beat_block_hammer.setup_demo
Traceback (most recent call last):
  File "/root/data/robot/OpenWAM/benchmarks/robotwin/eval_policy_wrapper.py", line 218, in wrapped
    return method(*args, **kwargs)
  File "/root/data/robot/work/RoboTwin-openwam-verified/envs/beat_block_hammer.py", line 10, in setup_demo
    super()._init_task_env_(**kwags)
  File "/root/data/robot/work/RoboTwin-openwam-verified/envs/_base_task.py", line 90, in _init_task_env_
    self.setup_scene()
  File "/root/data/robot/work/RoboTwin-openwam-verified/envs/_base_task.py", line 210, in setup_scene
    self.renderer = sapien.SapienRenderer()
  File "/root/data/miniconda3/envs/robotwin-openwam/lib/python3.10/site-packages/sapien/wrapper/renderer.py", line 9, in __init__
    super().__init__()
RuntimeError: vk::PhysicalDevice::createDeviceUnique: ErrorExtensionNotPresent
[eval_policy_wrapper] expert check skipped seed=100742: RuntimeError
[eval_policy_wrapper] exception in beat_block_hammer.setup_demo
Traceback (most recent call last):
  File "/root/data/robot/OpenWAM/benchmarks/robotwin/eval_policy_wrapper.py", line 218, in wrapped
    return method(*args, **kwargs)
  File "/root/data/robot/work/RoboTwin-openwam-verified/envs/beat_block_hammer.py", line 10, in setup_demo
    super()._init_task_env_(**kwags)
  File "/root/data/robot/work/RoboTwin-openwam-verified/envs/_base_task.py", line 90, in _init_task_env_
    self.setup_scene()
  File "/root/data/robot/work/RoboTwin-openwam-verified/envs/_base_task.py", line 210, in setup_scene
    self.renderer = sapien.SapienRenderer()
  File "/root/data/miniconda3/envs/robotwin-openwam/lib/python3.10/site-packages/sapien/wrapper/renderer.py", line 9, in __init__
    super().__init__()
RuntimeError: vk::PhysicalDevice::createDeviceUnique: ErrorExtensionNotPresent
[eval_policy_wrapper] expert check skipped seed=100743: RuntimeError
[eval_policy_wrapper] exception in beat_block_hammer.setup_demo
Traceback (most recent call last):
  File "/root/data/robot/OpenWAM/benchmarks/robotwin/eval_policy_wrapper.py", line 218, in wrapped
    return method(*args, **kwargs)
  File "/root/data/robot/work/RoboTwin-openwam-verified/envs/beat_block_hammer.py", line 10, in setup_demo
    super()._init_task_env_(**kwags)
  File "/root/data/robot/work/RoboTwin-openwam-verified/envs/_base_task.py", line 90, in _init_task_env_
    self.setup_scene()
  File "/root/data/robot/work/RoboTwin-openwam-verified/envs/_base_task.py", line 210, in setup_scene
    self.renderer = sapien.SapienRenderer()
  File "/root/data/miniconda3/envs/robotwin-openwam/lib/python3.10/site-packages/sapien/wrapper/renderer.py", line 9, in __init__
    super().__init__()
RuntimeError: vk::PhysicalDevice::createDeviceUnique: ErrorExtensionNotPresent
[eval_policy_wrapper] expert check skipped seed=100744: RuntimeError
[eval_policy_wrapper] exception in beat_block_hammer.setup_demo
Traceback (most recent call last):
  File "/root/data/robot/OpenWAM/benchmarks/robotwin/eval_policy_wrapper.py", line 218, in wrapped
    return method(*args, **kwargs)
  File "/root/data/robot/work/RoboTwin-openwam-verified/envs/beat_block_hammer.py", line 10, in setup_demo
    super()._init_task_env_(**kwags)
  File "/root/data/robot/work/RoboTwin-openwam-verified/envs/_base_task.py", line 90, in _init_task_env_
    self.setup_scene()
  File "/root/data/robot/work/RoboTwin-openwam-verified/envs/_base_task.py", line 210, in setup_scene
    self.renderer = sapien.SapienRenderer()
  File "/root/data/miniconda3/envs/robotwin-openwam/lib/python3.10/site-packages/sapien/wrapper/renderer.py", line 9, in __init__
    super().__init__()
RuntimeError: vk::PhysicalDevice::createDeviceUnique: ErrorExtensionNotPresent
[eval_policy_wrapper] expert check skipped seed=100745: RuntimeError
[eval_policy_wrapper] exception in beat_block_hammer.setup_demo
Traceback (most recent call last):
  File "/root/data/robot/OpenWAM/benchmarks/robotwin/eval_policy_wrapper.py", line 218, in wrapped
    return method(*args, **kwargs)
  File "/root/data/robot/work/RoboTwin-openwam-verified/envs/beat_block_hammer.py", line 10, in setup_demo
    super()._init_task_env_(**kwags)
  File "/root/data/robot/work/RoboTwin-openwam-verified/envs/_base_task.py", line 90, in _init_task_env_
    self.setup_scene()
  File "/root/data/robot/work/RoboTwin-openwam-verified/envs/_base_task.py", line 210, in setup_scene
    self.renderer = sapien.SapienRenderer()
  File "/root/data/miniconda3/envs/robotwin-openwam/lib/python3.10/site-packages/sapien/wrapper/renderer.py", line 9, in __init__
    super().__init__()
RuntimeError: vk::PhysicalDevice::createDeviceUnique: ErrorExtensionNotPresent
[eval_policy_wrapper] expert check skipped seed=100746: RuntimeError
[eval_policy_wrapper] exception in beat_block_hammer.setup_demo
Traceback (most recent call last):
  File "/root/data/robot/OpenWAM/benchmarks/robotwin/eval_policy_wrapper.py", line 218, in wrapped
    return method(*args, **kwargs)
  File "/root/data/robot/work/RoboTwin-openwam-verified/envs/beat_block_hammer.py", line 10, in setup_demo
    super()._init_task_env_(**kwags)
  File "/root/data/robot/work/RoboTwin-openwam-verified/envs/_base_task.py", line 90, in _init_task_env_
    self.setup_scene()
  File "/root/data/robot/work/RoboTwin-openwam-verified/envs/_base_task.py", line 210, in setup_scene
    self.renderer = sapien.SapienRenderer()
  File "/root/data/miniconda3/envs/robotwin-openwam/lib/python3.10/site-packages/sapien/wrapper/renderer.py", line 9, in __init__
    super().__init__()
RuntimeError: vk::PhysicalDevice::createDeviceUnique: ErrorExtensionNotPresent
[eval_policy_wrapper] expert check skipped seed=100747: RuntimeError
[eval_policy_wrapper] exception in beat_block_hammer.setup_demo
Traceback (most recent call last):
  File "/root/data/robot/OpenWAM/benchmarks/robotwin/eval_policy_wrapper.py", line 218, in wrapped
    return method(*args, **kwargs)
  File "/root/data/robot/work/RoboTwin-openwam-verified/envs/beat_block_hammer.py", line 10, in setup_demo
    super()._init_task_env_(**kwags)
  File "/root/data/robot/work/RoboTwin-openwam-verified/envs/_base_task.py", line 90, in _init_task_env_
    self.setup_scene()
  File "/root/data/robot/work/RoboTwin-openwam-verified/envs/_base_task.py", line 210, in setup_scene
    self.renderer = sapien.SapienRenderer()
  File "/root/data/miniconda3/envs/robotwin-openwam/lib/python3.10/site-packages/sapien/wrapper/renderer.py", line 9, in __init__
    super().__init__()
RuntimeError: vk::PhysicalDevice::createDeviceUnique: ErrorExtensionNotPresent
[eval_policy_wrapper] expert check skipped seed=100748: RuntimeError
[eval_policy_wrapper] exception in beat_block_hammer.setup_demo
Traceback (most recent call last):
  File "/root/data/robot/OpenWAM/benchmarks/robotwin/eval_policy_wrapper.py", line 218, in wrapped
    return method(*args, **kwargs)
  File "/root/data/robot/work/RoboTwin-openwam-verified/envs/beat_block_hammer.py", line 10, in setup_demo
    super()._init_task_env_(**kwags)
  File "/root/data/robot/work/RoboTwin-openwam-verified/envs/_base_task.py", line 90, in _init_task_env_
    self.setup_scene()
  File "/root/data/robot/work/RoboTwin-openwam-verified/envs/_base_task.py", line 210, in setup_scene
    self.renderer = sapien.SapienRenderer()
  File "/root/data/miniconda3/envs/robotwin-openwam/lib/python3.10/site-packages/sapien/wrapper/renderer.py", line 9, in __init__
    super().__init__()
RuntimeError: vk::PhysicalDevice::createDeviceUnique: ErrorExtensionNotPresent
[eval_policy_wrapper] expert check skipped seed=100749: RuntimeError
[eval_policy_wrapper] exception in beat_block_hammer.setup_demo
Traceback (most recent call last):
  File "/root/data/robot/OpenWAM/benchmarks/robotwin/eval_policy_wrapper.py", line 218, in wrapped
    return method(*args, **kwargs)
  File "/root/data/robot/work/RoboTwin-openwam-verified/envs/beat_block_hammer.py", line 10, in setup_demo
    super()._init_task_env_(**kwags)
  File "/root/data/robot/work/RoboTwin-openwam-verified/envs/_base_task.py", line 90, in _init_task_env_
    self.setup_scene()
  File "/root/data/robot/work/RoboTwin-openwam-verified/envs/_base_task.py", line 210, in setup_scene
    self.renderer = sapien.SapienRenderer()
  File "/root/data/miniconda3/envs/robotwin-openwam/lib/python3.10/site-packages/sapien/wrapper/renderer.py", line 9, in __init__
    super().__init__()
RuntimeError: vk::PhysicalDevice::createDeviceUnique: ErrorExtensionNotPresent
[eval_policy_wrapper] expert check skipped seed=100750: RuntimeError
[eval_policy_wrapper] exception in beat_block_hammer.setup_demo
Traceback (most recent call last):
  File "/root/data/robot/OpenWAM/benchmarks/robotwin/eval_policy_wrapper.py", line 218, in wrapped
    return method(*args, **kwargs)
  File "/root/data/robot/work/RoboTwin-openwam-verified/envs/beat_block_hammer.py", line 10, in setup_demo
    super()._init_task_env_(**kwags)
  File "/root/data/robot/work/RoboTwin-openwam-verified/envs/_base_task.py", line 90, in _init_task_env_
    self.setup_scene()
  File "/root/data/robot/work/RoboTwin-openwam-verified/envs/_base_task.py", line 210, in setup_scene
    self.renderer = sapien.SapienRenderer()
  File "/root/data/miniconda3/envs/robotwin-openwam/lib/python3.10/site-packages/sapien/wrapper/renderer.py", line 9, in __init__
    super().__init__()
RuntimeError: vk::PhysicalDevice::createDeviceUnique: ErrorExtensionNotPresent
[eval_policy_wrapper] expert check skipped seed=100751: RuntimeError
[eval_policy_wrapper] exception in beat_block_hammer.setup_demo
Traceback (most recent call last):
  File "/root/data/robot/OpenWAM/benchmarks/robotwin/eval_policy_wrapper.py", line 218, in wrapped
    return method(*args, **kwargs)
  File "/root/data/robot/work/RoboTwin-openwam-verified/envs/beat_block_hammer.py", line 10, in setup_demo
    super()._init_task_env_(**kwags)
  File "/root/data/robot/work/RoboTwin-openwam-verified/envs/_base_task.py", line 90, in _init_task_env_
    self.setup_scene()
  File "/root/data/robot/work/RoboTwin-openwam-verified/envs/_base_task.py", line 210, in setup_scene
    self.renderer = sapien.SapienRenderer()
  File "/root/data/miniconda3/envs/robotwin-openwam/lib/python3.10/site-packages/sapien/wrapper/renderer.py", line 9, in __init__
    super().__init__()
RuntimeError: vk::PhysicalDevice::createDeviceUnique: ErrorExtensionNotPresent
[eval_policy_wrapper] expert check skipped seed=100752: RuntimeError
[eval_policy_wrapper] exception in beat_block_hammer.setup_demo
Traceback (most recent call last):
  File "/root/data/robot/OpenWAM/benchmarks/robotwin/eval_policy_wrapper.py", line 218, in wrapped
    return method(*args, **kwargs)
  File "/root/data/robot/work/RoboTwin-openwam-verified/envs/beat_block_hammer.py", line 10, in setup_demo
    super()._init_task_env_(**kwags)
  File "/root/data/robot/work/RoboTwin-openwam-verified/envs/_base_task.py", line 90, in _init_task_env_
    self.setup_scene()
  File "/root/data/robot/work/RoboTwin-openwam-verified/envs/_base_task.py", line 210, in setup_scene
    self.renderer = sapien.SapienRenderer()
  File "/root/data/miniconda3/envs/robotwin-openwam/lib/python3.10/site-packages/sapien/wrapper/renderer.py", line 9, in __init__
    super().__init__()
RuntimeError: vk::PhysicalDevice::createDeviceUnique: ErrorExtensionNotPresent
[eval_policy_wrapper] expert check skipped seed=100753: RuntimeError
[eval_policy_wrapper] exception in beat_block_hammer.setup_demo
Traceback (most recent call last):
  File "/root/data/robot/OpenWAM/benchmarks/robotwin/eval_policy_wrapper.py", line 218, in wrapped
    return method(*args, **kwargs)
  File "/root/data/robot/work/RoboTwin-openwam-verified/envs/beat_block_hammer.py", line 10, in setup_demo
    super()._init_task_env_(**kwags)
  File "/root/data/robot/work/RoboTwin-openwam-verified/envs/_base_task.py", line 90, in _init_task_env_
    self.setup_scene()
  File "/root/data/robot/work/RoboTwin-openwam-verified/envs/_base_task.py", line 210, in setup_scene
    self.renderer = sapien.SapienRenderer()
  File "/root/data/miniconda3/envs/robotwin-openwam/lib/python3.10/site-packages/sapien/wrapper/renderer.py", line 9, in __init__
    super().__init__()
RuntimeError: vk::PhysicalDevice::createDeviceUnique: ErrorExtensionNotPresent
[eval_policy_wrapper] expert check skipped seed=100754: RuntimeError
[eval_policy_wrapper] exception in beat_block_hammer.setup_demo
Traceback (most recent call last):
  File "/root/data/robot/OpenWAM/benchmarks/robotwin/eval_policy_wrapper.py", line 218, in wrapped
    return method(*args, **kwargs)
  File "/root/data/robot/work/RoboTwin-openwam-verified/envs/beat_block_hammer.py", line 10, in setup_demo
    super()._init_task_env_(**kwags)
  File "/root/data/robot/work/RoboTwin-openwam-verified/envs/_base_task.py", line 90, in _init_task_env_
    self.setup_scene()
  File "/root/data/robot/work/RoboTwin-openwam-verified/envs/_base_task.py", line 210, in setup_scene
    self.renderer = sapien.SapienRenderer()
  File "/root/data/miniconda3/envs/robotwin-openwam/lib/python3.10/site-packages/sapien/wrapper/renderer.py", line 9, in __init__
    super().__init__()
RuntimeError: vk::PhysicalDevice::createDeviceUnique: ErrorExtensionNotPresent
[eval_policy_wrapper] expert check skipped seed=100755: RuntimeError
[eval_policy_wrapper] exception in beat_block_hammer.setup_demo
Traceback (most recent call last):
  File "/root/data/robot/OpenWAM/benchmarks/robotwin/eval_policy_wrapper.py", line 218, in wrapped
    return method(*args, **kwargs)
  File "/root/data/robot/work/RoboTwin-openwam-verified/envs/beat_block_hammer.py", line 10, in setup_demo
    super()._init_task_env_(**kwags)
  File "/root/data/robot/work/RoboTwin-openwam-verified/envs/_base_task.py", line 90, in _init_task_env_
    self.setup_scene()
  File "/root/data/robot/work/RoboTwin-openwam-verified/envs/_base_task.py", line 210, in setup_scene
    self.renderer = sapien.SapienRenderer()
  File "/root/data/miniconda3/envs/robotwin-openwam/lib/python3.10/site-packages/sapien/wrapper/renderer.py", line 9, in __init__
    super().__init__()
RuntimeError: vk::PhysicalDevice::createDeviceUnique: ErrorExtensionNotPresent
[eval_policy_wrapper] expert check skipped seed=100756: RuntimeError
[eval_policy_wrapper] exception in beat_block_hammer.setup_demo
Traceback (most recent call last):
  File "/root/data/robot/OpenWAM/benchmarks/robotwin/eval_policy_wrapper.py", line 218, in wrapped
    return method(*args, **kwargs)
  File "/root/data/robot/work/RoboTwin-openwam-verified/envs/beat_block_hammer.py", line 10, in setup_demo
    super()._init_task_env_(**kwags)
  File "/root/data/robot/work/RoboTwin-openwam-verified/envs/_base_task.py", line 90, in _init_task_env_
    self.setup_scene()
  File "/root/data/robot/work/RoboTwin-openwam-verified/envs/_base_task.py", line 210, in setup_scene
    self.renderer = sapien.SapienRenderer()
  File "/root/data/miniconda3/envs/robotwin-openwam/lib/python3.10/site-packages/sapien/wrapper/renderer.py", line 9, in __init__
    super().__init__()
RuntimeError: vk::PhysicalDevice::createDeviceUnique: ErrorExtensionNotPresent
[eval_policy_wrapper] expert check skipped seed=100757: RuntimeError
[eval_policy_wrapper] exception in beat_block_hammer.setup_demo
Traceback (most recent call last):
  File "/root/data/robot/OpenWAM/benchmarks/robotwin/eval_policy_wrapper.py", line 218, in wrapped
    return method(*args, **kwargs)
  File "/root/data/robot/work/RoboTwin-openwam-verified/envs/beat_block_hammer.py", line 10, in setup_demo
    super()._init_task_env_(**kwags)
  File "/root/data/robot/work/RoboTwin-openwam-verified/envs/_base_task.py", line 90, in _init_task_env_
    self.setup_scene()
  File "/root/data/robot/work/RoboTwin-openwam-verified/envs/_base_task.py", line 210, in setup_scene
    self.renderer = sapien.SapienRenderer()
  File "/root/data/miniconda3/envs/robotwin-openwam/lib/python3.10/site-packages/sapien/wrapper/renderer.py", line 9, in __init__
    super().__init__()
RuntimeError: vk::PhysicalDevice::createDeviceUnique: ErrorExtensionNotPresent
[eval_policy_wrapper] expert check skipped seed=100758: RuntimeError
[eval_policy_wrapper] exception in beat_block_hammer.setup_demo
Traceback (most recent call last):
  File "/root/data/robot/OpenWAM/benchmarks/robotwin/eval_policy_wrapper.py", line 218, in wrapped
    return method(*args, **kwargs)
  File "/root/data/robot/work/RoboTwin-openwam-verified/envs/beat_block_hammer.py", line 10, in setup_demo
    super()._init_task_env_(**kwags)
  File "/root/data/robot/work/RoboTwin-openwam-verified/envs/_base_task.py", line 90, in _init_task_env_
    self.setup_scene()
  File "/root/data/robot/work/RoboTwin-openwam-verified/envs/_base_task.py", line 210, in setup_scene
    self.renderer = sapien.SapienRenderer()
  File "/root/data/miniconda3/envs/robotwin-openwam/lib/python3.10/site-packages/sapien/wrapper/renderer.py", line 9, in __init__
    super().__init__()
RuntimeError: vk::PhysicalDevice::createDeviceUnique: ErrorExtensionNotPresent
[eval_policy_wrapper] expert check skipped seed=100759: RuntimeError
[eval_policy_wrapper] exception in beat_block_hammer.setup_demo
Traceback (most recent call last):
  File "/root/data/robot/OpenWAM/benchmarks/robotwin/eval_policy_wrapper.py", line 218, in wrapped
    return method(*args, **kwargs)
  File "/root/data/robot/work/RoboTwin-openwam-verified/envs/beat_block_hammer.py", line 10, in setup_demo
    super()._init_task_env_(**kwags)
  File "/root/data/robot/work/RoboTwin-openwam-verified/envs/_base_task.py", line 90, in _init_task_env_
    self.setup_scene()
  File "/root/data/robot/work/RoboTwin-openwam-verified/envs/_base_task.py", line 210, in setup_scene
    self.renderer = sapien.SapienRenderer()
  File "/root/data/miniconda3/envs/robotwin-openwam/lib/python3.10/site-packages/sapien/wrapper/renderer.py", line 9, in __init__
    super().__init__()
RuntimeError: vk::PhysicalDevice::createDeviceUnique: ErrorExtensionNotPresent
[eval_policy_wrapper] expert check skipped seed=100760: RuntimeError
[eval_policy_wrapper] exception in beat_block_hammer.setup_demo
Traceback (most recent call last):
  File "/root/data/robot/OpenWAM/benchmarks/robotwin/eval_policy_wrapper.py", line 218, in wrapped
    return method(*args, **kwargs)
  File "/root/data/robot/work/RoboTwin-openwam-verified/envs/beat_block_hammer.py", line 10, in setup_demo
    super()._init_task_env_(**kwags)
  File "/root/data/robot/work/RoboTwin-openwam-verified/envs/_base_task.py", line 90, in _init_task_env_
    self.setup_scene()
  File "/root/data/robot/work/RoboTwin-openwam-verified/envs/_base_task.py", line 210, in setup_scene
    self.renderer = sapien.SapienRenderer()
  File "/root/data/miniconda3/envs/robotwin-openwam/lib/python3.10/site-packages/sapien/wrapper/renderer.py", line 9, in __init__
    super().__init__()
RuntimeError: vk::PhysicalDevice::createDeviceUnique: ErrorExtensionNotPresent
[eval_policy_wrapper] expert check skipped seed=100761: RuntimeError
[eval_policy_wrapper] exception in beat_block_hammer.setup_demo
Traceback (most recent call last):
  File "/root/data/robot/OpenWAM/benchmarks/robotwin/eval_policy_wrapper.py", line 218, in wrapped
    return method(*args, **kwargs)
  File "/root/data/robot/work/RoboTwin-openwam-verified/envs/beat_block_hammer.py", line 10, in setup_demo
    super()._init_task_env_(**kwags)
  File "/root/data/robot/work/RoboTwin-openwam-verified/envs/_base_task.py", line 90, in _init_task_env_
    self.setup_scene()
  File "/root/data/robot/work/RoboTwin-openwam-verified/envs/_base_task.py", line 210, in setup_scene
    self.renderer = sapien.SapienRenderer()
  File "/root/data/miniconda3/envs/robotwin-openwam/lib/python3.10/site-packages/sapien/wrapper/renderer.py", line 9, in __init__
    super().__init__()
RuntimeError: vk::PhysicalDevice::createDeviceUnique: ErrorExtensionNotPresent
[eval_policy_wrapper] expert check skipped seed=100762: RuntimeError
[eval_policy_wrapper] exception in beat_block_hammer.setup_demo
Traceback (most recent call last):
  File "/root/data/robot/OpenWAM/benchmarks/robotwin/eval_policy_wrapper.py", line 218, in wrapped
    return method(*args, **kwargs)
  File "/root/data/robot/work/RoboTwin-openwam-verified/envs/beat_block_hammer.py", line 10, in setup_demo
    super()._init_task_env_(**kwags)
  File "/root/data/robot/work/RoboTwin-openwam-verified/envs/_base_task.py", line 90, in _init_task_env_
    self.setup_scene()
  File "/root/data/robot/work/RoboTwin-openwam-verified/envs/_base_task.py", line 210, in setup_scene
    self.renderer = sapien.SapienRenderer()
  File "/root/data/miniconda3/envs/robotwin-openwam/lib/python3.10/site-packages/sapien/wrapper/renderer.py", line 9, in __init__
    super().__init__()
RuntimeError: vk::PhysicalDevice::createDeviceUnique: ErrorExtensionNotPresent
[eval_policy_wrapper] expert check skipped seed=100763: RuntimeError
[eval_policy_wrapper] exception in beat_block_hammer.setup_demo
Traceback (most recent call last):
  File "/root/data/robot/OpenWAM/benchmarks/robotwin/eval_policy_wrapper.py", line 218, in wrapped
    return method(*args, **kwargs)
  File "/root/data/robot/work/RoboTwin-openwam-verified/envs/beat_block_hammer.py", line 10, in setup_demo
    super()._init_task_env_(**kwags)
  File "/root/data/robot/work/RoboTwin-openwam-verified/envs/_base_task.py", line 90, in _init_task_env_
    self.setup_scene()
  File "/root/data/robot/work/RoboTwin-openwam-verified/envs/_base_task.py", line 210, in setup_scene
    self.renderer = sapien.SapienRenderer()
  File "/root/data/miniconda3/envs/robotwin-openwam/lib/python3.10/site-packages/sapien/wrapper/renderer.py", line 9, in __init__
    super().__init__()
RuntimeError: vk::PhysicalDevice::createDeviceUnique: ErrorExtensionNotPresent
[eval_policy_wrapper] expert check skipped seed=100764: RuntimeError
[eval_policy_wrapper] exception in beat_block_hammer.setup_demo
Traceback (most recent call last):
  File "/root/data/robot/OpenWAM/benchmarks/robotwin/eval_policy_wrapper.py", line 218, in wrapped
    return method(*args, **kwargs)
  File "/root/data/robot/work/RoboTwin-openwam-verified/envs/beat_block_hammer.py", line 10, in setup_demo
    super()._init_task_env_(**kwags)
  File "/root/data/robot/work/RoboTwin-openwam-verified/envs/_base_task.py", line 90, in _init_task_env_
    self.setup_scene()
  File "/root/data/robot/work/RoboTwin-openwam-verified/envs/_base_task.py", line 210, in setup_scene
    self.renderer = sapien.SapienRenderer()
  File "/root/data/miniconda3/envs/robotwin-openwam/lib/python3.10/site-packages/sapien/wrapper/renderer.py", line 9, in __init__
    super().__init__()
RuntimeError: vk::PhysicalDevice::createDeviceUnique: ErrorExtensionNotPresent
[eval_policy_wrapper] expert check skipped seed=100765: RuntimeError
[eval_policy_wrapper] exception in beat_block_hammer.setup_demo
Traceback (most recent call last):
  File "/root/data/robot/OpenWAM/benchmarks/robotwin/eval_policy_wrapper.py", line 218, in wrapped
    return method(*args, **kwargs)
  File "/root/data/robot/work/RoboTwin-openwam-verified/envs/beat_block_hammer.py", line 10, in setup_demo
    super()._init_task_env_(**kwags)
  File "/root/data/robot/work/RoboTwin-openwam-verified/envs/_base_task.py", line 90, in _init_task_env_
    self.setup_scene()
  File "/root/data/robot/work/RoboTwin-openwam-verified/envs/_base_task.py", line 210, in setup_scene
    self.renderer = sapien.SapienRenderer()
  File "/root/data/miniconda3/envs/robotwin-openwam/lib/python3.10/site-packages/sapien/wrapper/renderer.py", line 9, in __init__
    super().__init__()
RuntimeError: vk::PhysicalDevice::createDeviceUnique: ErrorExtensionNotPresent
[eval_policy_wrapper] expert check skipped seed=100766: RuntimeError
[eval_policy_wrapper] exception in beat_block_hammer.setup_demo
Traceback (most recent call last):
  File "/root/data/robot/OpenWAM/benchmarks/robotwin/eval_policy_wrapper.py", line 218, in wrapped
    return method(*args, **kwargs)
  File "/root/data/robot/work/RoboTwin-openwam-verified/envs/beat_block_hammer.py", line 10, in setup_demo
    super()._init_task_env_(**kwags)
  File "/root/data/robot/work/RoboTwin-openwam-verified/envs/_base_task.py", line 90, in _init_task_env_
    self.setup_scene()
  File "/root/data/robot/work/RoboTwin-openwam-verified/envs/_base_task.py", line 210, in setup_scene
    self.renderer = sapien.SapienRenderer()
  File "/root/data/miniconda3/envs/robotwin-openwam/lib/python3.10/site-packages/sapien/wrapper/renderer.py", line 9, in __init__
    super().__init__()
RuntimeError: vk::PhysicalDevice::createDeviceUnique: ErrorExtensionNotPresent
[eval_policy_wrapper] expert check skipped seed=100767: RuntimeError
[eval_policy_wrapper] exception in beat_block_hammer.setup_demo
Traceback (most recent call last):
  File "/root/data/robot/OpenWAM/benchmarks/robotwin/eval_policy_wrapper.py", line 218, in wrapped
    return method(*args, **kwargs)
  File "/root/data/robot/work/RoboTwin-openwam-verified/envs/beat_block_hammer.py", line 10, in setup_demo
    super()._init_task_env_(**kwags)
  File "/root/data/robot/work/RoboTwin-openwam-verified/envs/_base_task.py", line 90, in _init_task_env_
    self.setup_scene()
  File "/root/data/robot/work/RoboTwin-openwam-verified/envs/_base_task.py", line 210, in setup_scene
    self.renderer = sapien.SapienRenderer()
  File "/root/data/miniconda3/envs/robotwin-openwam/lib/python3.10/site-packages/sapien/wrapper/renderer.py", line 9, in __init__
    super().__init__()
RuntimeError: vk::PhysicalDevice::createDeviceUnique: ErrorExtensionNotPresent
[eval_policy_wrapper] expert check skipped seed=100768: RuntimeError
[eval_policy_wrapper] exception in beat_block_hammer.setup_demo
Traceback (most recent call last):
  File "/root/data/robot/OpenWAM/benchmarks/robotwin/eval_policy_wrapper.py", line 218, in wrapped
    return method(*args, **kwargs)
  File "/root/data/robot/work/RoboTwin-openwam-verified/envs/beat_block_hammer.py", line 10, in setup_demo
    super()._init_task_env_(**kwags)
  File "/root/data/robot/work/RoboTwin-openwam-verified/envs/_base_task.py", line 90, in _init_task_env_
    self.setup_scene()
  File "/root/data/robot/work/RoboTwin-openwam-verified/envs/_base_task.py", line 210, in setup_scene
    self.renderer = sapien.SapienRenderer()
  File "/root/data/miniconda3/envs/robotwin-openwam/lib/python3.10/site-packages/sapien/wrapper/renderer.py", line 9, in __init__
    super().__init__()
RuntimeError: vk::PhysicalDevice::createDeviceUnique: ErrorExtensionNotPresent
[eval_policy_wrapper] expert check skipped seed=100769: RuntimeError
[eval_policy_wrapper] exception in beat_block_hammer.setup_demo
Traceback (most recent call last):
  File "/root/data/robot/OpenWAM/benchmarks/robotwin/eval_policy_wrapper.py", line 218, in wrapped
    return method(*args, **kwargs)
  File "/root/data/robot/work/RoboTwin-openwam-verified/envs/beat_block_hammer.py", line 10, in setup_demo
    super()._init_task_env_(**kwags)
  File "/root/data/robot/work/RoboTwin-openwam-verified/envs/_base_task.py", line 90, in _init_task_env_
    self.setup_scene()
  File "/root/data/robot/work/RoboTwin-openwam-verified/envs/_base_task.py", line 210, in setup_scene
    self.renderer = sapien.SapienRenderer()
  File "/root/data/miniconda3/envs/robotwin-openwam/lib/python3.10/site-packages/sapien/wrapper/renderer.py", line 9, in __init__
    super().__init__()
RuntimeError: vk::PhysicalDevice::createDeviceUnique: ErrorExtensionNotPresent
[eval_policy_wrapper] expert check skipped seed=100770: RuntimeError
[eval_policy_wrapper] exception in beat_block_hammer.setup_demo
Traceback (most recent call last):
  File "/root/data/robot/OpenWAM/benchmarks/robotwin/eval_policy_wrapper.py", line 218, in wrapped
    return method(*args, **kwargs)
  File "/root/data/robot/work/RoboTwin-openwam-verified/envs/beat_block_hammer.py", line 10, in setup_demo
    super()._init_task_env_(**kwags)
  File "/root/data/robot/work/RoboTwin-openwam-verified/envs/_base_task.py", line 90, in _init_task_env_
    self.setup_scene()
  File "/root/data/robot/work/RoboTwin-openwam-verified/envs/_base_task.py", line 210, in setup_scene
    self.renderer = sapien.SapienRenderer()
  File "/root/data/miniconda3/envs/robotwin-openwam/lib/python3.10/site-packages/sapien/wrapper/renderer.py", line 9, in __init__
    super().__init__()
RuntimeError: vk::PhysicalDevice::createDeviceUnique: ErrorExtensionNotPresent
[eval_policy_wrapper] expert check skipped seed=100771: RuntimeError
[eval_policy_wrapper] exception in beat_block_hammer.setup_demo
Traceback (most recent call last):
  File "/root/data/robot/OpenWAM/benchmarks/robotwin/eval_policy_wrapper.py", line 218, in wrapped
    return method(*args, **kwargs)
  File "/root/data/robot/work/RoboTwin-openwam-verified/envs/beat_block_hammer.py", line 10, in setup_demo
    super()._init_task_env_(**kwags)
  File "/root/data/robot/work/RoboTwin-openwam-verified/envs/_base_task.py", line 90, in _init_task_env_
    self.setup_scene()
  File "/root/data/robot/work/RoboTwin-openwam-verified/envs/_base_task.py", line 210, in setup_scene
    self.renderer = sapien.SapienRenderer()
  File "/root/data/miniconda3/envs/robotwin-openwam/lib/python3.10/site-packages/sapien/wrapper/renderer.py", line 9, in __init__
    super().__init__()
RuntimeError: vk::PhysicalDevice::createDeviceUnique: ErrorExtensionNotPresent
[eval_policy_wrapper] expert check skipped seed=100772: RuntimeError
[eval_policy_wrapper] exception in beat_block_hammer.setup_demo
Traceback (most recent call last):
  File "/root/data/robot/OpenWAM/benchmarks/robotwin/eval_policy_wrapper.py", line 218, in wrapped
    return method(*args, **kwargs)
  File "/root/data/robot/work/RoboTwin-openwam-verified/envs/beat_block_hammer.py", line 10, in setup_demo
    super()._init_task_env_(**kwags)
  File "/root/data/robot/work/RoboTwin-openwam-verified/envs/_base_task.py", line 90, in _init_task_env_
    self.setup_scene()
  File "/root/data/robot/work/RoboTwin-openwam-verified/envs/_base_task.py", line 210, in setup_scene
    self.renderer = sapien.SapienRenderer()
  File "/root/data/miniconda3/envs/robotwin-openwam/lib/python3.10/site-packages/sapien/wrapper/renderer.py", line 9, in __init__
    super().__init__()
RuntimeError: vk::PhysicalDevice::createDeviceUnique: ErrorExtensionNotPresent
[eval_policy_wrapper] expert check skipped seed=100773: RuntimeError
[eval_policy_wrapper] exception in beat_block_hammer.setup_demo
Traceback (most recent call last):
  File "/root/data/robot/OpenWAM/benchmarks/robotwin/eval_policy_wrapper.py", line 218, in wrapped
    return method(*args, **kwargs)
  File "/root/data/robot/work/RoboTwin-openwam-verified/envs/beat_block_hammer.py", line 10, in setup_demo
    super()._init_task_env_(**kwags)
  File "/root/data/robot/work/RoboTwin-openwam-verified/envs/_base_task.py", line 90, in _init_task_env_
    self.setup_scene()
  File "/root/data/robot/work/RoboTwin-openwam-verified/envs/_base_task.py", line 210, in setup_scene
    self.renderer = sapien.SapienRenderer()
  File "/root/data/miniconda3/envs/robotwin-openwam/lib/python3.10/site-packages/sapien/wrapper/renderer.py", line 9, in __init__
    super().__init__()
RuntimeError: vk::PhysicalDevice::createDeviceUnique: ErrorExtensionNotPresent
[eval_policy_wrapper] expert check skipped seed=100774: RuntimeError
[eval_policy_wrapper] exception in beat_block_hammer.setup_demo
Traceback (most recent call last):
  File "/root/data/robot/OpenWAM/benchmarks/robotwin/eval_policy_wrapper.py", line 218, in wrapped
    return method(*args, **kwargs)
  File "/root/data/robot/work/RoboTwin-openwam-verified/envs/beat_block_hammer.py", line 10, in setup_demo
    super()._init_task_env_(**kwags)
  File "/root/data/robot/work/RoboTwin-openwam-verified/envs/_base_task.py", line 90, in _init_task_env_
    self.setup_scene()
  File "/root/data/robot/work/RoboTwin-openwam-verified/envs/_base_task.py", line 210, in setup_scene
    self.renderer = sapien.SapienRenderer()
  File "/root/data/miniconda3/envs/robotwin-openwam/lib/python3.10/site-packages/sapien/wrapper/renderer.py", line 9, in __init__
    super().__init__()
RuntimeError: vk::PhysicalDevice::createDeviceUnique: ErrorExtensionNotPresent
[eval_policy_wrapper] expert check skipped seed=100775: RuntimeError
[eval_policy_wrapper] exception in beat_block_hammer.setup_demo
Traceback (most recent call last):
  File "/root/data/robot/OpenWAM/benchmarks/robotwin/eval_policy_wrapper.py", line 218, in wrapped
    return method(*args, **kwargs)
  File "/root/data/robot/work/RoboTwin-openwam-verified/envs/beat_block_hammer.py", line 10, in setup_demo
    super()._init_task_env_(**kwags)
  File "/root/data/robot/work/RoboTwin-openwam-verified/envs/_base_task.py", line 90, in _init_task_env_
    self.setup_scene()
  File "/root/data/robot/work/RoboTwin-openwam-verified/envs/_base_task.py", line 210, in setup_scene
    self.renderer = sapien.SapienRenderer()
  File "/root/data/miniconda3/envs/robotwin-openwam/lib/python3.10/site-packages/sapien/wrapper/renderer.py", line 9, in __init__
    super().__init__()
RuntimeError: vk::PhysicalDevice::createDeviceUnique: ErrorExtensionNotPresent
[eval_policy_wrapper] expert check skipped seed=100776: RuntimeError
[eval_policy_wrapper] exception in beat_block_hammer.setup_demo
Traceback (most recent call last):
  File "/root/data/robot/OpenWAM/benchmarks/robotwin/eval_policy_wrapper.py", line 218, in wrapped
    return method(*args, **kwargs)
  File "/root/data/robot/work/RoboTwin-openwam-verified/envs/beat_block_hammer.py", line 10, in setup_demo
    super()._init_task_env_(**kwags)
  File "/root/data/robot/work/RoboTwin-openwam-verified/envs/_base_task.py", line 90, in _init_task_env_
    self.setup_scene()
  File "/root/data/robot/work/RoboTwin-openwam-verified/envs/_base_task.py", line 210, in setup_scene
    self.renderer = sapien.SapienRenderer()
  File "/root/data/miniconda3/envs/robotwin-openwam/lib/python3.10/site-packages/sapien/wrapper/renderer.py", line 9, in __init__
    super().__init__()
RuntimeError: vk::PhysicalDevice::createDeviceUnique: ErrorExtensionNotPresent
[eval_policy_wrapper] expert check skipped seed=100777: RuntimeError
[eval_policy_wrapper] exception in beat_block_hammer.setup_demo
Traceback (most recent call last):
  File "/root/data/robot/OpenWAM/benchmarks/robotwin/eval_policy_wrapper.py", line 218, in wrapped
    return method(*args, **kwargs)
  File "/root/data/robot/work/RoboTwin-openwam-verified/envs/beat_block_hammer.py", line 10, in setup_demo
    super()._init_task_env_(**kwags)
  File "/root/data/robot/work/RoboTwin-openwam-verified/envs/_base_task.py", line 90, in _init_task_env_
    self.setup_scene()
  File "/root/data/robot/work/RoboTwin-openwam-verified/envs/_base_task.py", line 210, in setup_scene
    self.renderer = sapien.SapienRenderer()
  File "/root/data/miniconda3/envs/robotwin-openwam/lib/python3.10/site-packages/sapien/wrapper/renderer.py", line 9, in __init__
    super().__init__()
RuntimeError: vk::PhysicalDevice::createDeviceUnique: ErrorExtensionNotPresent
[eval_policy_wrapper] expert check skipped seed=100778: RuntimeError
[eval_policy_wrapper] exception in beat_block_hammer.setup_demo
Traceback (most recent call last):
  File "/root/data/robot/OpenWAM/benchmarks/robotwin/eval_policy_wrapper.py", line 218, in wrapped
    return method(*args, **kwargs)
  File "/root/data/robot/work/RoboTwin-openwam-verified/envs/beat_block_hammer.py", line 10, in setup_demo
    super()._init_task_env_(**kwags)
  File "/root/data/robot/work/RoboTwin-openwam-verified/envs/_base_task.py", line 90, in _init_task_env_
    self.setup_scene()
  File "/root/data/robot/work/RoboTwin-openwam-verified/envs/_base_task.py", line 210, in setup_scene
    self.renderer = sapien.SapienRenderer()
  File "/root/data/miniconda3/envs/robotwin-openwam/lib/python3.10/site-packages/sapien/wrapper/renderer.py", line 9, in __init__
    super().__init__()
RuntimeError: vk::PhysicalDevice::createDeviceUnique: ErrorExtensionNotPresent
[eval_policy_wrapper] expert check skipped seed=100779: RuntimeError
[eval_policy_wrapper] exception in beat_block_hammer.setup_demo
Traceback (most recent call last):
  File "/root/data/robot/OpenWAM/benchmarks/robotwin/eval_policy_wrapper.py", line 218, in wrapped
    return method(*args, **kwargs)
  File "/root/data/robot/work/RoboTwin-openwam-verified/envs/beat_block_hammer.py", line 10, in setup_demo
    super()._init_task_env_(**kwags)
  File "/root/data/robot/work/RoboTwin-openwam-verified/envs/_base_task.py", line 90, in _init_task_env_
    self.setup_scene()
  File "/root/data/robot/work/RoboTwin-openwam-verified/envs/_base_task.py", line 210, in setup_scene
    self.renderer = sapien.SapienRenderer()
  File "/root/data/miniconda3/envs/robotwin-openwam/lib/python3.10/site-packages/sapien/wrapper/renderer.py", line 9, in __init__
    super().__init__()
RuntimeError: vk::PhysicalDevice::createDeviceUnique: ErrorExtensionNotPresent
[eval_policy_wrapper] expert check skipped seed=100780: RuntimeError
[eval_policy_wrapper] exception in beat_block_hammer.setup_demo
Traceback (most recent call last):
  File "/root/data/robot/OpenWAM/benchmarks/robotwin/eval_policy_wrapper.py", line 218, in wrapped
    return method(*args, **kwargs)
  File "/root/data/robot/work/RoboTwin-openwam-verified/envs/beat_block_hammer.py", line 10, in setup_demo
    super()._init_task_env_(**kwags)
  File "/root/data/robot/work/RoboTwin-openwam-verified/envs/_base_task.py", line 90, in _init_task_env_
    self.setup_scene()
  File "/root/data/robot/work/RoboTwin-openwam-verified/envs/_base_task.py", line 210, in setup_scene
    self.renderer = sapien.SapienRenderer()
  File "/root/data/miniconda3/envs/robotwin-openwam/lib/python3.10/site-packages/sapien/wrapper/renderer.py", line 9, in __init__
    super().__init__()
RuntimeError: vk::PhysicalDevice::createDeviceUnique: ErrorExtensionNotPresent
[eval_policy_wrapper] expert check skipped seed=100781: RuntimeError
[eval_policy_wrapper] exception in beat_block_hammer.setup_demo
Traceback (most recent call last):
  File "/root/data/robot/OpenWAM/benchmarks/robotwin/eval_policy_wrapper.py", line 218, in wrapped
    return method(*args, **kwargs)
  File "/root/data/robot/work/RoboTwin-openwam-verified/envs/beat_block_hammer.py", line 10, in setup_demo
    super()._init_task_env_(**kwags)
  File "/root/data/robot/work/RoboTwin-openwam-verified/envs/_base_task.py", line 90, in _init_task_env_
    self.setup_scene()
  File "/root/data/robot/work/RoboTwin-openwam-verified/envs/_base_task.py", line 210, in setup_scene
    self.renderer = sapien.SapienRenderer()
  File "/root/data/miniconda3/envs/robotwin-openwam/lib/python3.10/site-packages/sapien/wrapper/renderer.py", line 9, in __init__
    super().__init__()
RuntimeError: vk::PhysicalDevice::createDeviceUnique: ErrorExtensionNotPresent
[eval_policy_wrapper] expert check skipped seed=100782: RuntimeError
[eval_policy_wrapper] exception in beat_block_hammer.setup_demo
Traceback (most recent call last):
  File "/root/data/robot/OpenWAM/benchmarks/robotwin/eval_policy_wrapper.py", line 218, in wrapped
    return method(*args, **kwargs)
  File "/root/data/robot/work/RoboTwin-openwam-verified/envs/beat_block_hammer.py", line 10, in setup_demo
    super()._init_task_env_(**kwags)
  File "/root/data/robot/work/RoboTwin-openwam-verified/envs/_base_task.py", line 90, in _init_task_env_
    self.setup_scene()
  File "/root/data/robot/work/RoboTwin-openwam-verified/envs/_base_task.py", line 210, in setup_scene
    self.renderer = sapien.SapienRenderer()
  File "/root/data/miniconda3/envs/robotwin-openwam/lib/python3.10/site-packages/sapien/wrapper/renderer.py", line 9, in __init__
    super().__init__()
RuntimeError: vk::PhysicalDevice::createDeviceUnique: ErrorExtensionNotPresent
[eval_policy_wrapper] expert check skipped seed=100783: RuntimeError
[eval_policy_wrapper] exception in beat_block_hammer.setup_demo
Traceback (most recent call last):
  File "/root/data/robot/OpenWAM/benchmarks/robotwin/eval_policy_wrapper.py", line 218, in wrapped
    return method(*args, **kwargs)
  File "/root/data/robot/work/RoboTwin-openwam-verified/envs/beat_block_hammer.py", line 10, in setup_demo
    super()._init_task_env_(**kwags)
  File "/root/data/robot/work/RoboTwin-openwam-verified/envs/_base_task.py", line 90, in _init_task_env_
    self.setup_scene()
  File "/root/data/robot/work/RoboTwin-openwam-verified/envs/_base_task.py", line 210, in setup_scene
    self.renderer = sapien.SapienRenderer()
  File "/root/data/miniconda3/envs/robotwin-openwam/lib/python3.10/site-packages/sapien/wrapper/renderer.py", line 9, in __init__
    super().__init__()
RuntimeError: vk::PhysicalDevice::createDeviceUnique: ErrorExtensionNotPresent
[eval_policy_wrapper] expert check skipped seed=100784: RuntimeError
[eval_policy_wrapper] exception in beat_block_hammer.setup_demo
Traceback (most recent call last):
  File "/root/data/robot/OpenWAM/benchmarks/robotwin/eval_policy_wrapper.py", line 218, in wrapped
    return method(*args, **kwargs)
  File "/root/data/robot/work/RoboTwin-openwam-verified/envs/beat_block_hammer.py", line 10, in setup_demo
    super()._init_task_env_(**kwags)
  File "/root/data/robot/work/RoboTwin-openwam-verified/envs/_base_task.py", line 90, in _init_task_env_
    self.setup_scene()
  File "/root/data/robot/work/RoboTwin-openwam-verified/envs/_base_task.py", line 210, in setup_scene
    self.renderer = sapien.SapienRenderer()
  File "/root/data/miniconda3/envs/robotwin-openwam/lib/python3.10/site-packages/sapien/wrapper/renderer.py", line 9, in __init__
    super().__init__()
RuntimeError: vk::PhysicalDevice::createDeviceUnique: ErrorExtensionNotPresent
[eval_policy_wrapper] expert check skipped seed=100785: RuntimeError
[eval_policy_wrapper] exception in beat_block_hammer.setup_demo
Traceback (most recent call last):
  File "/root/data/robot/OpenWAM/benchmarks/robotwin/eval_policy_wrapper.py", line 218, in wrapped
    return method(*args, **kwargs)
  File "/root/data/robot/work/RoboTwin-openwam-verified/envs/beat_block_hammer.py", line 10, in setup_demo
    super()._init_task_env_(**kwags)
  File "/root/data/robot/work/RoboTwin-openwam-verified/envs/_base_task.py", line 90, in _init_task_env_
    self.setup_scene()
  File "/root/data/robot/work/RoboTwin-openwam-verified/envs/_base_task.py", line 210, in setup_scene
    self.renderer = sapien.SapienRenderer()
  File "/root/data/miniconda3/envs/robotwin-openwam/lib/python3.10/site-packages/sapien/wrapper/renderer.py", line 9, in __init__
    super().__init__()
RuntimeError: vk::PhysicalDevice::createDeviceUnique: ErrorExtensionNotPresent
[eval_policy_wrapper] expert check skipped seed=100786: RuntimeError
[eval_policy_wrapper] exception in beat_block_hammer.setup_demo
Traceback (most recent call last):
  File "/root/data/robot/OpenWAM/benchmarks/robotwin/eval_policy_wrapper.py", line 218, in wrapped
    return method(*args, **kwargs)
  File "/root/data/robot/work/RoboTwin-openwam-verified/envs/beat_block_hammer.py", line 10, in setup_demo
    super()._init_task_env_(**kwags)
  File "/root/data/robot/work/RoboTwin-openwam-verified/envs/_base_task.py", line 90, in _init_task_env_
    self.setup_scene()
  File "/root/data/robot/work/RoboTwin-openwam-verified/envs/_base_task.py", line 210, in setup_scene
    self.renderer = sapien.SapienRenderer()
  File "/root/data/miniconda3/envs/robotwin-openwam/lib/python3.10/site-packages/sapien/wrapper/renderer.py", line 9, in __init__
    super().__init__()
RuntimeError: vk::PhysicalDevice::createDeviceUnique: ErrorExtensionNotPresent
[eval_policy_wrapper] expert check skipped seed=100787: RuntimeError
[eval_policy_wrapper] exception in beat_block_hammer.setup_demo
Traceback (most recent call last):
  File "/root/data/robot/OpenWAM/benchmarks/robotwin/eval_policy_wrapper.py", line 218, in wrapped
    return method(*args, **kwargs)
  File "/root/data/robot/work/RoboTwin-openwam-verified/envs/beat_block_hammer.py", line 10, in setup_demo
    super()._init_task_env_(**kwags)
  File "/root/data/robot/work/RoboTwin-openwam-verified/envs/_base_task.py", line 90, in _init_task_env_
    self.setup_scene()
  File "/root/data/robot/work/RoboTwin-openwam-verified/envs/_base_task.py", line 210, in setup_scene
    self.renderer = sapien.SapienRenderer()
  File "/root/data/miniconda3/envs/robotwin-openwam/lib/python3.10/site-packages/sapien/wrapper/renderer.py", line 9, in __init__
    super().__init__()
RuntimeError: vk::PhysicalDevice::createDeviceUnique: ErrorExtensionNotPresent
[eval_policy_wrapper] expert check skipped seed=100788: RuntimeError
[eval_policy_wrapper] exception in beat_block_hammer.setup_demo
Traceback (most recent call last):
  File "/root/data/robot/OpenWAM/benchmarks/robotwin/eval_policy_wrapper.py", line 218, in wrapped
    return method(*args, **kwargs)
  File "/root/data/robot/work/RoboTwin-openwam-verified/envs/beat_block_hammer.py", line 10, in setup_demo
    super()._init_task_env_(**kwags)
  File "/root/data/robot/work/RoboTwin-openwam-verified/envs/_base_task.py", line 90, in _init_task_env_
    self.setup_scene()
  File "/root/data/robot/work/RoboTwin-openwam-verified/envs/_base_task.py", line 210, in setup_scene
    self.renderer = sapien.SapienRenderer()
  File "/root/data/miniconda3/envs/robotwin-openwam/lib/python3.10/site-packages/sapien/wrapper/renderer.py", line 9, in __init__
    super().__init__()
RuntimeError: vk::PhysicalDevice::createDeviceUnique: ErrorExtensionNotPresent
[eval_policy_wrapper] expert check skipped seed=100789: RuntimeError
[eval_policy_wrapper] exception in beat_block_hammer.setup_demo
Traceback (most recent call last):
  File "/root/data/robot/OpenWAM/benchmarks/robotwin/eval_policy_wrapper.py", line 218, in wrapped
    return method(*args, **kwargs)
  File "/root/data/robot/work/RoboTwin-openwam-verified/envs/beat_block_hammer.py", line 10, in setup_demo
    super()._init_task_env_(**kwags)
  File "/root/data/robot/work/RoboTwin-openwam-verified/envs/_base_task.py", line 90, in _init_task_env_
    self.setup_scene()
  File "/root/data/robot/work/RoboTwin-openwam-verified/envs/_base_task.py", line 210, in setup_scene
    self.renderer = sapien.SapienRenderer()
  File "/root/data/miniconda3/envs/robotwin-openwam/lib/python3.10/site-packages/sapien/wrapper/renderer.py", line 9, in __init__
    super().__init__()
RuntimeError: vk::PhysicalDevice::createDeviceUnique: ErrorExtensionNotPresent
[eval_policy_wrapper] expert check skipped seed=100790: RuntimeError
[eval_policy_wrapper] exception in beat_block_hammer.setup_demo
Traceback (most recent call last):
  File "/root/data/robot/OpenWAM/benchmarks/robotwin/eval_policy_wrapper.py", line 218, in wrapped
    return method(*args, **kwargs)
  File "/root/data/robot/work/RoboTwin-openwam-verified/envs/beat_block_hammer.py", line 10, in setup_demo
    super()._init_task_env_(**kwags)
  File "/root/data/robot/work/RoboTwin-openwam-verified/envs/_base_task.py", line 90, in _init_task_env_
    self.setup_scene()
  File "/root/data/robot/work/RoboTwin-openwam-verified/envs/_base_task.py", line 210, in setup_scene
    self.renderer = sapien.SapienRenderer()
  File "/root/data/miniconda3/envs/robotwin-openwam/lib/python3.10/site-packages/sapien/wrapper/renderer.py", line 9, in __init__
    super().__init__()
RuntimeError: vk::PhysicalDevice::createDeviceUnique: ErrorExtensionNotPresent
[eval_policy_wrapper] expert check skipped seed=100791: RuntimeError
[eval_policy_wrapper] exception in beat_block_hammer.setup_demo
Traceback (most recent call last):
  File "/root/data/robot/OpenWAM/benchmarks/robotwin/eval_policy_wrapper.py", line 218, in wrapped
    return method(*args, **kwargs)
  File "/root/data/robot/work/RoboTwin-openwam-verified/envs/beat_block_hammer.py", line 10, in setup_demo
    super()._init_task_env_(**kwags)
  File "/root/data/robot/work/RoboTwin-openwam-verified/envs/_base_task.py", line 90, in _init_task_env_
    self.setup_scene()
  File "/root/data/robot/work/RoboTwin-openwam-verified/envs/_base_task.py", line 210, in setup_scene
    self.renderer = sapien.SapienRenderer()
  File "/root/data/miniconda3/envs/robotwin-openwam/lib/python3.10/site-packages/sapien/wrapper/renderer.py", line 9, in __init__
    super().__init__()
RuntimeError: vk::PhysicalDevice::createDeviceUnique: ErrorExtensionNotPresent
[eval_policy_wrapper] expert check skipped seed=100792: RuntimeError
[eval_policy_wrapper] exception in beat_block_hammer.setup_demo
Traceback (most recent call last):
  File "/root/data/robot/OpenWAM/benchmarks/robotwin/eval_policy_wrapper.py", line 218, in wrapped
    return method(*args, **kwargs)
  File "/root/data/robot/work/RoboTwin-openwam-verified/envs/beat_block_hammer.py", line 10, in setup_demo
    super()._init_task_env_(**kwags)
  File "/root/data/robot/work/RoboTwin-openwam-verified/envs/_base_task.py", line 90, in _init_task_env_
    self.setup_scene()
  File "/root/data/robot/work/RoboTwin-openwam-verified/envs/_base_task.py", line 210, in setup_scene
    self.renderer = sapien.SapienRenderer()
  File "/root/data/miniconda3/envs/robotwin-openwam/lib/python3.10/site-packages/sapien/wrapper/renderer.py", line 9, in __init__
    super().__init__()
RuntimeError: vk::PhysicalDevice::createDeviceUnique: ErrorExtensionNotPresent
[eval_policy_wrapper] expert check skipped seed=100793: RuntimeError
[eval_policy_wrapper] exception in beat_block_hammer.setup_demo
Traceback (most recent call last):
  File "/root/data/robot/OpenWAM/benchmarks/robotwin/eval_policy_wrapper.py", line 218, in wrapped
    return method(*args, **kwargs)
  File "/root/data/robot/work/RoboTwin-openwam-verified/envs/beat_block_hammer.py", line 10, in setup_demo
    super()._init_task_env_(**kwags)
  File "/root/data/robot/work/RoboTwin-openwam-verified/envs/_base_task.py", line 90, in _init_task_env_
    self.setup_scene()
  File "/root/data/robot/work/RoboTwin-openwam-verified/envs/_base_task.py", line 210, in setup_scene
    self.renderer = sapien.SapienRenderer()
  File "/root/data/miniconda3/envs/robotwin-openwam/lib/python3.10/site-packages/sapien/wrapper/renderer.py", line 9, in __init__
    super().__init__()
RuntimeError: vk::PhysicalDevice::createDeviceUnique: ErrorExtensionNotPresent
[eval_policy_wrapper] expert check skipped seed=100794: RuntimeError
[eval_policy_wrapper] exception in beat_block_hammer.setup_demo
Traceback (most recent call last):
  File "/root/data/robot/OpenWAM/benchmarks/robotwin/eval_policy_wrapper.py", line 218, in wrapped
    return method(*args, **kwargs)
  File "/root/data/robot/work/RoboTwin-openwam-verified/envs/beat_block_hammer.py", line 10, in setup_demo
    super()._init_task_env_(**kwags)
  File "/root/data/robot/work/RoboTwin-openwam-verified/envs/_base_task.py", line 90, in _init_task_env_
    self.setup_scene()
  File "/root/data/robot/work/RoboTwin-openwam-verified/envs/_base_task.py", line 210, in setup_scene
    self.renderer = sapien.SapienRenderer()
  File "/root/data/miniconda3/envs/robotwin-openwam/lib/python3.10/site-packages/sapien/wrapper/renderer.py", line 9, in __init__
    super().__init__()
RuntimeError: vk::PhysicalDevice::createDeviceUnique: ErrorExtensionNotPresent
[eval_policy_wrapper] expert check skipped seed=100795: RuntimeError
[eval_policy_wrapper] exception in beat_block_hammer.setup_demo
Traceback (most recent call last):
  File "/root/data/robot/OpenWAM/benchmarks/robotwin/eval_policy_wrapper.py", line 218, in wrapped
    return method(*args, **kwargs)
  File "/root/data/robot/work/RoboTwin-openwam-verified/envs/beat_block_hammer.py", line 10, in setup_demo
    super()._init_task_env_(**kwags)
  File "/root/data/robot/work/RoboTwin-openwam-verified/envs/_base_task.py", line 90, in _init_task_env_
    self.setup_scene()
  File "/root/data/robot/work/RoboTwin-openwam-verified/envs/_base_task.py", line 210, in setup_scene
    self.renderer = sapien.SapienRenderer()
  File "/root/data/miniconda3/envs/robotwin-openwam/lib/python3.10/site-packages/sapien/wrapper/renderer.py", line 9, in __init__
    super().__init__()
RuntimeError: vk::PhysicalDevice::createDeviceUnique: ErrorExtensionNotPresent
[eval_policy_wrapper] expert check skipped seed=100796: RuntimeError
[eval_policy_wrapper] exception in beat_block_hammer.setup_demo
Traceback (most recent call last):
  File "/root/data/robot/OpenWAM/benchmarks/robotwin/eval_policy_wrapper.py", line 218, in wrapped
    return method(*args, **kwargs)
  File "/root/data/robot/work/RoboTwin-openwam-verified/envs/beat_block_hammer.py", line 10, in setup_demo
    super()._init_task_env_(**kwags)
  File "/root/data/robot/work/RoboTwin-openwam-verified/envs/_base_task.py", line 90, in _init_task_env_
    self.setup_scene()
  File "/root/data/robot/work/RoboTwin-openwam-verified/envs/_base_task.py", line 210, in setup_scene
    self.renderer = sapien.SapienRenderer()
  File "/root/data/miniconda3/envs/robotwin-openwam/lib/python3.10/site-packages/sapien/wrapper/renderer.py", line 9, in __init__
    super().__init__()
RuntimeError: vk::PhysicalDevice::createDeviceUnique: ErrorExtensionNotPresent
[eval_policy_wrapper] expert check skipped seed=100797: RuntimeError
[eval_policy_wrapper] exception in beat_block_hammer.setup_demo
Traceback (most recent call last):
  File "/root/data/robot/OpenWAM/benchmarks/robotwin/eval_policy_wrapper.py", line 218, in wrapped
    return method(*args, **kwargs)
  File "/root/data/robot/work/RoboTwin-openwam-verified/envs/beat_block_hammer.py", line 10, in setup_demo
    super()._init_task_env_(**kwags)
  File "/root/data/robot/work/RoboTwin-openwam-verified/envs/_base_task.py", line 90, in _init_task_env_
    self.setup_scene()
  File "/root/data/robot/work/RoboTwin-openwam-verified/envs/_base_task.py", line 210, in setup_scene
    self.renderer = sapien.SapienRenderer()
  File "/root/data/miniconda3/envs/robotwin-openwam/lib/python3.10/site-packages/sapien/wrapper/renderer.py", line 9, in __init__
    super().__init__()
RuntimeError: vk::PhysicalDevice::createDeviceUnique: ErrorExtensionNotPresent
[eval_policy_wrapper] expert check skipped seed=100798: RuntimeError
[eval_policy_wrapper] exception in beat_block_hammer.setup_demo
Traceback (most recent call last):
  File "/root/data/robot/OpenWAM/benchmarks/robotwin/eval_policy_wrapper.py", line 218, in wrapped
    return method(*args, **kwargs)
  File "/root/data/robot/work/RoboTwin-openwam-verified/envs/beat_block_hammer.py", line 10, in setup_demo
    super()._init_task_env_(**kwags)
  File "/root/data/robot/work/RoboTwin-openwam-verified/envs/_base_task.py", line 90, in _init_task_env_
    self.setup_scene()
  File "/root/data/robot/work/RoboTwin-openwam-verified/envs/_base_task.py", line 210, in setup_scene
    self.renderer = sapien.SapienRenderer()
  File "/root/data/miniconda3/envs/robotwin-openwam/lib/python3.10/site-packages/sapien/wrapper/renderer.py", line 9, in __init__
    super().__init__()
RuntimeError: vk::PhysicalDevice::createDeviceUnique: ErrorExtensionNotPresent
[eval_policy_wrapper] expert check skipped seed=100799: RuntimeError
[eval_policy_wrapper] exception in beat_block_hammer.setup_demo
Traceback (most recent call last):
  File "/root/data/robot/OpenWAM/benchmarks/robotwin/eval_policy_wrapper.py", line 218, in wrapped
    return method(*args, **kwargs)
  File "/root/data/robot/work/RoboTwin-openwam-verified/envs/beat_block_hammer.py", line 10, in setup_demo
    super()._init_task_env_(**kwags)
  File "/root/data/robot/work/RoboTwin-openwam-verified/envs/_base_task.py", line 90, in _init_task_env_
    self.setup_scene()
  File "/root/data/robot/work/RoboTwin-openwam-verified/envs/_base_task.py", line 210, in setup_scene
    self.renderer = sapien.SapienRenderer()
  File "/root/data/miniconda3/envs/robotwin-openwam/lib/python3.10/site-packages/sapien/wrapper/renderer.py", line 9, in __init__
    super().__init__()
RuntimeError: vk::PhysicalDevice::createDeviceUnique: ErrorExtensionNotPresent
[eval_policy_wrapper] expert check skipped seed=100800: RuntimeError
[eval_policy_wrapper] exception in beat_block_hammer.setup_demo
Traceback (most recent call last):
  File "/root/data/robot/OpenWAM/benchmarks/robotwin/eval_policy_wrapper.py", line 218, in wrapped
    return method(*args, **kwargs)
  File "/root/data/robot/work/RoboTwin-openwam-verified/envs/beat_block_hammer.py", line 10, in setup_demo
    super()._init_task_env_(**kwags)
  File "/root/data/robot/work/RoboTwin-openwam-verified/envs/_base_task.py", line 90, in _init_task_env_
    self.setup_scene()
  File "/root/data/robot/work/RoboTwin-openwam-verified/envs/_base_task.py", line 210, in setup_scene
    self.renderer = sapien.SapienRenderer()
  File "/root/data/miniconda3/envs/robotwin-openwam/lib/python3.10/site-packages/sapien/wrapper/renderer.py", line 9, in __init__
    super().__init__()
RuntimeError: vk::PhysicalDevice::createDeviceUnique: ErrorExtensionNotPresent
[eval_policy_wrapper] expert check skipped seed=100801: RuntimeError
[eval_policy_wrapper] exception in beat_block_hammer.setup_demo
Traceback (most recent call last):
  File "/root/data/robot/OpenWAM/benchmarks/robotwin/eval_policy_wrapper.py", line 218, in wrapped
    return method(*args, **kwargs)
  File "/root/data/robot/work/RoboTwin-openwam-verified/envs/beat_block_hammer.py", line 10, in setup_demo
    super()._init_task_env_(**kwags)
  File "/root/data/robot/work/RoboTwin-openwam-verified/envs/_base_task.py", line 90, in _init_task_env_
    self.setup_scene()
  File "/root/data/robot/work/RoboTwin-openwam-verified/envs/_base_task.py", line 210, in setup_scene
    self.renderer = sapien.SapienRenderer()
  File "/root/data/miniconda3/envs/robotwin-openwam/lib/python3.10/site-packages/sapien/wrapper/renderer.py", line 9, in __init__
    super().__init__()
RuntimeError: vk::PhysicalDevice::createDeviceUnique: ErrorExtensionNotPresent
[eval_policy_wrapper] expert check skipped seed=100802: RuntimeError
[eval_policy_wrapper] exception in beat_block_hammer.setup_demo
Traceback (most recent call last):
  File "/root/data/robot/OpenWAM/benchmarks/robotwin/eval_policy_wrapper.py", line 218, in wrapped
    return method(*args, **kwargs)
  File "/root/data/robot/work/RoboTwin-openwam-verified/envs/beat_block_hammer.py", line 10, in setup_demo
    super()._init_task_env_(**kwags)
  File "/root/data/robot/work/RoboTwin-openwam-verified/envs/_base_task.py", line 90, in _init_task_env_
    self.setup_scene()
  File "/root/data/robot/work/RoboTwin-openwam-verified/envs/_base_task.py", line 210, in setup_scene
    self.renderer = sapien.SapienRenderer()
  File "/root/data/miniconda3/envs/robotwin-openwam/lib/python3.10/site-packages/sapien/wrapper/renderer.py", line 9, in __init__
    super().__init__()
RuntimeError: vk::PhysicalDevice::createDeviceUnique: ErrorExtensionNotPresent
[eval_policy_wrapper] expert check skipped seed=100803: RuntimeError
[eval_policy_wrapper] exception in beat_block_hammer.setup_demo
Traceback (most recent call last):
  File "/root/data/robot/OpenWAM/benchmarks/robotwin/eval_policy_wrapper.py", line 218, in wrapped
    return method(*args, **kwargs)
  File "/root/data/robot/work/RoboTwin-openwam-verified/envs/beat_block_hammer.py", line 10, in setup_demo
    super()._init_task_env_(**kwags)
  File "/root/data/robot/work/RoboTwin-openwam-verified/envs/_base_task.py", line 90, in _init_task_env_
    self.setup_scene()
  File "/root/data/robot/work/RoboTwin-openwam-verified/envs/_base_task.py", line 210, in setup_scene
    self.renderer = sapien.SapienRenderer()
  File "/root/data/miniconda3/envs/robotwin-openwam/lib/python3.10/site-packages/sapien/wrapper/renderer.py", line 9, in __init__
    super().__init__()
RuntimeError: vk::PhysicalDevice::createDeviceUnique: ErrorExtensionNotPresent
[eval_policy_wrapper] expert check skipped seed=100804: RuntimeError
[eval_policy_wrapper] exception in beat_block_hammer.setup_demo
Traceback (most recent call last):
  File "/root/data/robot/OpenWAM/benchmarks/robotwin/eval_policy_wrapper.py", line 218, in wrapped
    return method(*args, **kwargs)
  File "/root/data/robot/work/RoboTwin-openwam-verified/envs/beat_block_hammer.py", line 10, in setup_demo
    super()._init_task_env_(**kwags)
  File "/root/data/robot/work/RoboTwin-openwam-verified/envs/_base_task.py", line 90, in _init_task_env_
    self.setup_scene()
  File "/root/data/robot/work/RoboTwin-openwam-verified/envs/_base_task.py", line 210, in setup_scene
    self.renderer = sapien.SapienRenderer()
  File "/root/data/miniconda3/envs/robotwin-openwam/lib/python3.10/site-packages/sapien/wrapper/renderer.py", line 9, in __init__
    super().__init__()
RuntimeError: vk::PhysicalDevice::createDeviceUnique: ErrorExtensionNotPresent
[eval_policy_wrapper] expert check skipped seed=100805: RuntimeError
[eval_policy_wrapper] exception in beat_block_hammer.setup_demo
Traceback (most recent call last):
  File "/root/data/robot/OpenWAM/benchmarks/robotwin/eval_policy_wrapper.py", line 218, in wrapped
    return method(*args, **kwargs)
  File "/root/data/robot/work/RoboTwin-openwam-verified/envs/beat_block_hammer.py", line 10, in setup_demo
    super()._init_task_env_(**kwags)
  File "/root/data/robot/work/RoboTwin-openwam-verified/envs/_base_task.py", line 90, in _init_task_env_
    self.setup_scene()
  File "/root/data/robot/work/RoboTwin-openwam-verified/envs/_base_task.py", line 210, in setup_scene
    self.renderer = sapien.SapienRenderer()
  File "/root/data/miniconda3/envs/robotwin-openwam/lib/python3.10/site-packages/sapien/wrapper/renderer.py", line 9, in __init__
    super().__init__()
RuntimeError: vk::PhysicalDevice::createDeviceUnique: ErrorExtensionNotPresent
[eval_policy_wrapper] expert check skipped seed=100806: RuntimeError
[eval_policy_wrapper] exception in beat_block_hammer.setup_demo
Traceback (most recent call last):
  File "/root/data/robot/OpenWAM/benchmarks/robotwin/eval_policy_wrapper.py", line 218, in wrapped
    return method(*args, **kwargs)
  File "/root/data/robot/work/RoboTwin-openwam-verified/envs/beat_block_hammer.py", line 10, in setup_demo
    super()._init_task_env_(**kwags)
  File "/root/data/robot/work/RoboTwin-openwam-verified/envs/_base_task.py", line 90, in _init_task_env_
    self.setup_scene()
  File "/root/data/robot/work/RoboTwin-openwam-verified/envs/_base_task.py", line 210, in setup_scene
    self.renderer = sapien.SapienRenderer()
  File "/root/data/miniconda3/envs/robotwin-openwam/lib/python3.10/site-packages/sapien/wrapper/renderer.py", line 9, in __init__
    super().__init__()
RuntimeError: vk::PhysicalDevice::createDeviceUnique: ErrorExtensionNotPresent
[eval_policy_wrapper] expert check skipped seed=100807: RuntimeError
[eval_policy_wrapper] exception in beat_block_hammer.setup_demo
Traceback (most recent call last):
  File "/root/data/robot/OpenWAM/benchmarks/robotwin/eval_policy_wrapper.py", line 218, in wrapped
    return method(*args, **kwargs)
  File "/root/data/robot/work/RoboTwin-openwam-verified/envs/beat_block_hammer.py", line 10, in setup_demo
    super()._init_task_env_(**kwags)
  File "/root/data/robot/work/RoboTwin-openwam-verified/envs/_base_task.py", line 90, in _init_task_env_
    self.setup_scene()
  File "/root/data/robot/work/RoboTwin-openwam-verified/envs/_base_task.py", line 210, in setup_scene
    self.renderer = sapien.SapienRenderer()
  File "/root/data/miniconda3/envs/robotwin-openwam/lib/python3.10/site-packages/sapien/wrapper/renderer.py", line 9, in __init__
    super().__init__()
RuntimeError: vk::PhysicalDevice::createDeviceUnique: ErrorExtensionNotPresent
[eval_policy_wrapper] expert check skipped seed=100808: RuntimeError
[eval_policy_wrapper] exception in beat_block_hammer.setup_demo
Traceback (most recent call last):
  File "/root/data/robot/OpenWAM/benchmarks/robotwin/eval_policy_wrapper.py", line 218, in wrapped
    return method(*args, **kwargs)
  File "/root/data/robot/work/RoboTwin-openwam-verified/envs/beat_block_hammer.py", line 10, in setup_demo
    super()._init_task_env_(**kwags)
  File "/root/data/robot/work/RoboTwin-openwam-verified/envs/_base_task.py", line 90, in _init_task_env_
    self.setup_scene()
  File "/root/data/robot/work/RoboTwin-openwam-verified/envs/_base_task.py", line 210, in setup_scene
    self.renderer = sapien.SapienRenderer()
  File "/root/data/miniconda3/envs/robotwin-openwam/lib/python3.10/site-packages/sapien/wrapper/renderer.py", line 9, in __init__
    super().__init__()
RuntimeError: vk::PhysicalDevice::createDeviceUnique: ErrorExtensionNotPresent
[eval_policy_wrapper] expert check skipped seed=100809: RuntimeError
[eval_policy_wrapper] exception in beat_block_hammer.setup_demo
Traceback (most recent call last):
  File "/root/data/robot/OpenWAM/benchmarks/robotwin/eval_policy_wrapper.py", line 218, in wrapped
    return method(*args, **kwargs)
  File "/root/data/robot/work/RoboTwin-openwam-verified/envs/beat_block_hammer.py", line 10, in setup_demo
    super()._init_task_env_(**kwags)
  File "/root/data/robot/work/RoboTwin-openwam-verified/envs/_base_task.py", line 90, in _init_task_env_
    self.setup_scene()
  File "/root/data/robot/work/RoboTwin-openwam-verified/envs/_base_task.py", line 210, in setup_scene
    self.renderer = sapien.SapienRenderer()
  File "/root/data/miniconda3/envs/robotwin-openwam/lib/python3.10/site-packages/sapien/wrapper/renderer.py", line 9, in __init__
    super().__init__()
RuntimeError: vk::PhysicalDevice::createDeviceUnique: ErrorExtensionNotPresent
[eval_policy_wrapper] expert check skipped seed=100810: RuntimeError
[eval_policy_wrapper] exception in beat_block_hammer.setup_demo
Traceback (most recent call last):
  File "/root/data/robot/OpenWAM/benchmarks/robotwin/eval_policy_wrapper.py", line 218, in wrapped
    return method(*args, **kwargs)
  File "/root/data/robot/work/RoboTwin-openwam-verified/envs/beat_block_hammer.py", line 10, in setup_demo
    super()._init_task_env_(**kwags)
  File "/root/data/robot/work/RoboTwin-openwam-verified/envs/_base_task.py", line 90, in _init_task_env_
    self.setup_scene()
  File "/root/data/robot/work/RoboTwin-openwam-verified/envs/_base_task.py", line 210, in setup_scene
    self.renderer = sapien.SapienRenderer()
  File "/root/data/miniconda3/envs/robotwin-openwam/lib/python3.10/site-packages/sapien/wrapper/renderer.py", line 9, in __init__
    super().__init__()
RuntimeError: vk::PhysicalDevice::createDeviceUnique: ErrorExtensionNotPresent
[eval_policy_wrapper] expert check skipped seed=100811: RuntimeError
[eval_policy_wrapper] exception in beat_block_hammer.setup_demo
Traceback (most recent call last):
  File "/root/data/robot/OpenWAM/benchmarks/robotwin/eval_policy_wrapper.py", line 218, in wrapped
    return method(*args, **kwargs)
  File "/root/data/robot/work/RoboTwin-openwam-verified/envs/beat_block_hammer.py", line 10, in setup_demo
    super()._init_task_env_(**kwags)
  File "/root/data/robot/work/RoboTwin-openwam-verified/envs/_base_task.py", line 90, in _init_task_env_
    self.setup_scene()
  File "/root/data/robot/work/RoboTwin-openwam-verified/envs/_base_task.py", line 210, in setup_scene
    self.renderer = sapien.SapienRenderer()
  File "/root/data/miniconda3/envs/robotwin-openwam/lib/python3.10/site-packages/sapien/wrapper/renderer.py", line 9, in __init__
    super().__init__()
RuntimeError: vk::PhysicalDevice::createDeviceUnique: ErrorExtensionNotPresent
[eval_policy_wrapper] expert check skipped seed=100812: RuntimeError
[eval_policy_wrapper] exception in beat_block_hammer.setup_demo
Traceback (most recent call last):
  File "/root/data/robot/OpenWAM/benchmarks/robotwin/eval_policy_wrapper.py", line 218, in wrapped
    return method(*args, **kwargs)
  File "/root/data/robot/work/RoboTwin-openwam-verified/envs/beat_block_hammer.py", line 10, in setup_demo
    super()._init_task_env_(**kwags)
  File "/root/data/robot/work/RoboTwin-openwam-verified/envs/_base_task.py", line 90, in _init_task_env_
    self.setup_scene()
  File "/root/data/robot/work/RoboTwin-openwam-verified/envs/_base_task.py", line 210, in setup_scene
    self.renderer = sapien.SapienRenderer()
  File "/root/data/miniconda3/envs/robotwin-openwam/lib/python3.10/site-packages/sapien/wrapper/renderer.py", line 9, in __init__
    super().__init__()
RuntimeError: vk::PhysicalDevice::createDeviceUnique: ErrorExtensionNotPresent
[eval_policy_wrapper] expert check skipped seed=100813: RuntimeError
[eval_policy_wrapper] exception in beat_block_hammer.setup_demo
Traceback (most recent call last):
  File "/root/data/robot/OpenWAM/benchmarks/robotwin/eval_policy_wrapper.py", line 218, in wrapped
    return method(*args, **kwargs)
  File "/root/data/robot/work/RoboTwin-openwam-verified/envs/beat_block_hammer.py", line 10, in setup_demo
    super()._init_task_env_(**kwags)
  File "/root/data/robot/work/RoboTwin-openwam-verified/envs/_base_task.py", line 90, in _init_task_env_
    self.setup_scene()
  File "/root/data/robot/work/RoboTwin-openwam-verified/envs/_base_task.py", line 210, in setup_scene
    self.renderer = sapien.SapienRenderer()
  File "/root/data/miniconda3/envs/robotwin-openwam/lib/python3.10/site-packages/sapien/wrapper/renderer.py", line 9, in __init__
    super().__init__()
RuntimeError: vk::PhysicalDevice::createDeviceUnique: ErrorExtensionNotPresent
[eval_policy_wrapper] expert check skipped seed=100814: RuntimeError
[eval_policy_wrapper] exception in beat_block_hammer.setup_demo
Traceback (most recent call last):
  File "/root/data/robot/OpenWAM/benchmarks/robotwin/eval_policy_wrapper.py", line 218, in wrapped
    return method(*args, **kwargs)
  File "/root/data/robot/work/RoboTwin-openwam-verified/envs/beat_block_hammer.py", line 10, in setup_demo
    super()._init_task_env_(**kwags)
  File "/root/data/robot/work/RoboTwin-openwam-verified/envs/_base_task.py", line 90, in _init_task_env_
    self.setup_scene()
  File "/root/data/robot/work/RoboTwin-openwam-verified/envs/_base_task.py", line 210, in setup_scene
    self.renderer = sapien.SapienRenderer()
  File "/root/data/miniconda3/envs/robotwin-openwam/lib/python3.10/site-packages/sapien/wrapper/renderer.py", line 9, in __init__
    super().__init__()
RuntimeError: vk::PhysicalDevice::createDeviceUnique: ErrorExtensionNotPresent
[eval_policy_wrapper] expert check skipped seed=100815: RuntimeError
[eval_policy_wrapper] exception in beat_block_hammer.setup_demo
Traceback (most recent call last):
  File "/root/data/robot/OpenWAM/benchmarks/robotwin/eval_policy_wrapper.py", line 218, in wrapped
    return method(*args, **kwargs)
  File "/root/data/robot/work/RoboTwin-openwam-verified/envs/beat_block_hammer.py", line 10, in setup_demo
    super()._init_task_env_(**kwags)
  File "/root/data/robot/work/RoboTwin-openwam-verified/envs/_base_task.py", line 90, in _init_task_env_
    self.setup_scene()
  File "/root/data/robot/work/RoboTwin-openwam-verified/envs/_base_task.py", line 210, in setup_scene
    self.renderer = sapien.SapienRenderer()
  File "/root/data/miniconda3/envs/robotwin-openwam/lib/python3.10/site-packages/sapien/wrapper/renderer.py", line 9, in __init__
    super().__init__()
RuntimeError: vk::PhysicalDevice::createDeviceUnique: ErrorExtensionNotPresent
[eval_policy_wrapper] expert check skipped seed=100816: RuntimeError
[eval_policy_wrapper] exception in beat_block_hammer.setup_demo
Traceback (most recent call last):
  File "/root/data/robot/OpenWAM/benchmarks/robotwin/eval_policy_wrapper.py", line 218, in wrapped
    return method(*args, **kwargs)
  File "/root/data/robot/work/RoboTwin-openwam-verified/envs/beat_block_hammer.py", line 10, in setup_demo
    super()._init_task_env_(**kwags)
  File "/root/data/robot/work/RoboTwin-openwam-verified/envs/_base_task.py", line 90, in _init_task_env_
    self.setup_scene()
  File "/root/data/robot/work/RoboTwin-openwam-verified/envs/_base_task.py", line 210, in setup_scene
    self.renderer = sapien.SapienRenderer()
  File "/root/data/miniconda3/envs/robotwin-openwam/lib/python3.10/site-packages/sapien/wrapper/renderer.py", line 9, in __init__
    super().__init__()
RuntimeError: vk::PhysicalDevice::createDeviceUnique: ErrorExtensionNotPresent
[eval_policy_wrapper] expert check skipped seed=100817: RuntimeError
[eval_policy_wrapper] exception in beat_block_hammer.setup_demo
Traceback (most recent call last):
  File "/root/data/robot/OpenWAM/benchmarks/robotwin/eval_policy_wrapper.py", line 218, in wrapped
    return method(*args, **kwargs)
  File "/root/data/robot/work/RoboTwin-openwam-verified/envs/beat_block_hammer.py", line 10, in setup_demo
    super()._init_task_env_(**kwags)
  File "/root/data/robot/work/RoboTwin-openwam-verified/envs/_base_task.py", line 90, in _init_task_env_
    self.setup_scene()
  File "/root/data/robot/work/RoboTwin-openwam-verified/envs/_base_task.py", line 210, in setup_scene
    self.renderer = sapien.SapienRenderer()
  File "/root/data/miniconda3/envs/robotwin-openwam/lib/python3.10/site-packages/sapien/wrapper/renderer.py", line 9, in __init__
    super().__init__()
RuntimeError: vk::PhysicalDevice::createDeviceUnique: ErrorExtensionNotPresent
[eval_policy_wrapper] expert check skipped seed=100818: RuntimeError
[eval_policy_wrapper] exception in beat_block_hammer.setup_demo
Traceback (most recent call last):
  File "/root/data/robot/OpenWAM/benchmarks/robotwin/eval_policy_wrapper.py", line 218, in wrapped
    return method(*args, **kwargs)
  File "/root/data/robot/work/RoboTwin-openwam-verified/envs/beat_block_hammer.py", line 10, in setup_demo
    super()._init_task_env_(**kwags)
  File "/root/data/robot/work/RoboTwin-openwam-verified/envs/_base_task.py", line 90, in _init_task_env_
    self.setup_scene()
  File "/root/data/robot/work/RoboTwin-openwam-verified/envs/_base_task.py", line 210, in setup_scene
    self.renderer = sapien.SapienRenderer()
  File "/root/data/miniconda3/envs/robotwin-openwam/lib/python3.10/site-packages/sapien/wrapper/renderer.py", line 9, in __init__
    super().__init__()
RuntimeError: vk::PhysicalDevice::createDeviceUnique: ErrorExtensionNotPresent
[eval_policy_wrapper] expert check skipped seed=100819: RuntimeError
[eval_policy_wrapper] exception in beat_block_hammer.setup_demo
Traceback (most recent call last):
  File "/root/data/robot/OpenWAM/benchmarks/robotwin/eval_policy_wrapper.py", line 218, in wrapped
    return method(*args, **kwargs)
  File "/root/data/robot/work/RoboTwin-openwam-verified/envs/beat_block_hammer.py", line 10, in setup_demo
    super()._init_task_env_(**kwags)
  File "/root/data/robot/work/RoboTwin-openwam-verified/envs/_base_task.py", line 90, in _init_task_env_
    self.setup_scene()
  File "/root/data/robot/work/RoboTwin-openwam-verified/envs/_base_task.py", line 210, in setup_scene
    self.renderer = sapien.SapienRenderer()
  File "/root/data/miniconda3/envs/robotwin-openwam/lib/python3.10/site-packages/sapien/wrapper/renderer.py", line 9, in __init__
    super().__init__()
RuntimeError: vk::PhysicalDevice::createDeviceUnique: ErrorExtensionNotPresent
[eval_policy_wrapper] expert check skipped seed=100820: RuntimeError
[eval_policy_wrapper] exception in beat_block_hammer.setup_demo
Traceback (most recent call last):
  File "/root/data/robot/OpenWAM/benchmarks/robotwin/eval_policy_wrapper.py", line 218, in wrapped
    return method(*args, **kwargs)
  File "/root/data/robot/work/RoboTwin-openwam-verified/envs/beat_block_hammer.py", line 10, in setup_demo
    super()._init_task_env_(**kwags)
  File "/root/data/robot/work/RoboTwin-openwam-verified/envs/_base_task.py", line 90, in _init_task_env_
    self.setup_scene()
  File "/root/data/robot/work/RoboTwin-openwam-verified/envs/_base_task.py", line 210, in setup_scene
    self.renderer = sapien.SapienRenderer()
  File "/root/data/miniconda3/envs/robotwin-openwam/lib/python3.10/site-packages/sapien/wrapper/renderer.py", line 9, in __init__
    super().__init__()
RuntimeError: vk::PhysicalDevice::createDeviceUnique: ErrorExtensionNotPresent
[eval_policy_wrapper] expert check skipped seed=100821: RuntimeError
[eval_policy_wrapper] exception in beat_block_hammer.setup_demo
Traceback (most recent call last):
  File "/root/data/robot/OpenWAM/benchmarks/robotwin/eval_policy_wrapper.py", line 218, in wrapped
    return method(*args, **kwargs)
  File "/root/data/robot/work/RoboTwin-openwam-verified/envs/beat_block_hammer.py", line 10, in setup_demo
    super()._init_task_env_(**kwags)
  File "/root/data/robot/work/RoboTwin-openwam-verified/envs/_base_task.py", line 90, in _init_task_env_
    self.setup_scene()
  File "/root/data/robot/work/RoboTwin-openwam-verified/envs/_base_task.py", line 210, in setup_scene
    self.renderer = sapien.SapienRenderer()
  File "/root/data/miniconda3/envs/robotwin-openwam/lib/python3.10/site-packages/sapien/wrapper/renderer.py", line 9, in __init__
    super().__init__()
RuntimeError: vk::PhysicalDevice::createDeviceUnique: ErrorExtensionNotPresent
[eval_policy_wrapper] expert check skipped seed=100822: RuntimeError
[eval_policy_wrapper] exception in beat_block_hammer.setup_demo
Traceback (most recent call last):
  File "/root/data/robot/OpenWAM/benchmarks/robotwin/eval_policy_wrapper.py", line 218, in wrapped
    return method(*args, **kwargs)
  File "/root/data/robot/work/RoboTwin-openwam-verified/envs/beat_block_hammer.py", line 10, in setup_demo
    super()._init_task_env_(**kwags)
  File "/root/data/robot/work/RoboTwin-openwam-verified/envs/_base_task.py", line 90, in _init_task_env_
    self.setup_scene()
  File "/root/data/robot/work/RoboTwin-openwam-verified/envs/_base_task.py", line 210, in setup_scene
    self.renderer = sapien.SapienRenderer()
  File "/root/data/miniconda3/envs/robotwin-openwam/lib/python3.10/site-packages/sapien/wrapper/renderer.py", line 9, in __init__
    super().__init__()
RuntimeError: vk::PhysicalDevice::createDeviceUnique: ErrorExtensionNotPresent
[eval_policy_wrapper] expert check skipped seed=100823: RuntimeError
[eval_policy_wrapper] exception in beat_block_hammer.setup_demo
Traceback (most recent call last):
  File "/root/data/robot/OpenWAM/benchmarks/robotwin/eval_policy_wrapper.py", line 218, in wrapped
    return method(*args, **kwargs)
  File "/root/data/robot/work/RoboTwin-openwam-verified/envs/beat_block_hammer.py", line 10, in setup_demo
    super()._init_task_env_(**kwags)
  File "/root/data/robot/work/RoboTwin-openwam-verified/envs/_base_task.py", line 90, in _init_task_env_
    self.setup_scene()
  File "/root/data/robot/work/RoboTwin-openwam-verified/envs/_base_task.py", line 210, in setup_scene
    self.renderer = sapien.SapienRenderer()
  File "/root/data/miniconda3/envs/robotwin-openwam/lib/python3.10/site-packages/sapien/wrapper/renderer.py", line 9, in __init__
    super().__init__()
RuntimeError: vk::PhysicalDevice::createDeviceUnique: ErrorExtensionNotPresent
[eval_policy_wrapper] expert check skipped seed=100824: RuntimeError
[eval_policy_wrapper] exception in beat_block_hammer.setup_demo
Traceback (most recent call last):
  File "/root/data/robot/OpenWAM/benchmarks/robotwin/eval_policy_wrapper.py", line 218, in wrapped
    return method(*args, **kwargs)
  File "/root/data/robot/work/RoboTwin-openwam-verified/envs/beat_block_hammer.py", line 10, in setup_demo
    super()._init_task_env_(**kwags)
  File "/root/data/robot/work/RoboTwin-openwam-verified/envs/_base_task.py", line 90, in _init_task_env_
    self.setup_scene()
  File "/root/data/robot/work/RoboTwin-openwam-verified/envs/_base_task.py", line 210, in setup_scene
    self.renderer = sapien.SapienRenderer()
  File "/root/data/miniconda3/envs/robotwin-openwam/lib/python3.10/site-packages/sapien/wrapper/renderer.py", line 9, in __init__
    super().__init__()
RuntimeError: vk::PhysicalDevice::createDeviceUnique: ErrorExtensionNotPresent
[eval_policy_wrapper] expert check skipped seed=100825: RuntimeError
[eval_policy_wrapper] exception in beat_block_hammer.setup_demo
Traceback (most recent call last):
  File "/root/data/robot/OpenWAM/benchmarks/robotwin/eval_policy_wrapper.py", line 218, in wrapped
    return method(*args, **kwargs)
  File "/root/data/robot/work/RoboTwin-openwam-verified/envs/beat_block_hammer.py", line 10, in setup_demo
    super()._init_task_env_(**kwags)
  File "/root/data/robot/work/RoboTwin-openwam-verified/envs/_base_task.py", line 90, in _init_task_env_
    self.setup_scene()
  File "/root/data/robot/work/RoboTwin-openwam-verified/envs/_base_task.py", line 210, in setup_scene
    self.renderer = sapien.SapienRenderer()
  File "/root/data/miniconda3/envs/robotwin-openwam/lib/python3.10/site-packages/sapien/wrapper/renderer.py", line 9, in __init__
    super().__init__()
RuntimeError: vk::PhysicalDevice::createDeviceUnique: ErrorExtensionNotPresent
[eval_policy_wrapper] expert check skipped seed=100826: RuntimeError
[eval_policy_wrapper] exception in beat_block_hammer.setup_demo
Traceback (most recent call last):
  File "/root/data/robot/OpenWAM/benchmarks/robotwin/eval_policy_wrapper.py", line 218, in wrapped
    return method(*args, **kwargs)
  File "/root/data/robot/work/RoboTwin-openwam-verified/envs/beat_block_hammer.py", line 10, in setup_demo
    super()._init_task_env_(**kwags)
  File "/root/data/robot/work/RoboTwin-openwam-verified/envs/_base_task.py", line 90, in _init_task_env_
    self.setup_scene()
  File "/root/data/robot/work/RoboTwin-openwam-verified/envs/_base_task.py", line 210, in setup_scene
    self.renderer = sapien.SapienRenderer()
  File "/root/data/miniconda3/envs/robotwin-openwam/lib/python3.10/site-packages/sapien/wrapper/renderer.py", line 9, in __init__
    super().__init__()
RuntimeError: vk::PhysicalDevice::createDeviceUnique: ErrorExtensionNotPresent
[eval_policy_wrapper] expert check skipped seed=100827: RuntimeError
[eval_policy_wrapper] exception in beat_block_hammer.setup_demo
Traceback (most recent call last):
  File "/root/data/robot/OpenWAM/benchmarks/robotwin/eval_policy_wrapper.py", line 218, in wrapped
    return method(*args, **kwargs)
  File "/root/data/robot/work/RoboTwin-openwam-verified/envs/beat_block_hammer.py", line 10, in setup_demo
    super()._init_task_env_(**kwags)
  File "/root/data/robot/work/RoboTwin-openwam-verified/envs/_base_task.py", line 90, in _init_task_env_
    self.setup_scene()
  File "/root/data/robot/work/RoboTwin-openwam-verified/envs/_base_task.py", line 210, in setup_scene
    self.renderer = sapien.SapienRenderer()
  File "/root/data/miniconda3/envs/robotwin-openwam/lib/python3.10/site-packages/sapien/wrapper/renderer.py", line 9, in __init__
    super().__init__()
RuntimeError: vk::PhysicalDevice::createDeviceUnique: ErrorExtensionNotPresent
[eval_policy_wrapper] expert check skipped seed=100828: RuntimeError
[eval_policy_wrapper] exception in beat_block_hammer.setup_demo
Traceback (most recent call last):
  File "/root/data/robot/OpenWAM/benchmarks/robotwin/eval_policy_wrapper.py", line 218, in wrapped
    return method(*args, **kwargs)
  File "/root/data/robot/work/RoboTwin-openwam-verified/envs/beat_block_hammer.py", line 10, in setup_demo
    super()._init_task_env_(**kwags)
  File "/root/data/robot/work/RoboTwin-openwam-verified/envs/_base_task.py", line 90, in _init_task_env_
    self.setup_scene()
  File "/root/data/robot/work/RoboTwin-openwam-verified/envs/_base_task.py", line 210, in setup_scene
    self.renderer = sapien.SapienRenderer()
  File "/root/data/miniconda3/envs/robotwin-openwam/lib/python3.10/site-packages/sapien/wrapper/renderer.py", line 9, in __init__
    super().__init__()
RuntimeError: vk::PhysicalDevice::createDeviceUnique: ErrorExtensionNotPresent
[eval_policy_wrapper] expert check skipped seed=100829: RuntimeError
[eval_policy_wrapper] exception in beat_block_hammer.setup_demo
Traceback (most recent call last):
  File "/root/data/robot/OpenWAM/benchmarks/robotwin/eval_policy_wrapper.py", line 218, in wrapped
    return method(*args, **kwargs)
  File "/root/data/robot/work/RoboTwin-openwam-verified/envs/beat_block_hammer.py", line 10, in setup_demo
    super()._init_task_env_(**kwags)
  File "/root/data/robot/work/RoboTwin-openwam-verified/envs/_base_task.py", line 90, in _init_task_env_
    self.setup_scene()
  File "/root/data/robot/work/RoboTwin-openwam-verified/envs/_base_task.py", line 210, in setup_scene
    self.renderer = sapien.SapienRenderer()
  File "/root/data/miniconda3/envs/robotwin-openwam/lib/python3.10/site-packages/sapien/wrapper/renderer.py", line 9, in __init__
    super().__init__()
RuntimeError: vk::PhysicalDevice::createDeviceUnique: ErrorExtensionNotPresent
[eval_policy_wrapper] expert check skipped seed=100830: RuntimeError
[eval_policy_wrapper] exception in beat_block_hammer.setup_demo
Traceback (most recent call last):
  File "/root/data/robot/OpenWAM/benchmarks/robotwin/eval_policy_wrapper.py", line 218, in wrapped
    return method(*args, **kwargs)
  File "/root/data/robot/work/RoboTwin-openwam-verified/envs/beat_block_hammer.py", line 10, in setup_demo
    super()._init_task_env_(**kwags)
  File "/root/data/robot/work/RoboTwin-openwam-verified/envs/_base_task.py", line 90, in _init_task_env_
    self.setup_scene()
  File "/root/data/robot/work/RoboTwin-openwam-verified/envs/_base_task.py", line 210, in setup_scene
    self.renderer = sapien.SapienRenderer()
  File "/root/data/miniconda3/envs/robotwin-openwam/lib/python3.10/site-packages/sapien/wrapper/renderer.py", line 9, in __init__
    super().__init__()
RuntimeError: vk::PhysicalDevice::createDeviceUnique: ErrorExtensionNotPresent
[eval_policy_wrapper] expert check skipped seed=100831: RuntimeError
[eval_policy_wrapper] exception in beat_block_hammer.setup_demo
Traceback (most recent call last):
  File "/root/data/robot/OpenWAM/benchmarks/robotwin/eval_policy_wrapper.py", line 218, in wrapped
    return method(*args, **kwargs)
  File "/root/data/robot/work/RoboTwin-openwam-verified/envs/beat_block_hammer.py", line 10, in setup_demo
    super()._init_task_env_(**kwags)
  File "/root/data/robot/work/RoboTwin-openwam-verified/envs/_base_task.py", line 90, in _init_task_env_
    self.setup_scene()
  File "/root/data/robot/work/RoboTwin-openwam-verified/envs/_base_task.py", line 210, in setup_scene
    self.renderer = sapien.SapienRenderer()
  File "/root/data/miniconda3/envs/robotwin-openwam/lib/python3.10/site-packages/sapien/wrapper/renderer.py", line 9, in __init__
    super().__init__()
RuntimeError: vk::PhysicalDevice::createDeviceUnique: ErrorExtensionNotPresent
[eval_policy_wrapper] expert check skipped seed=100832: RuntimeError
[eval_policy_wrapper] exception in beat_block_hammer.setup_demo
Traceback (most recent call last):
  File "/root/data/robot/OpenWAM/benchmarks/robotwin/eval_policy_wrapper.py", line 218, in wrapped
    return method(*args, **kwargs)
  File "/root/data/robot/work/RoboTwin-openwam-verified/envs/beat_block_hammer.py", line 10, in setup_demo
    super()._init_task_env_(**kwags)
  File "/root/data/robot/work/RoboTwin-openwam-verified/envs/_base_task.py", line 90, in _init_task_env_
    self.setup_scene()
  File "/root/data/robot/work/RoboTwin-openwam-verified/envs/_base_task.py", line 210, in setup_scene
    self.renderer = sapien.SapienRenderer()
  File "/root/data/miniconda3/envs/robotwin-openwam/lib/python3.10/site-packages/sapien/wrapper/renderer.py", line 9, in __init__
    super().__init__()
RuntimeError: vk::PhysicalDevice::createDeviceUnique: ErrorExtensionNotPresent
[eval_policy_wrapper] expert check skipped seed=100833: RuntimeError
[eval_policy_wrapper] exception in beat_block_hammer.setup_demo
Traceback (most recent call last):
  File "/root/data/robot/OpenWAM/benchmarks/robotwin/eval_policy_wrapper.py", line 218, in wrapped
    return method(*args, **kwargs)
  File "/root/data/robot/work/RoboTwin-openwam-verified/envs/beat_block_hammer.py", line 10, in setup_demo
    super()._init_task_env_(**kwags)
  File "/root/data/robot/work/RoboTwin-openwam-verified/envs/_base_task.py", line 90, in _init_task_env_
    self.setup_scene()
  File "/root/data/robot/work/RoboTwin-openwam-verified/envs/_base_task.py", line 210, in setup_scene
    self.renderer = sapien.SapienRenderer()
  File "/root/data/miniconda3/envs/robotwin-openwam/lib/python3.10/site-packages/sapien/wrapper/renderer.py", line 9, in __init__
    super().__init__()
RuntimeError: vk::PhysicalDevice::createDeviceUnique: ErrorExtensionNotPresent
[eval_policy_wrapper] expert check skipped seed=100834: RuntimeError
[eval_policy_wrapper] exception in beat_block_hammer.setup_demo
Traceback (most recent call last):
  File "/root/data/robot/OpenWAM/benchmarks/robotwin/eval_policy_wrapper.py", line 218, in wrapped
    return method(*args, **kwargs)
  File "/root/data/robot/work/RoboTwin-openwam-verified/envs/beat_block_hammer.py", line 10, in setup_demo
    super()._init_task_env_(**kwags)
  File "/root/data/robot/work/RoboTwin-openwam-verified/envs/_base_task.py", line 90, in _init_task_env_
    self.setup_scene()
  File "/root/data/robot/work/RoboTwin-openwam-verified/envs/_base_task.py", line 210, in setup_scene
    self.renderer = sapien.SapienRenderer()
  File "/root/data/miniconda3/envs/robotwin-openwam/lib/python3.10/site-packages/sapien/wrapper/renderer.py", line 9, in __init__
    super().__init__()
RuntimeError: vk::PhysicalDevice::createDeviceUnique: ErrorExtensionNotPresent
[eval_policy_wrapper] expert check skipped seed=100835: RuntimeError
[eval_policy_wrapper] exception in beat_block_hammer.setup_demo
Traceback (most recent call last):
  File "/root/data/robot/OpenWAM/benchmarks/robotwin/eval_policy_wrapper.py", line 218, in wrapped
    return method(*args, **kwargs)
  File "/root/data/robot/work/RoboTwin-openwam-verified/envs/beat_block_hammer.py", line 10, in setup_demo
    super()._init_task_env_(**kwags)
  File "/root/data/robot/work/RoboTwin-openwam-verified/envs/_base_task.py", line 90, in _init_task_env_
    self.setup_scene()
  File "/root/data/robot/work/RoboTwin-openwam-verified/envs/_base_task.py", line 210, in setup_scene
    self.renderer = sapien.SapienRenderer()
  File "/root/data/miniconda3/envs/robotwin-openwam/lib/python3.10/site-packages/sapien/wrapper/renderer.py", line 9, in __init__
    super().__init__()
RuntimeError: vk::PhysicalDevice::createDeviceUnique: ErrorExtensionNotPresent
[eval_policy_wrapper] expert check skipped seed=100836: RuntimeError
[eval_policy_wrapper] exception in beat_block_hammer.setup_demo
Traceback (most recent call last):
  File "/root/data/robot/OpenWAM/benchmarks/robotwin/eval_policy_wrapper.py", line 218, in wrapped
    return method(*args, **kwargs)
  File "/root/data/robot/work/RoboTwin-openwam-verified/envs/beat_block_hammer.py", line 10, in setup_demo
    super()._init_task_env_(**kwags)
  File "/root/data/robot/work/RoboTwin-openwam-verified/envs/_base_task.py", line 90, in _init_task_env_
    self.setup_scene()
  File "/root/data/robot/work/RoboTwin-openwam-verified/envs/_base_task.py", line 210, in setup_scene
    self.renderer = sapien.SapienRenderer()
  File "/root/data/miniconda3/envs/robotwin-openwam/lib/python3.10/site-packages/sapien/wrapper/renderer.py", line 9, in __init__
    super().__init__()
RuntimeError: vk::PhysicalDevice::createDeviceUnique: ErrorExtensionNotPresent
[eval_policy_wrapper] expert check skipped seed=100837: RuntimeError
[eval_policy_wrapper] exception in beat_block_hammer.setup_demo
Traceback (most recent call last):
  File "/root/data/robot/OpenWAM/benchmarks/robotwin/eval_policy_wrapper.py", line 218, in wrapped
    return method(*args, **kwargs)
  File "/root/data/robot/work/RoboTwin-openwam-verified/envs/beat_block_hammer.py", line 10, in setup_demo
    super()._init_task_env_(**kwags)
  File "/root/data/robot/work/RoboTwin-openwam-verified/envs/_base_task.py", line 90, in _init_task_env_
    self.setup_scene()
  File "/root/data/robot/work/RoboTwin-openwam-verified/envs/_base_task.py", line 210, in setup_scene
    self.renderer = sapien.SapienRenderer()
  File "/root/data/miniconda3/envs/robotwin-openwam/lib/python3.10/site-packages/sapien/wrapper/renderer.py", line 9, in __init__
    super().__init__()
RuntimeError: vk::PhysicalDevice::createDeviceUnique: ErrorExtensionNotPresent
[eval_policy_wrapper] expert check skipped seed=100838: RuntimeError
[eval_policy_wrapper] exception in beat_block_hammer.setup_demo
Traceback (most recent call last):
  File "/root/data/robot/OpenWAM/benchmarks/robotwin/eval_policy_wrapper.py", line 218, in wrapped
    return method(*args, **kwargs)
  File "/root/data/robot/work/RoboTwin-openwam-verified/envs/beat_block_hammer.py", line 10, in setup_demo
    super()._init_task_env_(**kwags)
  File "/root/data/robot/work/RoboTwin-openwam-verified/envs/_base_task.py", line 90, in _init_task_env_
    self.setup_scene()
  File "/root/data/robot/work/RoboTwin-openwam-verified/envs/_base_task.py", line 210, in setup_scene
    self.renderer = sapien.SapienRenderer()
  File "/root/data/miniconda3/envs/robotwin-openwam/lib/python3.10/site-packages/sapien/wrapper/renderer.py", line 9, in __init__
    super().__init__()
RuntimeError: vk::PhysicalDevice::createDeviceUnique: ErrorExtensionNotPresent
[eval_policy_wrapper] expert check skipped seed=100839: RuntimeError
[eval_policy_wrapper] exception in beat_block_hammer.setup_demo
Traceback (most recent call last):
  File "/root/data/robot/OpenWAM/benchmarks/robotwin/eval_policy_wrapper.py", line 218, in wrapped
    return method(*args, **kwargs)
  File "/root/data/robot/work/RoboTwin-openwam-verified/envs/beat_block_hammer.py", line 10, in setup_demo
    super()._init_task_env_(**kwags)
  File "/root/data/robot/work/RoboTwin-openwam-verified/envs/_base_task.py", line 90, in _init_task_env_
    self.setup_scene()
  File "/root/data/robot/work/RoboTwin-openwam-verified/envs/_base_task.py", line 210, in setup_scene
    self.renderer = sapien.SapienRenderer()
  File "/root/data/miniconda3/envs/robotwin-openwam/lib/python3.10/site-packages/sapien/wrapper/renderer.py", line 9, in __init__
    super().__init__()
RuntimeError: vk::PhysicalDevice::createDeviceUnique: ErrorExtensionNotPresent
[eval_policy_wrapper] expert check skipped seed=100840: RuntimeError
[eval_policy_wrapper] exception in beat_block_hammer.setup_demo
Traceback (most recent call last):
  File "/root/data/robot/OpenWAM/benchmarks/robotwin/eval_policy_wrapper.py", line 218, in wrapped
    return method(*args, **kwargs)
  File "/root/data/robot/work/RoboTwin-openwam-verified/envs/beat_block_hammer.py", line 10, in setup_demo
    super()._init_task_env_(**kwags)
  File "/root/data/robot/work/RoboTwin-openwam-verified/envs/_base_task.py", line 90, in _init_task_env_
    self.setup_scene()
  File "/root/data/robot/work/RoboTwin-openwam-verified/envs/_base_task.py", line 210, in setup_scene
    self.renderer = sapien.SapienRenderer()
  File "/root/data/miniconda3/envs/robotwin-openwam/lib/python3.10/site-packages/sapien/wrapper/renderer.py", line 9, in __init__
    super().__init__()
RuntimeError: vk::PhysicalDevice::createDeviceUnique: ErrorExtensionNotPresent
[eval_policy_wrapper] expert check skipped seed=100841: RuntimeError
[eval_policy_wrapper] exception in beat_block_hammer.setup_demo
Traceback (most recent call last):
  File "/root/data/robot/OpenWAM/benchmarks/robotwin/eval_policy_wrapper.py", line 218, in wrapped
    return method(*args, **kwargs)
  File "/root/data/robot/work/RoboTwin-openwam-verified/envs/beat_block_hammer.py", line 10, in setup_demo
    super()._init_task_env_(**kwags)
  File "/root/data/robot/work/RoboTwin-openwam-verified/envs/_base_task.py", line 90, in _init_task_env_
    self.setup_scene()
  File "/root/data/robot/work/RoboTwin-openwam-verified/envs/_base_task.py", line 210, in setup_scene
    self.renderer = sapien.SapienRenderer()
  File "/root/data/miniconda3/envs/robotwin-openwam/lib/python3.10/site-packages/sapien/wrapper/renderer.py", line 9, in __init__
    super().__init__()
RuntimeError: vk::PhysicalDevice::createDeviceUnique: ErrorExtensionNotPresent
[eval_policy_wrapper] expert check skipped seed=100842: RuntimeError
[eval_policy_wrapper] exception in beat_block_hammer.setup_demo
Traceback (most recent call last):
  File "/root/data/robot/OpenWAM/benchmarks/robotwin/eval_policy_wrapper.py", line 218, in wrapped
    return method(*args, **kwargs)
  File "/root/data/robot/work/RoboTwin-openwam-verified/envs/beat_block_hammer.py", line 10, in setup_demo
    super()._init_task_env_(**kwags)
  File "/root/data/robot/work/RoboTwin-openwam-verified/envs/_base_task.py", line 90, in _init_task_env_
    self.setup_scene()
  File "/root/data/robot/work/RoboTwin-openwam-verified/envs/_base_task.py", line 210, in setup_scene
    self.renderer = sapien.SapienRenderer()
  File "/root/data/miniconda3/envs/robotwin-openwam/lib/python3.10/site-packages/sapien/wrapper/renderer.py", line 9, in __init__
    super().__init__()
RuntimeError: vk::PhysicalDevice::createDeviceUnique: ErrorExtensionNotPresent
[eval_policy_wrapper] expert check skipped seed=100843: RuntimeError
[eval_policy_wrapper] exception in beat_block_hammer.setup_demo
Traceback (most recent call last):
  File "/root/data/robot/OpenWAM/benchmarks/robotwin/eval_policy_wrapper.py", line 218, in wrapped
    return method(*args, **kwargs)
  File "/root/data/robot/work/RoboTwin-openwam-verified/envs/beat_block_hammer.py", line 10, in setup_demo
    super()._init_task_env_(**kwags)
  File "/root/data/robot/work/RoboTwin-openwam-verified/envs/_base_task.py", line 90, in _init_task_env_
    self.setup_scene()
  File "/root/data/robot/work/RoboTwin-openwam-verified/envs/_base_task.py", line 210, in setup_scene
    self.renderer = sapien.SapienRenderer()
  File "/root/data/miniconda3/envs/robotwin-openwam/lib/python3.10/site-packages/sapien/wrapper/renderer.py", line 9, in __init__
    super().__init__()
RuntimeError: vk::PhysicalDevice::createDeviceUnique: ErrorExtensionNotPresent
[eval_policy_wrapper] expert check skipped seed=100844: RuntimeError
[eval_policy_wrapper] exception in beat_block_hammer.setup_demo
Traceback (most recent call last):
  File "/root/data/robot/OpenWAM/benchmarks/robotwin/eval_policy_wrapper.py", line 218, in wrapped
    return method(*args, **kwargs)
  File "/root/data/robot/work/RoboTwin-openwam-verified/envs/beat_block_hammer.py", line 10, in setup_demo
    super()._init_task_env_(**kwags)
  File "/root/data/robot/work/RoboTwin-openwam-verified/envs/_base_task.py", line 90, in _init_task_env_
    self.setup_scene()
  File "/root/data/robot/work/RoboTwin-openwam-verified/envs/_base_task.py", line 210, in setup_scene
    self.renderer = sapien.SapienRenderer()
  File "/root/data/miniconda3/envs/robotwin-openwam/lib/python3.10/site-packages/sapien/wrapper/renderer.py", line 9, in __init__
    super().__init__()
RuntimeError: vk::PhysicalDevice::createDeviceUnique: ErrorExtensionNotPresent
[eval_policy_wrapper] expert check skipped seed=100845: RuntimeError
[eval_policy_wrapper] exception in beat_block_hammer.setup_demo
Traceback (most recent call last):
  File "/root/data/robot/OpenWAM/benchmarks/robotwin/eval_policy_wrapper.py", line 218, in wrapped
    return method(*args, **kwargs)
  File "/root/data/robot/work/RoboTwin-openwam-verified/envs/beat_block_hammer.py", line 10, in setup_demo
    super()._init_task_env_(**kwags)
  File "/root/data/robot/work/RoboTwin-openwam-verified/envs/_base_task.py", line 90, in _init_task_env_
    self.setup_scene()
  File "/root/data/robot/work/RoboTwin-openwam-verified/envs/_base_task.py", line 210, in setup_scene
    self.renderer = sapien.SapienRenderer()
  File "/root/data/miniconda3/envs/robotwin-openwam/lib/python3.10/site-packages/sapien/wrapper/renderer.py", line 9, in __init__
    super().__init__()
RuntimeError: vk::PhysicalDevice::createDeviceUnique: ErrorExtensionNotPresent
[eval_policy_wrapper] expert check skipped seed=100846: RuntimeError
[eval_policy_wrapper] exception in beat_block_hammer.setup_demo
Traceback (most recent call last):
  File "/root/data/robot/OpenWAM/benchmarks/robotwin/eval_policy_wrapper.py", line 218, in wrapped
    return method(*args, **kwargs)
  File "/root/data/robot/work/RoboTwin-openwam-verified/envs/beat_block_hammer.py", line 10, in setup_demo
    super()._init_task_env_(**kwags)
  File "/root/data/robot/work/RoboTwin-openwam-verified/envs/_base_task.py", line 90, in _init_task_env_
    self.setup_scene()
  File "/root/data/robot/work/RoboTwin-openwam-verified/envs/_base_task.py", line 210, in setup_scene
    self.renderer = sapien.SapienRenderer()
  File "/root/data/miniconda3/envs/robotwin-openwam/lib/python3.10/site-packages/sapien/wrapper/renderer.py", line 9, in __init__
    super().__init__()
RuntimeError: vk::PhysicalDevice::createDeviceUnique: ErrorExtensionNotPresent
[eval_policy_wrapper] expert check skipped seed=100847: RuntimeError
[eval_policy_wrapper] exception in beat_block_hammer.setup_demo
Traceback (most recent call last):
  File "/root/data/robot/OpenWAM/benchmarks/robotwin/eval_policy_wrapper.py", line 218, in wrapped
    return method(*args, **kwargs)
  File "/root/data/robot/work/RoboTwin-openwam-verified/envs/beat_block_hammer.py", line 10, in setup_demo
    super()._init_task_env_(**kwags)
  File "/root/data/robot/work/RoboTwin-openwam-verified/envs/_base_task.py", line 90, in _init_task_env_
    self.setup_scene()
  File "/root/data/robot/work/RoboTwin-openwam-verified/envs/_base_task.py", line 210, in setup_scene
    self.renderer = sapien.SapienRenderer()
  File "/root/data/miniconda3/envs/robotwin-openwam/lib/python3.10/site-packages/sapien/wrapper/renderer.py", line 9, in __init__
    super().__init__()
RuntimeError: vk::PhysicalDevice::createDeviceUnique: ErrorExtensionNotPresent
[eval_policy_wrapper] expert check skipped seed=100848: RuntimeError
[eval_policy_wrapper] exception in beat_block_hammer.setup_demo
Traceback (most recent call last):
  File "/root/data/robot/OpenWAM/benchmarks/robotwin/eval_policy_wrapper.py", line 218, in wrapped
    return method(*args, **kwargs)
  File "/root/data/robot/work/RoboTwin-openwam-verified/envs/beat_block_hammer.py", line 10, in setup_demo
    super()._init_task_env_(**kwags)
  File "/root/data/robot/work/RoboTwin-openwam-verified/envs/_base_task.py", line 90, in _init_task_env_
    self.setup_scene()
  File "/root/data/robot/work/RoboTwin-openwam-verified/envs/_base_task.py", line 210, in setup_scene
    self.renderer = sapien.SapienRenderer()
  File "/root/data/miniconda3/envs/robotwin-openwam/lib/python3.10/site-packages/sapien/wrapper/renderer.py", line 9, in __init__
    super().__init__()
RuntimeError: vk::PhysicalDevice::createDeviceUnique: ErrorExtensionNotPresent
[eval_policy_wrapper] expert check skipped seed=100849: RuntimeError
[eval_policy_wrapper] exception in beat_block_hammer.setup_demo
Traceback (most recent call last):
  File "/root/data/robot/OpenWAM/benchmarks/robotwin/eval_policy_wrapper.py", line 218, in wrapped
    return method(*args, **kwargs)
  File "/root/data/robot/work/RoboTwin-openwam-verified/envs/beat_block_hammer.py", line 10, in setup_demo
    super()._init_task_env_(**kwags)
  File "/root/data/robot/work/RoboTwin-openwam-verified/envs/_base_task.py", line 90, in _init_task_env_
    self.setup_scene()
  File "/root/data/robot/work/RoboTwin-openwam-verified/envs/_base_task.py", line 210, in setup_scene
    self.renderer = sapien.SapienRenderer()
  File "/root/data/miniconda3/envs/robotwin-openwam/lib/python3.10/site-packages/sapien/wrapper/renderer.py", line 9, in __init__
    super().__init__()
RuntimeError: vk::PhysicalDevice::createDeviceUnique: ErrorExtensionNotPresent
[eval_policy_wrapper] expert check skipped seed=100850: RuntimeError
[eval_policy_wrapper] exception in beat_block_hammer.setup_demo
Traceback (most recent call last):
  File "/root/data/robot/OpenWAM/benchmarks/robotwin/eval_policy_wrapper.py", line 218, in wrapped
    return method(*args, **kwargs)
  File "/root/data/robot/work/RoboTwin-openwam-verified/envs/beat_block_hammer.py", line 10, in setup_demo
    super()._init_task_env_(**kwags)
  File "/root/data/robot/work/RoboTwin-openwam-verified/envs/_base_task.py", line 90, in _init_task_env_
    self.setup_scene()
  File "/root/data/robot/work/RoboTwin-openwam-verified/envs/_base_task.py", line 210, in setup_scene
    self.renderer = sapien.SapienRenderer()
  File "/root/data/miniconda3/envs/robotwin-openwam/lib/python3.10/site-packages/sapien/wrapper/renderer.py", line 9, in __init__
    super().__init__()
RuntimeError: vk::PhysicalDevice::createDeviceUnique: ErrorExtensionNotPresent
[eval_policy_wrapper] expert check skipped seed=100851: RuntimeError
[eval_policy_wrapper] exception in beat_block_hammer.setup_demo
Traceback (most recent call last):
  File "/root/data/robot/OpenWAM/benchmarks/robotwin/eval_policy_wrapper.py", line 218, in wrapped
    return method(*args, **kwargs)
  File "/root/data/robot/work/RoboTwin-openwam-verified/envs/beat_block_hammer.py", line 10, in setup_demo
    super()._init_task_env_(**kwags)
  File "/root/data/robot/work/RoboTwin-openwam-verified/envs/_base_task.py", line 90, in _init_task_env_
    self.setup_scene()
  File "/root/data/robot/work/RoboTwin-openwam-verified/envs/_base_task.py", line 210, in setup_scene
    self.renderer = sapien.SapienRenderer()
  File "/root/data/miniconda3/envs/robotwin-openwam/lib/python3.10/site-packages/sapien/wrapper/renderer.py", line 9, in __init__
    super().__init__()
RuntimeError: vk::PhysicalDevice::createDeviceUnique: ErrorExtensionNotPresent
[eval_policy_wrapper] expert check skipped seed=100852: RuntimeError
[eval_policy_wrapper] exception in beat_block_hammer.setup_demo
Traceback (most recent call last):
  File "/root/data/robot/OpenWAM/benchmarks/robotwin/eval_policy_wrapper.py", line 218, in wrapped
    return method(*args, **kwargs)
  File "/root/data/robot/work/RoboTwin-openwam-verified/envs/beat_block_hammer.py", line 10, in setup_demo
    super()._init_task_env_(**kwags)
  File "/root/data/robot/work/RoboTwin-openwam-verified/envs/_base_task.py", line 90, in _init_task_env_
    self.setup_scene()
  File "/root/data/robot/work/RoboTwin-openwam-verified/envs/_base_task.py", line 210, in setup_scene
    self.renderer = sapien.SapienRenderer()
  File "/root/data/miniconda3/envs/robotwin-openwam/lib/python3.10/site-packages/sapien/wrapper/renderer.py", line 9, in __init__
    super().__init__()
RuntimeError: vk::PhysicalDevice::createDeviceUnique: ErrorExtensionNotPresent
[eval_policy_wrapper] expert check skipped seed=100853: RuntimeError
[eval_policy_wrapper] exception in beat_block_hammer.setup_demo
Traceback (most recent call last):
  File "/root/data/robot/OpenWAM/benchmarks/robotwin/eval_policy_wrapper.py", line 218, in wrapped
    return method(*args, **kwargs)
  File "/root/data/robot/work/RoboTwin-openwam-verified/envs/beat_block_hammer.py", line 10, in setup_demo
    super()._init_task_env_(**kwags)
  File "/root/data/robot/work/RoboTwin-openwam-verified/envs/_base_task.py", line 90, in _init_task_env_
    self.setup_scene()
  File "/root/data/robot/work/RoboTwin-openwam-verified/envs/_base_task.py", line 210, in setup_scene
    self.renderer = sapien.SapienRenderer()
  File "/root/data/miniconda3/envs/robotwin-openwam/lib/python3.10/site-packages/sapien/wrapper/renderer.py", line 9, in __init__
    super().__init__()
RuntimeError: vk::PhysicalDevice::createDeviceUnique: ErrorExtensionNotPresent
[eval_policy_wrapper] expert check skipped seed=100854: RuntimeError
[eval_policy_wrapper] exception in beat_block_hammer.setup_demo
Traceback (most recent call last):
  File "/root/data/robot/OpenWAM/benchmarks/robotwin/eval_policy_wrapper.py", line 218, in wrapped
    return method(*args, **kwargs)
  File "/root/data/robot/work/RoboTwin-openwam-verified/envs/beat_block_hammer.py", line 10, in setup_demo
    super()._init_task_env_(**kwags)
  File "/root/data/robot/work/RoboTwin-openwam-verified/envs/_base_task.py", line 90, in _init_task_env_
    self.setup_scene()
  File "/root/data/robot/work/RoboTwin-openwam-verified/envs/_base_task.py", line 210, in setup_scene
    self.renderer = sapien.SapienRenderer()
  File "/root/data/miniconda3/envs/robotwin-openwam/lib/python3.10/site-packages/sapien/wrapper/renderer.py", line 9, in __init__
    super().__init__()
RuntimeError: vk::PhysicalDevice::createDeviceUnique: ErrorExtensionNotPresent
[eval_policy_wrapper] expert check skipped seed=100855: RuntimeError
[eval_policy_wrapper] exception in beat_block_hammer.setup_demo
Traceback (most recent call last):
  File "/root/data/robot/OpenWAM/benchmarks/robotwin/eval_policy_wrapper.py", line 218, in wrapped
    return method(*args, **kwargs)
  File "/root/data/robot/work/RoboTwin-openwam-verified/envs/beat_block_hammer.py", line 10, in setup_demo
    super()._init_task_env_(**kwags)
  File "/root/data/robot/work/RoboTwin-openwam-verified/envs/_base_task.py", line 90, in _init_task_env_
    self.setup_scene()
  File "/root/data/robot/work/RoboTwin-openwam-verified/envs/_base_task.py", line 210, in setup_scene
    self.renderer = sapien.SapienRenderer()
  File "/root/data/miniconda3/envs/robotwin-openwam/lib/python3.10/site-packages/sapien/wrapper/renderer.py", line 9, in __init__
    super().__init__()
RuntimeError: vk::PhysicalDevice::createDeviceUnique: ErrorExtensionNotPresent
[eval_policy_wrapper] expert check skipped seed=100856: RuntimeError
[eval_policy_wrapper] exception in beat_block_hammer.setup_demo
Traceback (most recent call last):
  File "/root/data/robot/OpenWAM/benchmarks/robotwin/eval_policy_wrapper.py", line 218, in wrapped
    return method(*args, **kwargs)
  File "/root/data/robot/work/RoboTwin-openwam-verified/envs/beat_block_hammer.py", line 10, in setup_demo
    super()._init_task_env_(**kwags)
  File "/root/data/robot/work/RoboTwin-openwam-verified/envs/_base_task.py", line 90, in _init_task_env_
    self.setup_scene()
  File "/root/data/robot/work/RoboTwin-openwam-verified/envs/_base_task.py", line 210, in setup_scene
    self.renderer = sapien.SapienRenderer()
  File "/root/data/miniconda3/envs/robotwin-openwam/lib/python3.10/site-packages/sapien/wrapper/renderer.py", line 9, in __init__
    super().__init__()
RuntimeError: vk::PhysicalDevice::createDeviceUnique: ErrorExtensionNotPresent
[eval_policy_wrapper] expert check skipped seed=100857: RuntimeError
[eval_policy_wrapper] exception in beat_block_hammer.setup_demo
Traceback (most recent call last):
  File "/root/data/robot/OpenWAM/benchmarks/robotwin/eval_policy_wrapper.py", line 218, in wrapped
    return method(*args, **kwargs)
  File "/root/data/robot/work/RoboTwin-openwam-verified/envs/beat_block_hammer.py", line 10, in setup_demo
    super()._init_task_env_(**kwags)
  File "/root/data/robot/work/RoboTwin-openwam-verified/envs/_base_task.py", line 90, in _init_task_env_
    self.setup_scene()
  File "/root/data/robot/work/RoboTwin-openwam-verified/envs/_base_task.py", line 210, in setup_scene
    self.renderer = sapien.SapienRenderer()
  File "/root/data/miniconda3/envs/robotwin-openwam/lib/python3.10/site-packages/sapien/wrapper/renderer.py", line 9, in __init__
    super().__init__()
RuntimeError: vk::PhysicalDevice::createDeviceUnique: ErrorExtensionNotPresent
[eval_policy_wrapper] expert check skipped seed=100858: RuntimeError
[eval_policy_wrapper] exception in beat_block_hammer.setup_demo
Traceback (most recent call last):
  File "/root/data/robot/OpenWAM/benchmarks/robotwin/eval_policy_wrapper.py", line 218, in wrapped
    return method(*args, **kwargs)
  File "/root/data/robot/work/RoboTwin-openwam-verified/envs/beat_block_hammer.py", line 10, in setup_demo
    super()._init_task_env_(**kwags)
  File "/root/data/robot/work/RoboTwin-openwam-verified/envs/_base_task.py", line 90, in _init_task_env_
    self.setup_scene()
  File "/root/data/robot/work/RoboTwin-openwam-verified/envs/_base_task.py", line 210, in setup_scene
    self.renderer = sapien.SapienRenderer()
  File "/root/data/miniconda3/envs/robotwin-openwam/lib/python3.10/site-packages/sapien/wrapper/renderer.py", line 9, in __init__
    super().__init__()
RuntimeError: vk::PhysicalDevice::createDeviceUnique: ErrorExtensionNotPresent
[eval_policy_wrapper] expert check skipped seed=100859: RuntimeError
[eval_policy_wrapper] exception in beat_block_hammer.setup_demo
Traceback (most recent call last):
  File "/root/data/robot/OpenWAM/benchmarks/robotwin/eval_policy_wrapper.py", line 218, in wrapped
    return method(*args, **kwargs)
  File "/root/data/robot/work/RoboTwin-openwam-verified/envs/beat_block_hammer.py", line 10, in setup_demo
    super()._init_task_env_(**kwags)
  File "/root/data/robot/work/RoboTwin-openwam-verified/envs/_base_task.py", line 90, in _init_task_env_
    self.setup_scene()
  File "/root/data/robot/work/RoboTwin-openwam-verified/envs/_base_task.py", line 210, in setup_scene
    self.renderer = sapien.SapienRenderer()
  File "/root/data/miniconda3/envs/robotwin-openwam/lib/python3.10/site-packages/sapien/wrapper/renderer.py", line 9, in __init__
    super().__init__()
RuntimeError: vk::PhysicalDevice::createDeviceUnique: ErrorExtensionNotPresent
[eval_policy_wrapper] expert check skipped seed=100860: RuntimeError
[eval_policy_wrapper] exception in beat_block_hammer.setup_demo
Traceback (most recent call last):
  File "/root/data/robot/OpenWAM/benchmarks/robotwin/eval_policy_wrapper.py", line 218, in wrapped
    return method(*args, **kwargs)
  File "/root/data/robot/work/RoboTwin-openwam-verified/envs/beat_block_hammer.py", line 10, in setup_demo
    super()._init_task_env_(**kwags)
  File "/root/data/robot/work/RoboTwin-openwam-verified/envs/_base_task.py", line 90, in _init_task_env_
    self.setup_scene()
  File "/root/data/robot/work/RoboTwin-openwam-verified/envs/_base_task.py", line 210, in setup_scene
    self.renderer = sapien.SapienRenderer()
  File "/root/data/miniconda3/envs/robotwin-openwam/lib/python3.10/site-packages/sapien/wrapper/renderer.py", line 9, in __init__
    super().__init__()
RuntimeError: vk::PhysicalDevice::createDeviceUnique: ErrorExtensionNotPresent
[eval_policy_wrapper] expert check skipped seed=100861: RuntimeError
[eval_policy_wrapper] exception in beat_block_hammer.setup_demo
Traceback (most recent call last):
  File "/root/data/robot/OpenWAM/benchmarks/robotwin/eval_policy_wrapper.py", line 218, in wrapped
    return method(*args, **kwargs)
  File "/root/data/robot/work/RoboTwin-openwam-verified/envs/beat_block_hammer.py", line 10, in setup_demo
    super()._init_task_env_(**kwags)
  File "/root/data/robot/work/RoboTwin-openwam-verified/envs/_base_task.py", line 90, in _init_task_env_
    self.setup_scene()
  File "/root/data/robot/work/RoboTwin-openwam-verified/envs/_base_task.py", line 210, in setup_scene
    self.renderer = sapien.SapienRenderer()
  File "/root/data/miniconda3/envs/robotwin-openwam/lib/python3.10/site-packages/sapien/wrapper/renderer.py", line 9, in __init__
    super().__init__()
RuntimeError: vk::PhysicalDevice::createDeviceUnique: ErrorExtensionNotPresent
[eval_policy_wrapper] expert check skipped seed=100862: RuntimeError
[eval_policy_wrapper] exception in beat_block_hammer.setup_demo
Traceback (most recent call last):
  File "/root/data/robot/OpenWAM/benchmarks/robotwin/eval_policy_wrapper.py", line 218, in wrapped
    return method(*args, **kwargs)
  File "/root/data/robot/work/RoboTwin-openwam-verified/envs/beat_block_hammer.py", line 10, in setup_demo
    super()._init_task_env_(**kwags)
  File "/root/data/robot/work/RoboTwin-openwam-verified/envs/_base_task.py", line 90, in _init_task_env_
    self.setup_scene()
  File "/root/data/robot/work/RoboTwin-openwam-verified/envs/_base_task.py", line 210, in setup_scene
    self.renderer = sapien.SapienRenderer()
  File "/root/data/miniconda3/envs/robotwin-openwam/lib/python3.10/site-packages/sapien/wrapper/renderer.py", line 9, in __init__
    super().__init__()
RuntimeError: vk::PhysicalDevice::createDeviceUnique: ErrorExtensionNotPresent
[eval_policy_wrapper] expert check skipped seed=100863: RuntimeError
[eval_policy_wrapper] exception in beat_block_hammer.setup_demo
Traceback (most recent call last):
  File "/root/data/robot/OpenWAM/benchmarks/robotwin/eval_policy_wrapper.py", line 218, in wrapped
    return method(*args, **kwargs)
  File "/root/data/robot/work/RoboTwin-openwam-verified/envs/beat_block_hammer.py", line 10, in setup_demo
    super()._init_task_env_(**kwags)
  File "/root/data/robot/work/RoboTwin-openwam-verified/envs/_base_task.py", line 90, in _init_task_env_
    self.setup_scene()
  File "/root/data/robot/work/RoboTwin-openwam-verified/envs/_base_task.py", line 210, in setup_scene
    self.renderer = sapien.SapienRenderer()
  File "/root/data/miniconda3/envs/robotwin-openwam/lib/python3.10/site-packages/sapien/wrapper/renderer.py", line 9, in __init__
    super().__init__()
RuntimeError: vk::PhysicalDevice::createDeviceUnique: ErrorExtensionNotPresent
[eval_policy_wrapper] expert check skipped seed=100864: RuntimeError
[eval_policy_wrapper] exception in beat_block_hammer.setup_demo
Traceback (most recent call last):
  File "/root/data/robot/OpenWAM/benchmarks/robotwin/eval_policy_wrapper.py", line 218, in wrapped
    return method(*args, **kwargs)
  File "/root/data/robot/work/RoboTwin-openwam-verified/envs/beat_block_hammer.py", line 10, in setup_demo
    super()._init_task_env_(**kwags)
  File "/root/data/robot/work/RoboTwin-openwam-verified/envs/_base_task.py", line 90, in _init_task_env_
    self.setup_scene()
  File "/root/data/robot/work/RoboTwin-openwam-verified/envs/_base_task.py", line 210, in setup_scene
    self.renderer = sapien.SapienRenderer()
  File "/root/data/miniconda3/envs/robotwin-openwam/lib/python3.10/site-packages/sapien/wrapper/renderer.py", line 9, in __init__
    super().__init__()
RuntimeError: vk::PhysicalDevice::createDeviceUnique: ErrorExtensionNotPresent
[eval_policy_wrapper] expert check skipped seed=100865: RuntimeError
[eval_policy_wrapper] exception in beat_block_hammer.setup_demo
Traceback (most recent call last):
  File "/root/data/robot/OpenWAM/benchmarks/robotwin/eval_policy_wrapper.py", line 218, in wrapped
    return method(*args, **kwargs)
  File "/root/data/robot/work/RoboTwin-openwam-verified/envs/beat_block_hammer.py", line 10, in setup_demo
    super()._init_task_env_(**kwags)
  File "/root/data/robot/work/RoboTwin-openwam-verified/envs/_base_task.py", line 90, in _init_task_env_
    self.setup_scene()
  File "/root/data/robot/work/RoboTwin-openwam-verified/envs/_base_task.py", line 210, in setup_scene
    self.renderer = sapien.SapienRenderer()
  File "/root/data/miniconda3/envs/robotwin-openwam/lib/python3.10/site-packages/sapien/wrapper/renderer.py", line 9, in __init__
    super().__init__()
RuntimeError: vk::PhysicalDevice::createDeviceUnique: ErrorExtensionNotPresent
[eval_policy_wrapper] expert check skipped seed=100866: RuntimeError
[eval_policy_wrapper] exception in beat_block_hammer.setup_demo
Traceback (most recent call last):
  File "/root/data/robot/OpenWAM/benchmarks/robotwin/eval_policy_wrapper.py", line 218, in wrapped
    return method(*args, **kwargs)
  File "/root/data/robot/work/RoboTwin-openwam-verified/envs/beat_block_hammer.py", line 10, in setup_demo
    super()._init_task_env_(**kwags)
  File "/root/data/robot/work/RoboTwin-openwam-verified/envs/_base_task.py", line 90, in _init_task_env_
    self.setup_scene()
  File "/root/data/robot/work/RoboTwin-openwam-verified/envs/_base_task.py", line 210, in setup_scene
    self.renderer = sapien.SapienRenderer()
  File "/root/data/miniconda3/envs/robotwin-openwam/lib/python3.10/site-packages/sapien/wrapper/renderer.py", line 9, in __init__
    super().__init__()
RuntimeError: vk::PhysicalDevice::createDeviceUnique: ErrorExtensionNotPresent
[eval_policy_wrapper] expert check skipped seed=100867: RuntimeError
[eval_policy_wrapper] exception in beat_block_hammer.setup_demo
Traceback (most recent call last):
  File "/root/data/robot/OpenWAM/benchmarks/robotwin/eval_policy_wrapper.py", line 218, in wrapped
    return method(*args, **kwargs)
  File "/root/data/robot/work/RoboTwin-openwam-verified/envs/beat_block_hammer.py", line 10, in setup_demo
    super()._init_task_env_(**kwags)
  File "/root/data/robot/work/RoboTwin-openwam-verified/envs/_base_task.py", line 90, in _init_task_env_
    self.setup_scene()
  File "/root/data/robot/work/RoboTwin-openwam-verified/envs/_base_task.py", line 210, in setup_scene
    self.renderer = sapien.SapienRenderer()
  File "/root/data/miniconda3/envs/robotwin-openwam/lib/python3.10/site-packages/sapien/wrapper/renderer.py", line 9, in __init__
    super().__init__()
RuntimeError: vk::PhysicalDevice::createDeviceUnique: ErrorExtensionNotPresent
[eval_policy_wrapper] expert check skipped seed=100868: RuntimeError
[eval_policy_wrapper] exception in beat_block_hammer.setup_demo
Traceback (most recent call last):
  File "/root/data/robot/OpenWAM/benchmarks/robotwin/eval_policy_wrapper.py", line 218, in wrapped
    return method(*args, **kwargs)
  File "/root/data/robot/work/RoboTwin-openwam-verified/envs/beat_block_hammer.py", line 10, in setup_demo
    super()._init_task_env_(**kwags)
  File "/root/data/robot/work/RoboTwin-openwam-verified/envs/_base_task.py", line 90, in _init_task_env_
    self.setup_scene()
  File "/root/data/robot/work/RoboTwin-openwam-verified/envs/_base_task.py", line 210, in setup_scene
    self.renderer = sapien.SapienRenderer()
  File "/root/data/miniconda3/envs/robotwin-openwam/lib/python3.10/site-packages/sapien/wrapper/renderer.py", line 9, in __init__
    super().__init__()
RuntimeError: vk::PhysicalDevice::createDeviceUnique: ErrorExtensionNotPresent
[eval_policy_wrapper] expert check skipped seed=100869: RuntimeError
[eval_policy_wrapper] exception in beat_block_hammer.setup_demo
Traceback (most recent call last):
  File "/root/data/robot/OpenWAM/benchmarks/robotwin/eval_policy_wrapper.py", line 218, in wrapped
    return method(*args, **kwargs)
  File "/root/data/robot/work/RoboTwin-openwam-verified/envs/beat_block_hammer.py", line 10, in setup_demo
    super()._init_task_env_(**kwags)
  File "/root/data/robot/work/RoboTwin-openwam-verified/envs/_base_task.py", line 90, in _init_task_env_
    self.setup_scene()
  File "/root/data/robot/work/RoboTwin-openwam-verified/envs/_base_task.py", line 210, in setup_scene
    self.renderer = sapien.SapienRenderer()
  File "/root/data/miniconda3/envs/robotwin-openwam/lib/python3.10/site-packages/sapien/wrapper/renderer.py", line 9, in __init__
    super().__init__()
RuntimeError: vk::PhysicalDevice::createDeviceUnique: ErrorExtensionNotPresent
[eval_policy_wrapper] expert check skipped seed=100870: RuntimeError
[eval_policy_wrapper] exception in beat_block_hammer.setup_demo
Traceback (most recent call last):
  File "/root/data/robot/OpenWAM/benchmarks/robotwin/eval_policy_wrapper.py", line 218, in wrapped
    return method(*args, **kwargs)
  File "/root/data/robot/work/RoboTwin-openwam-verified/envs/beat_block_hammer.py", line 10, in setup_demo
    super()._init_task_env_(**kwags)
  File "/root/data/robot/work/RoboTwin-openwam-verified/envs/_base_task.py", line 90, in _init_task_env_
    self.setup_scene()
  File "/root/data/robot/work/RoboTwin-openwam-verified/envs/_base_task.py", line 210, in setup_scene
    self.renderer = sapien.SapienRenderer()
  File "/root/data/miniconda3/envs/robotwin-openwam/lib/python3.10/site-packages/sapien/wrapper/renderer.py", line 9, in __init__
    super().__init__()
RuntimeError: vk::PhysicalDevice::createDeviceUnique: ErrorExtensionNotPresent
[eval_policy_wrapper] expert check skipped seed=100871: RuntimeError
[eval_policy_wrapper] exception in beat_block_hammer.setup_demo
Traceback (most recent call last):
  File "/root/data/robot/OpenWAM/benchmarks/robotwin/eval_policy_wrapper.py", line 218, in wrapped
    return method(*args, **kwargs)
  File "/root/data/robot/work/RoboTwin-openwam-verified/envs/beat_block_hammer.py", line 10, in setup_demo
    super()._init_task_env_(**kwags)
  File "/root/data/robot/work/RoboTwin-openwam-verified/envs/_base_task.py", line 90, in _init_task_env_
    self.setup_scene()
  File "/root/data/robot/work/RoboTwin-openwam-verified/envs/_base_task.py", line 210, in setup_scene
    self.renderer = sapien.SapienRenderer()
  File "/root/data/miniconda3/envs/robotwin-openwam/lib/python3.10/site-packages/sapien/wrapper/renderer.py", line 9, in __init__
    super().__init__()
RuntimeError: vk::PhysicalDevice::createDeviceUnique: ErrorExtensionNotPresent
[eval_policy_wrapper] expert check skipped seed=100872: RuntimeError
[eval_policy_wrapper] exception in beat_block_hammer.setup_demo
Traceback (most recent call last):
  File "/root/data/robot/OpenWAM/benchmarks/robotwin/eval_policy_wrapper.py", line 218, in wrapped
    return method(*args, **kwargs)
  File "/root/data/robot/work/RoboTwin-openwam-verified/envs/beat_block_hammer.py", line 10, in setup_demo
    super()._init_task_env_(**kwags)
  File "/root/data/robot/work/RoboTwin-openwam-verified/envs/_base_task.py", line 90, in _init_task_env_
    self.setup_scene()
  File "/root/data/robot/work/RoboTwin-openwam-verified/envs/_base_task.py", line 210, in setup_scene
    self.renderer = sapien.SapienRenderer()
  File "/root/data/miniconda3/envs/robotwin-openwam/lib/python3.10/site-packages/sapien/wrapper/renderer.py", line 9, in __init__
    super().__init__()
RuntimeError: vk::PhysicalDevice::createDeviceUnique: ErrorExtensionNotPresent
[eval_policy_wrapper] expert check skipped seed=100873: RuntimeError
[eval_policy_wrapper] exception in beat_block_hammer.setup_demo
Traceback (most recent call last):
  File "/root/data/robot/OpenWAM/benchmarks/robotwin/eval_policy_wrapper.py", line 218, in wrapped
    return method(*args, **kwargs)
  File "/root/data/robot/work/RoboTwin-openwam-verified/envs/beat_block_hammer.py", line 10, in setup_demo
    super()._init_task_env_(**kwags)
  File "/root/data/robot/work/RoboTwin-openwam-verified/envs/_base_task.py", line 90, in _init_task_env_
    self.setup_scene()
  File "/root/data/robot/work/RoboTwin-openwam-verified/envs/_base_task.py", line 210, in setup_scene
    self.renderer = sapien.SapienRenderer()
  File "/root/data/miniconda3/envs/robotwin-openwam/lib/python3.10/site-packages/sapien/wrapper/renderer.py", line 9, in __init__
    super().__init__()
RuntimeError: vk::PhysicalDevice::createDeviceUnique: ErrorExtensionNotPresent
[eval_policy_wrapper] expert check skipped seed=100874: RuntimeError
[eval_policy_wrapper] exception in beat_block_hammer.setup_demo
Traceback (most recent call last):
  File "/root/data/robot/OpenWAM/benchmarks/robotwin/eval_policy_wrapper.py", line 218, in wrapped
    return method(*args, **kwargs)
  File "/root/data/robot/work/RoboTwin-openwam-verified/envs/beat_block_hammer.py", line 10, in setup_demo
    super()._init_task_env_(**kwags)
  File "/root/data/robot/work/RoboTwin-openwam-verified/envs/_base_task.py", line 90, in _init_task_env_
    self.setup_scene()
  File "/root/data/robot/work/RoboTwin-openwam-verified/envs/_base_task.py", line 210, in setup_scene
    self.renderer = sapien.SapienRenderer()
  File "/root/data/miniconda3/envs/robotwin-openwam/lib/python3.10/site-packages/sapien/wrapper/renderer.py", line 9, in __init__
    super().__init__()
RuntimeError: vk::PhysicalDevice::createDeviceUnique: ErrorExtensionNotPresent
[eval_policy_wrapper] expert check skipped seed=100875: RuntimeError
[eval_policy_wrapper] exception in beat_block_hammer.setup_demo
Traceback (most recent call last):
  File "/root/data/robot/OpenWAM/benchmarks/robotwin/eval_policy_wrapper.py", line 218, in wrapped
    return method(*args, **kwargs)
  File "/root/data/robot/work/RoboTwin-openwam-verified/envs/beat_block_hammer.py", line 10, in setup_demo
    super()._init_task_env_(**kwags)
  File "/root/data/robot/work/RoboTwin-openwam-verified/envs/_base_task.py", line 90, in _init_task_env_
    self.setup_scene()
  File "/root/data/robot/work/RoboTwin-openwam-verified/envs/_base_task.py", line 210, in setup_scene
    self.renderer = sapien.SapienRenderer()
  File "/root/data/miniconda3/envs/robotwin-openwam/lib/python3.10/site-packages/sapien/wrapper/renderer.py", line 9, in __init__
    super().__init__()
RuntimeError: vk::PhysicalDevice::createDeviceUnique: ErrorExtensionNotPresent
[eval_policy_wrapper] expert check skipped seed=100876: RuntimeError
[eval_policy_wrapper] exception in beat_block_hammer.setup_demo
Traceback (most recent call last):
  File "/root/data/robot/OpenWAM/benchmarks/robotwin/eval_policy_wrapper.py", line 218, in wrapped
    return method(*args, **kwargs)
  File "/root/data/robot/work/RoboTwin-openwam-verified/envs/beat_block_hammer.py", line 10, in setup_demo
    super()._init_task_env_(**kwags)
  File "/root/data/robot/work/RoboTwin-openwam-verified/envs/_base_task.py", line 90, in _init_task_env_
    self.setup_scene()
  File "/root/data/robot/work/RoboTwin-openwam-verified/envs/_base_task.py", line 210, in setup_scene
    self.renderer = sapien.SapienRenderer()
  File "/root/data/miniconda3/envs/robotwin-openwam/lib/python3.10/site-packages/sapien/wrapper/renderer.py", line 9, in __init__
    super().__init__()
RuntimeError: vk::PhysicalDevice::createDeviceUnique: ErrorExtensionNotPresent
[eval_policy_wrapper] expert check skipped seed=100877: RuntimeError
[eval_policy_wrapper] exception in beat_block_hammer.setup_demo
Traceback (most recent call last):
  File "/root/data/robot/OpenWAM/benchmarks/robotwin/eval_policy_wrapper.py", line 218, in wrapped
    return method(*args, **kwargs)
  File "/root/data/robot/work/RoboTwin-openwam-verified/envs/beat_block_hammer.py", line 10, in setup_demo
    super()._init_task_env_(**kwags)
  File "/root/data/robot/work/RoboTwin-openwam-verified/envs/_base_task.py", line 90, in _init_task_env_
    self.setup_scene()
  File "/root/data/robot/work/RoboTwin-openwam-verified/envs/_base_task.py", line 210, in setup_scene
    self.renderer = sapien.SapienRenderer()
  File "/root/data/miniconda3/envs/robotwin-openwam/lib/python3.10/site-packages/sapien/wrapper/renderer.py", line 9, in __init__
    super().__init__()
RuntimeError: vk::PhysicalDevice::createDeviceUnique: ErrorExtensionNotPresent
[eval_policy_wrapper] expert check skipped seed=100878: RuntimeError
[eval_policy_wrapper] exception in beat_block_hammer.setup_demo
Traceback (most recent call last):
  File "/root/data/robot/OpenWAM/benchmarks/robotwin/eval_policy_wrapper.py", line 218, in wrapped
    return method(*args, **kwargs)
  File "/root/data/robot/work/RoboTwin-openwam-verified/envs/beat_block_hammer.py", line 10, in setup_demo
    super()._init_task_env_(**kwags)
  File "/root/data/robot/work/RoboTwin-openwam-verified/envs/_base_task.py", line 90, in _init_task_env_
    self.setup_scene()
  File "/root/data/robot/work/RoboTwin-openwam-verified/envs/_base_task.py", line 210, in setup_scene
    self.renderer = sapien.SapienRenderer()
  File "/root/data/miniconda3/envs/robotwin-openwam/lib/python3.10/site-packages/sapien/wrapper/renderer.py", line 9, in __init__
    super().__init__()
RuntimeError: vk::PhysicalDevice::createDeviceUnique: ErrorExtensionNotPresent
[eval_policy_wrapper] expert check skipped seed=100879: RuntimeError
[eval_policy_wrapper] exception in beat_block_hammer.setup_demo
Traceback (most recent call last):
  File "/root/data/robot/OpenWAM/benchmarks/robotwin/eval_policy_wrapper.py", line 218, in wrapped
    return method(*args, **kwargs)
  File "/root/data/robot/work/RoboTwin-openwam-verified/envs/beat_block_hammer.py", line 10, in setup_demo
    super()._init_task_env_(**kwags)
  File "/root/data/robot/work/RoboTwin-openwam-verified/envs/_base_task.py", line 90, in _init_task_env_
    self.setup_scene()
  File "/root/data/robot/work/RoboTwin-openwam-verified/envs/_base_task.py", line 210, in setup_scene
    self.renderer = sapien.SapienRenderer()
  File "/root/data/miniconda3/envs/robotwin-openwam/lib/python3.10/site-packages/sapien/wrapper/renderer.py", line 9, in __init__
    super().__init__()
RuntimeError: vk::PhysicalDevice::createDeviceUnique: ErrorExtensionNotPresent
[eval_policy_wrapper] expert check skipped seed=100880: RuntimeError
[eval_policy_wrapper] exception in beat_block_hammer.setup_demo
Traceback (most recent call last):
  File "/root/data/robot/OpenWAM/benchmarks/robotwin/eval_policy_wrapper.py", line 218, in wrapped
    return method(*args, **kwargs)
  File "/root/data/robot/work/RoboTwin-openwam-verified/envs/beat_block_hammer.py", line 10, in setup_demo
    super()._init_task_env_(**kwags)
  File "/root/data/robot/work/RoboTwin-openwam-verified/envs/_base_task.py", line 90, in _init_task_env_
    self.setup_scene()
  File "/root/data/robot/work/RoboTwin-openwam-verified/envs/_base_task.py", line 210, in setup_scene
    self.renderer = sapien.SapienRenderer()
  File "/root/data/miniconda3/envs/robotwin-openwam/lib/python3.10/site-packages/sapien/wrapper/renderer.py", line 9, in __init__
    super().__init__()
RuntimeError: vk::PhysicalDevice::createDeviceUnique: ErrorExtensionNotPresent
[eval_policy_wrapper] expert check skipped seed=100881: RuntimeError
[eval_policy_wrapper] exception in beat_block_hammer.setup_demo
Traceback (most recent call last):
  File "/root/data/robot/OpenWAM/benchmarks/robotwin/eval_policy_wrapper.py", line 218, in wrapped
    return method(*args, **kwargs)
  File "/root/data/robot/work/RoboTwin-openwam-verified/envs/beat_block_hammer.py", line 10, in setup_demo
    super()._init_task_env_(**kwags)
  File "/root/data/robot/work/RoboTwin-openwam-verified/envs/_base_task.py", line 90, in _init_task_env_
    self.setup_scene()
  File "/root/data/robot/work/RoboTwin-openwam-verified/envs/_base_task.py", line 210, in setup_scene
    self.renderer = sapien.SapienRenderer()
  File "/root/data/miniconda3/envs/robotwin-openwam/lib/python3.10/site-packages/sapien/wrapper/renderer.py", line 9, in __init__
    super().__init__()
RuntimeError: vk::PhysicalDevice::createDeviceUnique: ErrorExtensionNotPresent
[eval_policy_wrapper] expert check skipped seed=100882: RuntimeError
[eval_policy_wrapper] exception in beat_block_hammer.setup_demo
Traceback (most recent call last):
  File "/root/data/robot/OpenWAM/benchmarks/robotwin/eval_policy_wrapper.py", line 218, in wrapped
    return method(*args, **kwargs)
  File "/root/data/robot/work/RoboTwin-openwam-verified/envs/beat_block_hammer.py", line 10, in setup_demo
    super()._init_task_env_(**kwags)
  File "/root/data/robot/work/RoboTwin-openwam-verified/envs/_base_task.py", line 90, in _init_task_env_
    self.setup_scene()
  File "/root/data/robot/work/RoboTwin-openwam-verified/envs/_base_task.py", line 210, in setup_scene
    self.renderer = sapien.SapienRenderer()
  File "/root/data/miniconda3/envs/robotwin-openwam/lib/python3.10/site-packages/sapien/wrapper/renderer.py", line 9, in __init__
    super().__init__()
RuntimeError: vk::PhysicalDevice::createDeviceUnique: ErrorExtensionNotPresent
[eval_policy_wrapper] expert check skipped seed=100883: RuntimeError
[eval_policy_wrapper] exception in beat_block_hammer.setup_demo
Traceback (most recent call last):
  File "/root/data/robot/OpenWAM/benchmarks/robotwin/eval_policy_wrapper.py", line 218, in wrapped
    return method(*args, **kwargs)
  File "/root/data/robot/work/RoboTwin-openwam-verified/envs/beat_block_hammer.py", line 10, in setup_demo
    super()._init_task_env_(**kwags)
  File "/root/data/robot/work/RoboTwin-openwam-verified/envs/_base_task.py", line 90, in _init_task_env_
    self.setup_scene()
  File "/root/data/robot/work/RoboTwin-openwam-verified/envs/_base_task.py", line 210, in setup_scene
    self.renderer = sapien.SapienRenderer()
  File "/root/data/miniconda3/envs/robotwin-openwam/lib/python3.10/site-packages/sapien/wrapper/renderer.py", line 9, in __init__
    super().__init__()
RuntimeError: vk::PhysicalDevice::createDeviceUnique: ErrorExtensionNotPresent
[eval_policy_wrapper] expert check skipped seed=100884: RuntimeError
[eval_policy_wrapper] exception in beat_block_hammer.setup_demo
Traceback (most recent call last):
  File "/root/data/robot/OpenWAM/benchmarks/robotwin/eval_policy_wrapper.py", line 218, in wrapped
    return method(*args, **kwargs)
  File "/root/data/robot/work/RoboTwin-openwam-verified/envs/beat_block_hammer.py", line 10, in setup_demo
    super()._init_task_env_(**kwags)
  File "/root/data/robot/work/RoboTwin-openwam-verified/envs/_base_task.py", line 90, in _init_task_env_
    self.setup_scene()
  File "/root/data/robot/work/RoboTwin-openwam-verified/envs/_base_task.py", line 210, in setup_scene
    self.renderer = sapien.SapienRenderer()
  File "/root/data/miniconda3/envs/robotwin-openwam/lib/python3.10/site-packages/sapien/wrapper/renderer.py", line 9, in __init__
    super().__init__()
RuntimeError: vk::PhysicalDevice::createDeviceUnique: ErrorExtensionNotPresent
[eval_policy_wrapper] expert check skipped seed=100885: RuntimeError
[eval_policy_wrapper] exception in beat_block_hammer.setup_demo
Traceback (most recent call last):
  File "/root/data/robot/OpenWAM/benchmarks/robotwin/eval_policy_wrapper.py", line 218, in wrapped
    return method(*args, **kwargs)
  File "/root/data/robot/work/RoboTwin-openwam-verified/envs/beat_block_hammer.py", line 10, in setup_demo
    super()._init_task_env_(**kwags)
  File "/root/data/robot/work/RoboTwin-openwam-verified/envs/_base_task.py", line 90, in _init_task_env_
    self.setup_scene()
  File "/root/data/robot/work/RoboTwin-openwam-verified/envs/_base_task.py", line 210, in setup_scene
    self.renderer = sapien.SapienRenderer()
  File "/root/data/miniconda3/envs/robotwin-openwam/lib/python3.10/site-packages/sapien/wrapper/renderer.py", line 9, in __init__
    super().__init__()
RuntimeError: vk::PhysicalDevice::createDeviceUnique: ErrorExtensionNotPresent
[eval_policy_wrapper] expert check skipped seed=100886: RuntimeError
[eval_policy_wrapper] exception in beat_block_hammer.setup_demo
Traceback (most recent call last):
  File "/root/data/robot/OpenWAM/benchmarks/robotwin/eval_policy_wrapper.py", line 218, in wrapped
    return method(*args, **kwargs)
  File "/root/data/robot/work/RoboTwin-openwam-verified/envs/beat_block_hammer.py", line 10, in setup_demo
    super()._init_task_env_(**kwags)
  File "/root/data/robot/work/RoboTwin-openwam-verified/envs/_base_task.py", line 90, in _init_task_env_
    self.setup_scene()
  File "/root/data/robot/work/RoboTwin-openwam-verified/envs/_base_task.py", line 210, in setup_scene
    self.renderer = sapien.SapienRenderer()
  File "/root/data/miniconda3/envs/robotwin-openwam/lib/python3.10/site-packages/sapien/wrapper/renderer.py", line 9, in __init__
    super().__init__()
RuntimeError: vk::PhysicalDevice::createDeviceUnique: ErrorExtensionNotPresent
[eval_policy_wrapper] expert check skipped seed=100887: RuntimeError
[eval_policy_wrapper] exception in beat_block_hammer.setup_demo
Traceback (most recent call last):
  File "/root/data/robot/OpenWAM/benchmarks/robotwin/eval_policy_wrapper.py", line 218, in wrapped
    return method(*args, **kwargs)
  File "/root/data/robot/work/RoboTwin-openwam-verified/envs/beat_block_hammer.py", line 10, in setup_demo
    super()._init_task_env_(**kwags)
  File "/root/data/robot/work/RoboTwin-openwam-verified/envs/_base_task.py", line 90, in _init_task_env_
    self.setup_scene()
  File "/root/data/robot/work/RoboTwin-openwam-verified/envs/_base_task.py", line 210, in setup_scene
    self.renderer = sapien.SapienRenderer()
  File "/root/data/miniconda3/envs/robotwin-openwam/lib/python3.10/site-packages/sapien/wrapper/renderer.py", line 9, in __init__
    super().__init__()
RuntimeError: vk::PhysicalDevice::createDeviceUnique: ErrorExtensionNotPresent
[eval_policy_wrapper] expert check skipped seed=100888: RuntimeError
[eval_policy_wrapper] exception in beat_block_hammer.setup_demo
Traceback (most recent call last):
  File "/root/data/robot/OpenWAM/benchmarks/robotwin/eval_policy_wrapper.py", line 218, in wrapped
    return method(*args, **kwargs)
  File "/root/data/robot/work/RoboTwin-openwam-verified/envs/beat_block_hammer.py", line 10, in setup_demo
    super()._init_task_env_(**kwags)
  File "/root/data/robot/work/RoboTwin-openwam-verified/envs/_base_task.py", line 90, in _init_task_env_
    self.setup_scene()
  File "/root/data/robot/work/RoboTwin-openwam-verified/envs/_base_task.py", line 210, in setup_scene
    self.renderer = sapien.SapienRenderer()
  File "/root/data/miniconda3/envs/robotwin-openwam/lib/python3.10/site-packages/sapien/wrapper/renderer.py", line 9, in __init__
    super().__init__()
RuntimeError: vk::PhysicalDevice::createDeviceUnique: ErrorExtensionNotPresent
[eval_policy_wrapper] expert check skipped seed=100889: RuntimeError
[eval_policy_wrapper] exception in beat_block_hammer.setup_demo
Traceback (most recent call last):
  File "/root/data/robot/OpenWAM/benchmarks/robotwin/eval_policy_wrapper.py", line 218, in wrapped
    return method(*args, **kwargs)
  File "/root/data/robot/work/RoboTwin-openwam-verified/envs/beat_block_hammer.py", line 10, in setup_demo
    super()._init_task_env_(**kwags)
  File "/root/data/robot/work/RoboTwin-openwam-verified/envs/_base_task.py", line 90, in _init_task_env_
    self.setup_scene()
  File "/root/data/robot/work/RoboTwin-openwam-verified/envs/_base_task.py", line 210, in setup_scene
    self.renderer = sapien.SapienRenderer()
  File "/root/data/miniconda3/envs/robotwin-openwam/lib/python3.10/site-packages/sapien/wrapper/renderer.py", line 9, in __init__
    super().__init__()
RuntimeError: vk::PhysicalDevice::createDeviceUnique: ErrorExtensionNotPresent
[eval_policy_wrapper] expert check skipped seed=100890: RuntimeError
[eval_policy_wrapper] exception in beat_block_hammer.setup_demo
Traceback (most recent call last):
  File "/root/data/robot/OpenWAM/benchmarks/robotwin/eval_policy_wrapper.py", line 218, in wrapped
    return method(*args, **kwargs)
  File "/root/data/robot/work/RoboTwin-openwam-verified/envs/beat_block_hammer.py", line 10, in setup_demo
    super()._init_task_env_(**kwags)
  File "/root/data/robot/work/RoboTwin-openwam-verified/envs/_base_task.py", line 90, in _init_task_env_
    self.setup_scene()
  File "/root/data/robot/work/RoboTwin-openwam-verified/envs/_base_task.py", line 210, in setup_scene
    self.renderer = sapien.SapienRenderer()
  File "/root/data/miniconda3/envs/robotwin-openwam/lib/python3.10/site-packages/sapien/wrapper/renderer.py", line 9, in __init__
    super().__init__()
RuntimeError: vk::PhysicalDevice::createDeviceUnique: ErrorExtensionNotPresent
[eval_policy_wrapper] expert check skipped seed=100891: RuntimeError
[eval_policy_wrapper] exception in beat_block_hammer.setup_demo
Traceback (most recent call last):
  File "/root/data/robot/OpenWAM/benchmarks/robotwin/eval_policy_wrapper.py", line 218, in wrapped
    return method(*args, **kwargs)
  File "/root/data/robot/work/RoboTwin-openwam-verified/envs/beat_block_hammer.py", line 10, in setup_demo
    super()._init_task_env_(**kwags)
  File "/root/data/robot/work/RoboTwin-openwam-verified/envs/_base_task.py", line 90, in _init_task_env_
    self.setup_scene()
  File "/root/data/robot/work/RoboTwin-openwam-verified/envs/_base_task.py", line 210, in setup_scene
    self.renderer = sapien.SapienRenderer()
  File "/root/data/miniconda3/envs/robotwin-openwam/lib/python3.10/site-packages/sapien/wrapper/renderer.py", line 9, in __init__
    super().__init__()
RuntimeError: vk::PhysicalDevice::createDeviceUnique: ErrorExtensionNotPresent
[eval_policy_wrapper] expert check skipped seed=100892: RuntimeError
[eval_policy_wrapper] exception in beat_block_hammer.setup_demo
Traceback (most recent call last):
  File "/root/data/robot/OpenWAM/benchmarks/robotwin/eval_policy_wrapper.py", line 218, in wrapped
    return method(*args, **kwargs)
  File "/root/data/robot/work/RoboTwin-openwam-verified/envs/beat_block_hammer.py", line 10, in setup_demo
    super()._init_task_env_(**kwags)
  File "/root/data/robot/work/RoboTwin-openwam-verified/envs/_base_task.py", line 90, in _init_task_env_
    self.setup_scene()
  File "/root/data/robot/work/RoboTwin-openwam-verified/envs/_base_task.py", line 210, in setup_scene
    self.renderer = sapien.SapienRenderer()
  File "/root/data/miniconda3/envs/robotwin-openwam/lib/python3.10/site-packages/sapien/wrapper/renderer.py", line 9, in __init__
    super().__init__()
RuntimeError: vk::PhysicalDevice::createDeviceUnique: ErrorExtensionNotPresent
[eval_policy_wrapper] expert check skipped seed=100893: RuntimeError
[eval_policy_wrapper] exception in beat_block_hammer.setup_demo
Traceback (most recent call last):
  File "/root/data/robot/OpenWAM/benchmarks/robotwin/eval_policy_wrapper.py", line 218, in wrapped
    return method(*args, **kwargs)
  File "/root/data/robot/work/RoboTwin-openwam-verified/envs/beat_block_hammer.py", line 10, in setup_demo
    super()._init_task_env_(**kwags)
  File "/root/data/robot/work/RoboTwin-openwam-verified/envs/_base_task.py", line 90, in _init_task_env_
    self.setup_scene()
  File "/root/data/robot/work/RoboTwin-openwam-verified/envs/_base_task.py", line 210, in setup_scene
    self.renderer = sapien.SapienRenderer()
  File "/root/data/miniconda3/envs/robotwin-openwam/lib/python3.10/site-packages/sapien/wrapper/renderer.py", line 9, in __init__
    super().__init__()
RuntimeError: vk::PhysicalDevice::createDeviceUnique: ErrorExtensionNotPresent
[eval_policy_wrapper] expert check skipped seed=100894: RuntimeError
[eval_policy_wrapper] exception in beat_block_hammer.setup_demo
Traceback (most recent call last):
  File "/root/data/robot/OpenWAM/benchmarks/robotwin/eval_policy_wrapper.py", line 218, in wrapped
    return method(*args, **kwargs)
  File "/root/data/robot/work/RoboTwin-openwam-verified/envs/beat_block_hammer.py", line 10, in setup_demo
    super()._init_task_env_(**kwags)
  File "/root/data/robot/work/RoboTwin-openwam-verified/envs/_base_task.py", line 90, in _init_task_env_
    self.setup_scene()
  File "/root/data/robot/work/RoboTwin-openwam-verified/envs/_base_task.py", line 210, in setup_scene
    self.renderer = sapien.SapienRenderer()
  File "/root/data/miniconda3/envs/robotwin-openwam/lib/python3.10/site-packages/sapien/wrapper/renderer.py", line 9, in __init__
    super().__init__()
RuntimeError: vk::PhysicalDevice::createDeviceUnique: ErrorExtensionNotPresent
[eval_policy_wrapper] expert check skipped seed=100895: RuntimeError
[eval_policy_wrapper] exception in beat_block_hammer.setup_demo
Traceback (most recent call last):
  File "/root/data/robot/OpenWAM/benchmarks/robotwin/eval_policy_wrapper.py", line 218, in wrapped
    return method(*args, **kwargs)
  File "/root/data/robot/work/RoboTwin-openwam-verified/envs/beat_block_hammer.py", line 10, in setup_demo
    super()._init_task_env_(**kwags)
  File "/root/data/robot/work/RoboTwin-openwam-verified/envs/_base_task.py", line 90, in _init_task_env_
    self.setup_scene()
  File "/root/data/robot/work/RoboTwin-openwam-verified/envs/_base_task.py", line 210, in setup_scene
    self.renderer = sapien.SapienRenderer()
  File "/root/data/miniconda3/envs/robotwin-openwam/lib/python3.10/site-packages/sapien/wrapper/renderer.py", line 9, in __init__
    super().__init__()
RuntimeError: vk::PhysicalDevice::createDeviceUnique: ErrorExtensionNotPresent
[eval_policy_wrapper] expert check skipped seed=100896: RuntimeError
[eval_policy_wrapper] exception in beat_block_hammer.setup_demo
Traceback (most recent call last):
  File "/root/data/robot/OpenWAM/benchmarks/robotwin/eval_policy_wrapper.py", line 218, in wrapped
    return method(*args, **kwargs)
  File "/root/data/robot/work/RoboTwin-openwam-verified/envs/beat_block_hammer.py", line 10, in setup_demo
    super()._init_task_env_(**kwags)
  File "/root/data/robot/work/RoboTwin-openwam-verified/envs/_base_task.py", line 90, in _init_task_env_
    self.setup_scene()
  File "/root/data/robot/work/RoboTwin-openwam-verified/envs/_base_task.py", line 210, in setup_scene
    self.renderer = sapien.SapienRenderer()
  File "/root/data/miniconda3/envs/robotwin-openwam/lib/python3.10/site-packages/sapien/wrapper/renderer.py", line 9, in __init__
    super().__init__()
RuntimeError: vk::PhysicalDevice::createDeviceUnique: ErrorExtensionNotPresent
[eval_policy_wrapper] expert check skipped seed=100897: RuntimeError
[eval_policy_wrapper] exception in beat_block_hammer.setup_demo
Traceback (most recent call last):
  File "/root/data/robot/OpenWAM/benchmarks/robotwin/eval_policy_wrapper.py", line 218, in wrapped
    return method(*args, **kwargs)
  File "/root/data/robot/work/RoboTwin-openwam-verified/envs/beat_block_hammer.py", line 10, in setup_demo
    super()._init_task_env_(**kwags)
  File "/root/data/robot/work/RoboTwin-openwam-verified/envs/_base_task.py", line 90, in _init_task_env_
    self.setup_scene()
  File "/root/data/robot/work/RoboTwin-openwam-verified/envs/_base_task.py", line 210, in setup_scene
    self.renderer = sapien.SapienRenderer()
  File "/root/data/miniconda3/envs/robotwin-openwam/lib/python3.10/site-packages/sapien/wrapper/renderer.py", line 9, in __init__
    super().__init__()
RuntimeError: vk::PhysicalDevice::createDeviceUnique: ErrorExtensionNotPresent
[eval_policy_wrapper] expert check skipped seed=100898: RuntimeError
[eval_policy_wrapper] exception in beat_block_hammer.setup_demo
Traceback (most recent call last):
  File "/root/data/robot/OpenWAM/benchmarks/robotwin/eval_policy_wrapper.py", line 218, in wrapped
    return method(*args, **kwargs)
  File "/root/data/robot/work/RoboTwin-openwam-verified/envs/beat_block_hammer.py", line 10, in setup_demo
    super()._init_task_env_(**kwags)
  File "/root/data/robot/work/RoboTwin-openwam-verified/envs/_base_task.py", line 90, in _init_task_env_
    self.setup_scene()
  File "/root/data/robot/work/RoboTwin-openwam-verified/envs/_base_task.py", line 210, in setup_scene
    self.renderer = sapien.SapienRenderer()
  File "/root/data/miniconda3/envs/robotwin-openwam/lib/python3.10/site-packages/sapien/wrapper/renderer.py", line 9, in __init__
    super().__init__()
RuntimeError: vk::PhysicalDevice::createDeviceUnique: ErrorExtensionNotPresent
[eval_policy_wrapper] expert check skipped seed=100899: RuntimeError
[eval_policy_wrapper] exception in beat_block_hammer.setup_demo
Traceback (most recent call last):
  File "/root/data/robot/OpenWAM/benchmarks/robotwin/eval_policy_wrapper.py", line 218, in wrapped
    return method(*args, **kwargs)
  File "/root/data/robot/work/RoboTwin-openwam-verified/envs/beat_block_hammer.py", line 10, in setup_demo
    super()._init_task_env_(**kwags)
  File "/root/data/robot/work/RoboTwin-openwam-verified/envs/_base_task.py", line 90, in _init_task_env_
    self.setup_scene()
  File "/root/data/robot/work/RoboTwin-openwam-verified/envs/_base_task.py", line 210, in setup_scene
    self.renderer = sapien.SapienRenderer()
  File "/root/data/miniconda3/envs/robotwin-openwam/lib/python3.10/site-packages/sapien/wrapper/renderer.py", line 9, in __init__
    super().__init__()
RuntimeError: vk::PhysicalDevice::createDeviceUnique: ErrorExtensionNotPresent
[eval_policy_wrapper] expert check skipped seed=100900: RuntimeError
[eval_policy_wrapper] exception in beat_block_hammer.setup_demo
Traceback (most recent call last):
  File "/root/data/robot/OpenWAM/benchmarks/robotwin/eval_policy_wrapper.py", line 218, in wrapped
    return method(*args, **kwargs)
  File "/root/data/robot/work/RoboTwin-openwam-verified/envs/beat_block_hammer.py", line 10, in setup_demo
    super()._init_task_env_(**kwags)
  File "/root/data/robot/work/RoboTwin-openwam-verified/envs/_base_task.py", line 90, in _init_task_env_
    self.setup_scene()
  File "/root/data/robot/work/RoboTwin-openwam-verified/envs/_base_task.py", line 210, in setup_scene
    self.renderer = sapien.SapienRenderer()
  File "/root/data/miniconda3/envs/robotwin-openwam/lib/python3.10/site-packages/sapien/wrapper/renderer.py", line 9, in __init__
    super().__init__()
RuntimeError: vk::PhysicalDevice::createDeviceUnique: ErrorExtensionNotPresent
[eval_policy_wrapper] expert check skipped seed=100901: RuntimeError
[eval_policy_wrapper] exception in beat_block_hammer.setup_demo
Traceback (most recent call last):
  File "/root/data/robot/OpenWAM/benchmarks/robotwin/eval_policy_wrapper.py", line 218, in wrapped
    return method(*args, **kwargs)
  File "/root/data/robot/work/RoboTwin-openwam-verified/envs/beat_block_hammer.py", line 10, in setup_demo
    super()._init_task_env_(**kwags)
  File "/root/data/robot/work/RoboTwin-openwam-verified/envs/_base_task.py", line 90, in _init_task_env_
    self.setup_scene()
  File "/root/data/robot/work/RoboTwin-openwam-verified/envs/_base_task.py", line 210, in setup_scene
    self.renderer = sapien.SapienRenderer()
  File "/root/data/miniconda3/envs/robotwin-openwam/lib/python3.10/site-packages/sapien/wrapper/renderer.py", line 9, in __init__
    super().__init__()
RuntimeError: vk::PhysicalDevice::createDeviceUnique: ErrorExtensionNotPresent
[eval_policy_wrapper] expert check skipped seed=100902: RuntimeError
[eval_policy_wrapper] exception in beat_block_hammer.setup_demo
Traceback (most recent call last):
  File "/root/data/robot/OpenWAM/benchmarks/robotwin/eval_policy_wrapper.py", line 218, in wrapped
    return method(*args, **kwargs)
  File "/root/data/robot/work/RoboTwin-openwam-verified/envs/beat_block_hammer.py", line 10, in setup_demo
    super()._init_task_env_(**kwags)
  File "/root/data/robot/work/RoboTwin-openwam-verified/envs/_base_task.py", line 90, in _init_task_env_
    self.setup_scene()
  File "/root/data/robot/work/RoboTwin-openwam-verified/envs/_base_task.py", line 210, in setup_scene
    self.renderer = sapien.SapienRenderer()
  File "/root/data/miniconda3/envs/robotwin-openwam/lib/python3.10/site-packages/sapien/wrapper/renderer.py", line 9, in __init__
    super().__init__()
RuntimeError: vk::PhysicalDevice::createDeviceUnique: ErrorExtensionNotPresent
[eval_policy_wrapper] expert check skipped seed=100903: RuntimeError
[eval_policy_wrapper] exception in beat_block_hammer.setup_demo
Traceback (most recent call last):
  File "/root/data/robot/OpenWAM/benchmarks/robotwin/eval_policy_wrapper.py", line 218, in wrapped
    return method(*args, **kwargs)
  File "/root/data/robot/work/RoboTwin-openwam-verified/envs/beat_block_hammer.py", line 10, in setup_demo
    super()._init_task_env_(**kwags)
  File "/root/data/robot/work/RoboTwin-openwam-verified/envs/_base_task.py", line 90, in _init_task_env_
    self.setup_scene()
  File "/root/data/robot/work/RoboTwin-openwam-verified/envs/_base_task.py", line 210, in setup_scene
    self.renderer = sapien.SapienRenderer()
  File "/root/data/miniconda3/envs/robotwin-openwam/lib/python3.10/site-packages/sapien/wrapper/renderer.py", line 9, in __init__
    super().__init__()
RuntimeError: vk::PhysicalDevice::createDeviceUnique: ErrorExtensionNotPresent
[eval_policy_wrapper] expert check skipped seed=100904: RuntimeError
[eval_policy_wrapper] exception in beat_block_hammer.setup_demo
Traceback (most recent call last):
  File "/root/data/robot/OpenWAM/benchmarks/robotwin/eval_policy_wrapper.py", line 218, in wrapped
    return method(*args, **kwargs)
  File "/root/data/robot/work/RoboTwin-openwam-verified/envs/beat_block_hammer.py", line 10, in setup_demo
    super()._init_task_env_(**kwags)
  File "/root/data/robot/work/RoboTwin-openwam-verified/envs/_base_task.py", line 90, in _init_task_env_
    self.setup_scene()
  File "/root/data/robot/work/RoboTwin-openwam-verified/envs/_base_task.py", line 210, in setup_scene
    self.renderer = sapien.SapienRenderer()
  File "/root/data/miniconda3/envs/robotwin-openwam/lib/python3.10/site-packages/sapien/wrapper/renderer.py", line 9, in __init__
    super().__init__()
RuntimeError: vk::PhysicalDevice::createDeviceUnique: ErrorExtensionNotPresent
[eval_policy_wrapper] expert check skipped seed=100905: RuntimeError
[eval_policy_wrapper] exception in beat_block_hammer.setup_demo
Traceback (most recent call last):
  File "/root/data/robot/OpenWAM/benchmarks/robotwin/eval_policy_wrapper.py", line 218, in wrapped
    return method(*args, **kwargs)
  File "/root/data/robot/work/RoboTwin-openwam-verified/envs/beat_block_hammer.py", line 10, in setup_demo
    super()._init_task_env_(**kwags)
  File "/root/data/robot/work/RoboTwin-openwam-verified/envs/_base_task.py", line 90, in _init_task_env_
    self.setup_scene()
  File "/root/data/robot/work/RoboTwin-openwam-verified/envs/_base_task.py", line 210, in setup_scene
    self.renderer = sapien.SapienRenderer()
  File "/root/data/miniconda3/envs/robotwin-openwam/lib/python3.10/site-packages/sapien/wrapper/renderer.py", line 9, in __init__
    super().__init__()
RuntimeError: vk::PhysicalDevice::createDeviceUnique: ErrorExtensionNotPresent
[eval_policy_wrapper] expert check skipped seed=100906: RuntimeError
[eval_policy_wrapper] exception in beat_block_hammer.setup_demo
Traceback (most recent call last):
  File "/root/data/robot/OpenWAM/benchmarks/robotwin/eval_policy_wrapper.py", line 218, in wrapped
    return method(*args, **kwargs)
  File "/root/data/robot/work/RoboTwin-openwam-verified/envs/beat_block_hammer.py", line 10, in setup_demo
    super()._init_task_env_(**kwags)
  File "/root/data/robot/work/RoboTwin-openwam-verified/envs/_base_task.py", line 90, in _init_task_env_
    self.setup_scene()
  File "/root/data/robot/work/RoboTwin-openwam-verified/envs/_base_task.py", line 210, in setup_scene
    self.renderer = sapien.SapienRenderer()
  File "/root/data/miniconda3/envs/robotwin-openwam/lib/python3.10/site-packages/sapien/wrapper/renderer.py", line 9, in __init__
    super().__init__()
RuntimeError: vk::PhysicalDevice::createDeviceUnique: ErrorExtensionNotPresent
[eval_policy_wrapper] expert check skipped seed=100907: RuntimeError
[eval_policy_wrapper] exception in beat_block_hammer.setup_demo
Traceback (most recent call last):
  File "/root/data/robot/OpenWAM/benchmarks/robotwin/eval_policy_wrapper.py", line 218, in wrapped
    return method(*args, **kwargs)
  File "/root/data/robot/work/RoboTwin-openwam-verified/envs/beat_block_hammer.py", line 10, in setup_demo
    super()._init_task_env_(**kwags)
  File "/root/data/robot/work/RoboTwin-openwam-verified/envs/_base_task.py", line 90, in _init_task_env_
    self.setup_scene()
  File "/root/data/robot/work/RoboTwin-openwam-verified/envs/_base_task.py", line 210, in setup_scene
    self.renderer = sapien.SapienRenderer()
  File "/root/data/miniconda3/envs/robotwin-openwam/lib/python3.10/site-packages/sapien/wrapper/renderer.py", line 9, in __init__
    super().__init__()
RuntimeError: vk::PhysicalDevice::createDeviceUnique: ErrorExtensionNotPresent
[eval_policy_wrapper] expert check skipped seed=100908: RuntimeError
[eval_policy_wrapper] exception in beat_block_hammer.setup_demo
Traceback (most recent call last):
  File "/root/data/robot/OpenWAM/benchmarks/robotwin/eval_policy_wrapper.py", line 218, in wrapped
    return method(*args, **kwargs)
  File "/root/data/robot/work/RoboTwin-openwam-verified/envs/beat_block_hammer.py", line 10, in setup_demo
    super()._init_task_env_(**kwags)
  File "/root/data/robot/work/RoboTwin-openwam-verified/envs/_base_task.py", line 90, in _init_task_env_
    self.setup_scene()
  File "/root/data/robot/work/RoboTwin-openwam-verified/envs/_base_task.py", line 210, in setup_scene
    self.renderer = sapien.SapienRenderer()
  File "/root/data/miniconda3/envs/robotwin-openwam/lib/python3.10/site-packages/sapien/wrapper/renderer.py", line 9, in __init__
    super().__init__()
RuntimeError: vk::PhysicalDevice::createDeviceUnique: ErrorExtensionNotPresent
[eval_policy_wrapper] expert check skipped seed=100909: RuntimeError
[eval_policy_wrapper] exception in beat_block_hammer.setup_demo
Traceback (most recent call last):
  File "/root/data/robot/OpenWAM/benchmarks/robotwin/eval_policy_wrapper.py", line 218, in wrapped
    return method(*args, **kwargs)
  File "/root/data/robot/work/RoboTwin-openwam-verified/envs/beat_block_hammer.py", line 10, in setup_demo
    super()._init_task_env_(**kwags)
  File "/root/data/robot/work/RoboTwin-openwam-verified/envs/_base_task.py", line 90, in _init_task_env_
    self.setup_scene()
  File "/root/data/robot/work/RoboTwin-openwam-verified/envs/_base_task.py", line 210, in setup_scene
    self.renderer = sapien.SapienRenderer()
  File "/root/data/miniconda3/envs/robotwin-openwam/lib/python3.10/site-packages/sapien/wrapper/renderer.py", line 9, in __init__
    super().__init__()
RuntimeError: vk::PhysicalDevice::createDeviceUnique: ErrorExtensionNotPresent
[eval_policy_wrapper] expert check skipped seed=100910: RuntimeError
[eval_policy_wrapper] exception in beat_block_hammer.setup_demo
Traceback (most recent call last):
  File "/root/data/robot/OpenWAM/benchmarks/robotwin/eval_policy_wrapper.py", line 218, in wrapped
    return method(*args, **kwargs)
  File "/root/data/robot/work/RoboTwin-openwam-verified/envs/beat_block_hammer.py", line 10, in setup_demo
    super()._init_task_env_(**kwags)
  File "/root/data/robot/work/RoboTwin-openwam-verified/envs/_base_task.py", line 90, in _init_task_env_
    self.setup_scene()
  File "/root/data/robot/work/RoboTwin-openwam-verified/envs/_base_task.py", line 210, in setup_scene
    self.renderer = sapien.SapienRenderer()
  File "/root/data/miniconda3/envs/robotwin-openwam/lib/python3.10/site-packages/sapien/wrapper/renderer.py", line 9, in __init__
    super().__init__()
RuntimeError: vk::PhysicalDevice::createDeviceUnique: ErrorExtensionNotPresent
[eval_policy_wrapper] expert check skipped seed=100911: RuntimeError
[eval_policy_wrapper] exception in beat_block_hammer.setup_demo
Traceback (most recent call last):
  File "/root/data/robot/OpenWAM/benchmarks/robotwin/eval_policy_wrapper.py", line 218, in wrapped
    return method(*args, **kwargs)
  File "/root/data/robot/work/RoboTwin-openwam-verified/envs/beat_block_hammer.py", line 10, in setup_demo
    super()._init_task_env_(**kwags)
  File "/root/data/robot/work/RoboTwin-openwam-verified/envs/_base_task.py", line 90, in _init_task_env_
    self.setup_scene()
  File "/root/data/robot/work/RoboTwin-openwam-verified/envs/_base_task.py", line 210, in setup_scene
    self.renderer = sapien.SapienRenderer()
  File "/root/data/miniconda3/envs/robotwin-openwam/lib/python3.10/site-packages/sapien/wrapper/renderer.py", line 9, in __init__
    super().__init__()
RuntimeError: vk::PhysicalDevice::createDeviceUnique: ErrorExtensionNotPresent
[eval_policy_wrapper] expert check skipped seed=100912: RuntimeError
[eval_policy_wrapper] exception in beat_block_hammer.setup_demo
Traceback (most recent call last):
  File "/root/data/robot/OpenWAM/benchmarks/robotwin/eval_policy_wrapper.py", line 218, in wrapped
    return method(*args, **kwargs)
  File "/root/data/robot/work/RoboTwin-openwam-verified/envs/beat_block_hammer.py", line 10, in setup_demo
    super()._init_task_env_(**kwags)
  File "/root/data/robot/work/RoboTwin-openwam-verified/envs/_base_task.py", line 90, in _init_task_env_
    self.setup_scene()
  File "/root/data/robot/work/RoboTwin-openwam-verified/envs/_base_task.py", line 210, in setup_scene
    self.renderer = sapien.SapienRenderer()
  File "/root/data/miniconda3/envs/robotwin-openwam/lib/python3.10/site-packages/sapien/wrapper/renderer.py", line 9, in __init__
    super().__init__()
RuntimeError: vk::PhysicalDevice::createDeviceUnique: ErrorExtensionNotPresent
[eval_policy_wrapper] expert check skipped seed=100913: RuntimeError
[eval_policy_wrapper] exception in beat_block_hammer.setup_demo
Traceback (most recent call last):
  File "/root/data/robot/OpenWAM/benchmarks/robotwin/eval_policy_wrapper.py", line 218, in wrapped
    return method(*args, **kwargs)
  File "/root/data/robot/work/RoboTwin-openwam-verified/envs/beat_block_hammer.py", line 10, in setup_demo
    super()._init_task_env_(**kwags)
  File "/root/data/robot/work/RoboTwin-openwam-verified/envs/_base_task.py", line 90, in _init_task_env_
    self.setup_scene()
  File "/root/data/robot/work/RoboTwin-openwam-verified/envs/_base_task.py", line 210, in setup_scene
    self.renderer = sapien.SapienRenderer()
  File "/root/data/miniconda3/envs/robotwin-openwam/lib/python3.10/site-packages/sapien/wrapper/renderer.py", line 9, in __init__
    super().__init__()
RuntimeError: vk::PhysicalDevice::createDeviceUnique: ErrorExtensionNotPresent
[eval_policy_wrapper] expert check skipped seed=100914: RuntimeError
[eval_policy_wrapper] exception in beat_block_hammer.setup_demo
Traceback (most recent call last):
  File "/root/data/robot/OpenWAM/benchmarks/robotwin/eval_policy_wrapper.py", line 218, in wrapped
    return method(*args, **kwargs)
  File "/root/data/robot/work/RoboTwin-openwam-verified/envs/beat_block_hammer.py", line 10, in setup_demo
    super()._init_task_env_(**kwags)
  File "/root/data/robot/work/RoboTwin-openwam-verified/envs/_base_task.py", line 90, in _init_task_env_
    self.setup_scene()
  File "/root/data/robot/work/RoboTwin-openwam-verified/envs/_base_task.py", line 210, in setup_scene
    self.renderer = sapien.SapienRenderer()
  File "/root/data/miniconda3/envs/robotwin-openwam/lib/python3.10/site-packages/sapien/wrapper/renderer.py", line 9, in __init__
    super().__init__()
RuntimeError: vk::PhysicalDevice::createDeviceUnique: ErrorExtensionNotPresent
[eval_policy_wrapper] expert check skipped seed=100915: RuntimeError
[eval_policy_wrapper] exception in beat_block_hammer.setup_demo
Traceback (most recent call last):
  File "/root/data/robot/OpenWAM/benchmarks/robotwin/eval_policy_wrapper.py", line 218, in wrapped
    return method(*args, **kwargs)
  File "/root/data/robot/work/RoboTwin-openwam-verified/envs/beat_block_hammer.py", line 10, in setup_demo
    super()._init_task_env_(**kwags)
  File "/root/data/robot/work/RoboTwin-openwam-verified/envs/_base_task.py", line 90, in _init_task_env_
    self.setup_scene()
  File "/root/data/robot/work/RoboTwin-openwam-verified/envs/_base_task.py", line 210, in setup_scene
    self.renderer = sapien.SapienRenderer()
  File "/root/data/miniconda3/envs/robotwin-openwam/lib/python3.10/site-packages/sapien/wrapper/renderer.py", line 9, in __init__
    super().__init__()
RuntimeError: vk::PhysicalDevice::createDeviceUnique: ErrorExtensionNotPresent
[eval_policy_wrapper] expert check skipped seed=100916: RuntimeError
[eval_policy_wrapper] exception in beat_block_hammer.setup_demo
Traceback (most recent call last):
  File "/root/data/robot/OpenWAM/benchmarks/robotwin/eval_policy_wrapper.py", line 218, in wrapped
    return method(*args, **kwargs)
  File "/root/data/robot/work/RoboTwin-openwam-verified/envs/beat_block_hammer.py", line 10, in setup_demo
    super()._init_task_env_(**kwags)
  File "/root/data/robot/work/RoboTwin-openwam-verified/envs/_base_task.py", line 90, in _init_task_env_
    self.setup_scene()
  File "/root/data/robot/work/RoboTwin-openwam-verified/envs/_base_task.py", line 210, in setup_scene
    self.renderer = sapien.SapienRenderer()
  File "/root/data/miniconda3/envs/robotwin-openwam/lib/python3.10/site-packages/sapien/wrapper/renderer.py", line 9, in __init__
    super().__init__()
RuntimeError: vk::PhysicalDevice::createDeviceUnique: ErrorExtensionNotPresent
[eval_policy_wrapper] expert check skipped seed=100917: RuntimeError
[eval_policy_wrapper] exception in beat_block_hammer.setup_demo
Traceback (most recent call last):
  File "/root/data/robot/OpenWAM/benchmarks/robotwin/eval_policy_wrapper.py", line 218, in wrapped
    return method(*args, **kwargs)
  File "/root/data/robot/work/RoboTwin-openwam-verified/envs/beat_block_hammer.py", line 10, in setup_demo
    super()._init_task_env_(**kwags)
  File "/root/data/robot/work/RoboTwin-openwam-verified/envs/_base_task.py", line 90, in _init_task_env_
    self.setup_scene()
  File "/root/data/robot/work/RoboTwin-openwam-verified/envs/_base_task.py", line 210, in setup_scene
    self.renderer = sapien.SapienRenderer()
  File "/root/data/miniconda3/envs/robotwin-openwam/lib/python3.10/site-packages/sapien/wrapper/renderer.py", line 9, in __init__
    super().__init__()
RuntimeError: vk::PhysicalDevice::createDeviceUnique: ErrorExtensionNotPresent
[eval_policy_wrapper] expert check skipped seed=100918: RuntimeError
[eval_policy_wrapper] exception in beat_block_hammer.setup_demo
Traceback (most recent call last):
  File "/root/data/robot/OpenWAM/benchmarks/robotwin/eval_policy_wrapper.py", line 218, in wrapped
    return method(*args, **kwargs)
  File "/root/data/robot/work/RoboTwin-openwam-verified/envs/beat_block_hammer.py", line 10, in setup_demo
    super()._init_task_env_(**kwags)
  File "/root/data/robot/work/RoboTwin-openwam-verified/envs/_base_task.py", line 90, in _init_task_env_
    self.setup_scene()
  File "/root/data/robot/work/RoboTwin-openwam-verified/envs/_base_task.py", line 210, in setup_scene
    self.renderer = sapien.SapienRenderer()
  File "/root/data/miniconda3/envs/robotwin-openwam/lib/python3.10/site-packages/sapien/wrapper/renderer.py", line 9, in __init__
    super().__init__()
RuntimeError: vk::PhysicalDevice::createDeviceUnique: ErrorExtensionNotPresent
[eval_policy_wrapper] expert check skipped seed=100919: RuntimeError
[eval_policy_wrapper] exception in beat_block_hammer.setup_demo
Traceback (most recent call last):
  File "/root/data/robot/OpenWAM/benchmarks/robotwin/eval_policy_wrapper.py", line 218, in wrapped
    return method(*args, **kwargs)
  File "/root/data/robot/work/RoboTwin-openwam-verified/envs/beat_block_hammer.py", line 10, in setup_demo
    super()._init_task_env_(**kwags)
  File "/root/data/robot/work/RoboTwin-openwam-verified/envs/_base_task.py", line 90, in _init_task_env_
    self.setup_scene()
  File "/root/data/robot/work/RoboTwin-openwam-verified/envs/_base_task.py", line 210, in setup_scene
    self.renderer = sapien.SapienRenderer()
  File "/root/data/miniconda3/envs/robotwin-openwam/lib/python3.10/site-packages/sapien/wrapper/renderer.py", line 9, in __init__
    super().__init__()
RuntimeError: vk::PhysicalDevice::createDeviceUnique: ErrorExtensionNotPresent
[eval_policy_wrapper] expert check skipped seed=100920: RuntimeError
[eval_policy_wrapper] exception in beat_block_hammer.setup_demo
Traceback (most recent call last):
  File "/root/data/robot/OpenWAM/benchmarks/robotwin/eval_policy_wrapper.py", line 218, in wrapped
    return method(*args, **kwargs)
  File "/root/data/robot/work/RoboTwin-openwam-verified/envs/beat_block_hammer.py", line 10, in setup_demo
    super()._init_task_env_(**kwags)
  File "/root/data/robot/work/RoboTwin-openwam-verified/envs/_base_task.py", line 90, in _init_task_env_
    self.setup_scene()
  File "/root/data/robot/work/RoboTwin-openwam-verified/envs/_base_task.py", line 210, in setup_scene
    self.renderer = sapien.SapienRenderer()
  File "/root/data/miniconda3/envs/robotwin-openwam/lib/python3.10/site-packages/sapien/wrapper/renderer.py", line 9, in __init__
    super().__init__()
RuntimeError: vk::PhysicalDevice::createDeviceUnique: ErrorExtensionNotPresent
[eval_policy_wrapper] expert check skipped seed=100921: RuntimeError
[eval_policy_wrapper] exception in beat_block_hammer.setup_demo
Traceback (most recent call last):
  File "/root/data/robot/OpenWAM/benchmarks/robotwin/eval_policy_wrapper.py", line 218, in wrapped
    return method(*args, **kwargs)
  File "/root/data/robot/work/RoboTwin-openwam-verified/envs/beat_block_hammer.py", line 10, in setup_demo
    super()._init_task_env_(**kwags)
  File "/root/data/robot/work/RoboTwin-openwam-verified/envs/_base_task.py", line 90, in _init_task_env_
    self.setup_scene()
  File "/root/data/robot/work/RoboTwin-openwam-verified/envs/_base_task.py", line 210, in setup_scene
    self.renderer = sapien.SapienRenderer()
  File "/root/data/miniconda3/envs/robotwin-openwam/lib/python3.10/site-packages/sapien/wrapper/renderer.py", line 9, in __init__
    super().__init__()
RuntimeError: vk::PhysicalDevice::createDeviceUnique: ErrorExtensionNotPresent
[eval_policy_wrapper] expert check skipped seed=100922: RuntimeError
[eval_policy_wrapper] exception in beat_block_hammer.setup_demo
Traceback (most recent call last):
  File "/root/data/robot/OpenWAM/benchmarks/robotwin/eval_policy_wrapper.py", line 218, in wrapped
    return method(*args, **kwargs)
  File "/root/data/robot/work/RoboTwin-openwam-verified/envs/beat_block_hammer.py", line 10, in setup_demo
    super()._init_task_env_(**kwags)
  File "/root/data/robot/work/RoboTwin-openwam-verified/envs/_base_task.py", line 90, in _init_task_env_
    self.setup_scene()
  File "/root/data/robot/work/RoboTwin-openwam-verified/envs/_base_task.py", line 210, in setup_scene
    self.renderer = sapien.SapienRenderer()
  File "/root/data/miniconda3/envs/robotwin-openwam/lib/python3.10/site-packages/sapien/wrapper/renderer.py", line 9, in __init__
    super().__init__()
RuntimeError: vk::PhysicalDevice::createDeviceUnique: ErrorExtensionNotPresent
[eval_policy_wrapper] expert check skipped seed=100923: RuntimeError
[eval_policy_wrapper] exception in beat_block_hammer.setup_demo
Traceback (most recent call last):
  File "/root/data/robot/OpenWAM/benchmarks/robotwin/eval_policy_wrapper.py", line 218, in wrapped
    return method(*args, **kwargs)
  File "/root/data/robot/work/RoboTwin-openwam-verified/envs/beat_block_hammer.py", line 10, in setup_demo
    super()._init_task_env_(**kwags)
  File "/root/data/robot/work/RoboTwin-openwam-verified/envs/_base_task.py", line 90, in _init_task_env_
    self.setup_scene()
  File "/root/data/robot/work/RoboTwin-openwam-verified/envs/_base_task.py", line 210, in setup_scene
    self.renderer = sapien.SapienRenderer()
  File "/root/data/miniconda3/envs/robotwin-openwam/lib/python3.10/site-packages/sapien/wrapper/renderer.py", line 9, in __init__
    super().__init__()
RuntimeError: vk::PhysicalDevice::createDeviceUnique: ErrorExtensionNotPresent
[eval_policy_wrapper] expert check skipped seed=100924: RuntimeError
[eval_policy_wrapper] exception in beat_block_hammer.setup_demo
Traceback (most recent call last):
  File "/root/data/robot/OpenWAM/benchmarks/robotwin/eval_policy_wrapper.py", line 218, in wrapped
    return method(*args, **kwargs)
  File "/root/data/robot/work/RoboTwin-openwam-verified/envs/beat_block_hammer.py", line 10, in setup_demo
    super()._init_task_env_(**kwags)
  File "/root/data/robot/work/RoboTwin-openwam-verified/envs/_base_task.py", line 90, in _init_task_env_
    self.setup_scene()
  File "/root/data/robot/work/RoboTwin-openwam-verified/envs/_base_task.py", line 210, in setup_scene
    self.renderer = sapien.SapienRenderer()
  File "/root/data/miniconda3/envs/robotwin-openwam/lib/python3.10/site-packages/sapien/wrapper/renderer.py", line 9, in __init__
    super().__init__()
RuntimeError: vk::PhysicalDevice::createDeviceUnique: ErrorExtensionNotPresent
[eval_policy_wrapper] expert check skipped seed=100925: RuntimeError
[eval_policy_wrapper] exception in beat_block_hammer.setup_demo
Traceback (most recent call last):
  File "/root/data/robot/OpenWAM/benchmarks/robotwin/eval_policy_wrapper.py", line 218, in wrapped
    return method(*args, **kwargs)
  File "/root/data/robot/work/RoboTwin-openwam-verified/envs/beat_block_hammer.py", line 10, in setup_demo
    super()._init_task_env_(**kwags)
  File "/root/data/robot/work/RoboTwin-openwam-verified/envs/_base_task.py", line 90, in _init_task_env_
    self.setup_scene()
  File "/root/data/robot/work/RoboTwin-openwam-verified/envs/_base_task.py", line 210, in setup_scene
    self.renderer = sapien.SapienRenderer()
  File "/root/data/miniconda3/envs/robotwin-openwam/lib/python3.10/site-packages/sapien/wrapper/renderer.py", line 9, in __init__
    super().__init__()
RuntimeError: vk::PhysicalDevice::createDeviceUnique: ErrorExtensionNotPresent
[eval_policy_wrapper] expert check skipped seed=100926: RuntimeError
[eval_policy_wrapper] exception in beat_block_hammer.setup_demo
Traceback (most recent call last):
  File "/root/data/robot/OpenWAM/benchmarks/robotwin/eval_policy_wrapper.py", line 218, in wrapped
    return method(*args, **kwargs)
  File "/root/data/robot/work/RoboTwin-openwam-verified/envs/beat_block_hammer.py", line 10, in setup_demo
    super()._init_task_env_(**kwags)
  File "/root/data/robot/work/RoboTwin-openwam-verified/envs/_base_task.py", line 90, in _init_task_env_
    self.setup_scene()
  File "/root/data/robot/work/RoboTwin-openwam-verified/envs/_base_task.py", line 210, in setup_scene
    self.renderer = sapien.SapienRenderer()
  File "/root/data/miniconda3/envs/robotwin-openwam/lib/python3.10/site-packages/sapien/wrapper/renderer.py", line 9, in __init__
    super().__init__()
RuntimeError: vk::PhysicalDevice::createDeviceUnique: ErrorExtensionNotPresent
[eval_policy_wrapper] expert check skipped seed=100927: RuntimeError
[eval_policy_wrapper] exception in beat_block_hammer.setup_demo
Traceback (most recent call last):
  File "/root/data/robot/OpenWAM/benchmarks/robotwin/eval_policy_wrapper.py", line 218, in wrapped
    return method(*args, **kwargs)
  File "/root/data/robot/work/RoboTwin-openwam-verified/envs/beat_block_hammer.py", line 10, in setup_demo
    super()._init_task_env_(**kwags)
  File "/root/data/robot/work/RoboTwin-openwam-verified/envs/_base_task.py", line 90, in _init_task_env_
    self.setup_scene()
  File "/root/data/robot/work/RoboTwin-openwam-verified/envs/_base_task.py", line 210, in setup_scene
    self.renderer = sapien.SapienRenderer()
  File "/root/data/miniconda3/envs/robotwin-openwam/lib/python3.10/site-packages/sapien/wrapper/renderer.py", line 9, in __init__
    super().__init__()
RuntimeError: vk::PhysicalDevice::createDeviceUnique: ErrorExtensionNotPresent
[eval_policy_wrapper] expert check skipped seed=100928: RuntimeError
[eval_policy_wrapper] exception in beat_block_hammer.setup_demo
Traceback (most recent call last):
  File "/root/data/robot/OpenWAM/benchmarks/robotwin/eval_policy_wrapper.py", line 218, in wrapped
    return method(*args, **kwargs)
  File "/root/data/robot/work/RoboTwin-openwam-verified/envs/beat_block_hammer.py", line 10, in setup_demo
    super()._init_task_env_(**kwags)
  File "/root/data/robot/work/RoboTwin-openwam-verified/envs/_base_task.py", line 90, in _init_task_env_
    self.setup_scene()
  File "/root/data/robot/work/RoboTwin-openwam-verified/envs/_base_task.py", line 210, in setup_scene
    self.renderer = sapien.SapienRenderer()
  File "/root/data/miniconda3/envs/robotwin-openwam/lib/python3.10/site-packages/sapien/wrapper/renderer.py", line 9, in __init__
    super().__init__()
RuntimeError: vk::PhysicalDevice::createDeviceUnique: ErrorExtensionNotPresent
[eval_policy_wrapper] expert check skipped seed=100929: RuntimeError
[eval_policy_wrapper] exception in beat_block_hammer.setup_demo
Traceback (most recent call last):
  File "/root/data/robot/OpenWAM/benchmarks/robotwin/eval_policy_wrapper.py", line 218, in wrapped
    return method(*args, **kwargs)
  File "/root/data/robot/work/RoboTwin-openwam-verified/envs/beat_block_hammer.py", line 10, in setup_demo
    super()._init_task_env_(**kwags)
  File "/root/data/robot/work/RoboTwin-openwam-verified/envs/_base_task.py", line 90, in _init_task_env_
    self.setup_scene()
  File "/root/data/robot/work/RoboTwin-openwam-verified/envs/_base_task.py", line 210, in setup_scene
    self.renderer = sapien.SapienRenderer()
  File "/root/data/miniconda3/envs/robotwin-openwam/lib/python3.10/site-packages/sapien/wrapper/renderer.py", line 9, in __init__
    super().__init__()
RuntimeError: vk::PhysicalDevice::createDeviceUnique: ErrorExtensionNotPresent
[eval_policy_wrapper] expert check skipped seed=100930: RuntimeError
[eval_policy_wrapper] exception in beat_block_hammer.setup_demo
Traceback (most recent call last):
  File "/root/data/robot/OpenWAM/benchmarks/robotwin/eval_policy_wrapper.py", line 218, in wrapped
    return method(*args, **kwargs)
  File "/root/data/robot/work/RoboTwin-openwam-verified/envs/beat_block_hammer.py", line 10, in setup_demo
    super()._init_task_env_(**kwags)
  File "/root/data/robot/work/RoboTwin-openwam-verified/envs/_base_task.py", line 90, in _init_task_env_
    self.setup_scene()
  File "/root/data/robot/work/RoboTwin-openwam-verified/envs/_base_task.py", line 210, in setup_scene
    self.renderer = sapien.SapienRenderer()
  File "/root/data/miniconda3/envs/robotwin-openwam/lib/python3.10/site-packages/sapien/wrapper/renderer.py", line 9, in __init__
    super().__init__()
RuntimeError: vk::PhysicalDevice::createDeviceUnique: ErrorExtensionNotPresent
[eval_policy_wrapper] expert check skipped seed=100931: RuntimeError
[eval_policy_wrapper] exception in beat_block_hammer.setup_demo
Traceback (most recent call last):
  File "/root/data/robot/OpenWAM/benchmarks/robotwin/eval_policy_wrapper.py", line 218, in wrapped
    return method(*args, **kwargs)
  File "/root/data/robot/work/RoboTwin-openwam-verified/envs/beat_block_hammer.py", line 10, in setup_demo
    super()._init_task_env_(**kwags)
  File "/root/data/robot/work/RoboTwin-openwam-verified/envs/_base_task.py", line 90, in _init_task_env_
    self.setup_scene()
  File "/root/data/robot/work/RoboTwin-openwam-verified/envs/_base_task.py", line 210, in setup_scene
    self.renderer = sapien.SapienRenderer()
  File "/root/data/miniconda3/envs/robotwin-openwam/lib/python3.10/site-packages/sapien/wrapper/renderer.py", line 9, in __init__
    super().__init__()
RuntimeError: vk::PhysicalDevice::createDeviceUnique: ErrorExtensionNotPresent
[eval_policy_wrapper] expert check skipped seed=100932: RuntimeError
[eval_policy_wrapper] exception in beat_block_hammer.setup_demo
Traceback (most recent call last):
  File "/root/data/robot/OpenWAM/benchmarks/robotwin/eval_policy_wrapper.py", line 218, in wrapped
    return method(*args, **kwargs)
  File "/root/data/robot/work/RoboTwin-openwam-verified/envs/beat_block_hammer.py", line 10, in setup_demo
    super()._init_task_env_(**kwags)
  File "/root/data/robot/work/RoboTwin-openwam-verified/envs/_base_task.py", line 90, in _init_task_env_
    self.setup_scene()
  File "/root/data/robot/work/RoboTwin-openwam-verified/envs/_base_task.py", line 210, in setup_scene
    self.renderer = sapien.SapienRenderer()
  File "/root/data/miniconda3/envs/robotwin-openwam/lib/python3.10/site-packages/sapien/wrapper/renderer.py", line 9, in __init__
    super().__init__()
RuntimeError: vk::PhysicalDevice::createDeviceUnique: ErrorExtensionNotPresent
[eval_policy_wrapper] expert check skipped seed=100933: RuntimeError
[eval_policy_wrapper] exception in beat_block_hammer.setup_demo
Traceback (most recent call last):
  File "/root/data/robot/OpenWAM/benchmarks/robotwin/eval_policy_wrapper.py", line 218, in wrapped
    return method(*args, **kwargs)
  File "/root/data/robot/work/RoboTwin-openwam-verified/envs/beat_block_hammer.py", line 10, in setup_demo
    super()._init_task_env_(**kwags)
  File "/root/data/robot/work/RoboTwin-openwam-verified/envs/_base_task.py", line 90, in _init_task_env_
    self.setup_scene()
  File "/root/data/robot/work/RoboTwin-openwam-verified/envs/_base_task.py", line 210, in setup_scene
    self.renderer = sapien.SapienRenderer()
  File "/root/data/miniconda3/envs/robotwin-openwam/lib/python3.10/site-packages/sapien/wrapper/renderer.py", line 9, in __init__
    super().__init__()
RuntimeError: vk::PhysicalDevice::createDeviceUnique: ErrorExtensionNotPresent
[eval_policy_wrapper] expert check skipped seed=100934: RuntimeError
[eval_policy_wrapper] exception in beat_block_hammer.setup_demo
Traceback (most recent call last):
  File "/root/data/robot/OpenWAM/benchmarks/robotwin/eval_policy_wrapper.py", line 218, in wrapped
    return method(*args, **kwargs)
  File "/root/data/robot/work/RoboTwin-openwam-verified/envs/beat_block_hammer.py", line 10, in setup_demo
    super()._init_task_env_(**kwags)
  File "/root/data/robot/work/RoboTwin-openwam-verified/envs/_base_task.py", line 90, in _init_task_env_
    self.setup_scene()
  File "/root/data/robot/work/RoboTwin-openwam-verified/envs/_base_task.py", line 210, in setup_scene
    self.renderer = sapien.SapienRenderer()
  File "/root/data/miniconda3/envs/robotwin-openwam/lib/python3.10/site-packages/sapien/wrapper/renderer.py", line 9, in __init__
    super().__init__()
RuntimeError: vk::PhysicalDevice::createDeviceUnique: ErrorExtensionNotPresent
[eval_policy_wrapper] expert check skipped seed=100935: RuntimeError
[eval_policy_wrapper] exception in beat_block_hammer.setup_demo
Traceback (most recent call last):
  File "/root/data/robot/OpenWAM/benchmarks/robotwin/eval_policy_wrapper.py", line 218, in wrapped
    return method(*args, **kwargs)
  File "/root/data/robot/work/RoboTwin-openwam-verified/envs/beat_block_hammer.py", line 10, in setup_demo
    super()._init_task_env_(**kwags)
  File "/root/data/robot/work/RoboTwin-openwam-verified/envs/_base_task.py", line 90, in _init_task_env_
    self.setup_scene()
  File "/root/data/robot/work/RoboTwin-openwam-verified/envs/_base_task.py", line 210, in setup_scene
    self.renderer = sapien.SapienRenderer()
  File "/root/data/miniconda3/envs/robotwin-openwam/lib/python3.10/site-packages/sapien/wrapper/renderer.py", line 9, in __init__
    super().__init__()
RuntimeError: vk::PhysicalDevice::createDeviceUnique: ErrorExtensionNotPresent
[eval_policy_wrapper] expert check skipped seed=100936: RuntimeError
[eval_policy_wrapper] exception in beat_block_hammer.setup_demo
Traceback (most recent call last):
  File "/root/data/robot/OpenWAM/benchmarks/robotwin/eval_policy_wrapper.py", line 218, in wrapped
    return method(*args, **kwargs)
  File "/root/data/robot/work/RoboTwin-openwam-verified/envs/beat_block_hammer.py", line 10, in setup_demo
    super()._init_task_env_(**kwags)
  File "/root/data/robot/work/RoboTwin-openwam-verified/envs/_base_task.py", line 90, in _init_task_env_
    self.setup_scene()
  File "/root/data/robot/work/RoboTwin-openwam-verified/envs/_base_task.py", line 210, in setup_scene
    self.renderer = sapien.SapienRenderer()
  File "/root/data/miniconda3/envs/robotwin-openwam/lib/python3.10/site-packages/sapien/wrapper/renderer.py", line 9, in __init__
    super().__init__()
RuntimeError: vk::PhysicalDevice::createDeviceUnique: ErrorExtensionNotPresent
[eval_policy_wrapper] expert check skipped seed=100937: RuntimeError
[eval_policy_wrapper] exception in beat_block_hammer.setup_demo
Traceback (most recent call last):
  File "/root/data/robot/OpenWAM/benchmarks/robotwin/eval_policy_wrapper.py", line 218, in wrapped
    return method(*args, **kwargs)
  File "/root/data/robot/work/RoboTwin-openwam-verified/envs/beat_block_hammer.py", line 10, in setup_demo
    super()._init_task_env_(**kwags)
  File "/root/data/robot/work/RoboTwin-openwam-verified/envs/_base_task.py", line 90, in _init_task_env_
    self.setup_scene()
  File "/root/data/robot/work/RoboTwin-openwam-verified/envs/_base_task.py", line 210, in setup_scene
    self.renderer = sapien.SapienRenderer()
  File "/root/data/miniconda3/envs/robotwin-openwam/lib/python3.10/site-packages/sapien/wrapper/renderer.py", line 9, in __init__
    super().__init__()
RuntimeError: vk::PhysicalDevice::createDeviceUnique: ErrorExtensionNotPresent
[eval_policy_wrapper] expert check skipped seed=100938: RuntimeError
[eval_policy_wrapper] exception in beat_block_hammer.setup_demo
Traceback (most recent call last):
  File "/root/data/robot/OpenWAM/benchmarks/robotwin/eval_policy_wrapper.py", line 218, in wrapped
    return method(*args, **kwargs)
  File "/root/data/robot/work/RoboTwin-openwam-verified/envs/beat_block_hammer.py", line 10, in setup_demo
    super()._init_task_env_(**kwags)
  File "/root/data/robot/work/RoboTwin-openwam-verified/envs/_base_task.py", line 90, in _init_task_env_
    self.setup_scene()
  File "/root/data/robot/work/RoboTwin-openwam-verified/envs/_base_task.py", line 210, in setup_scene
    self.renderer = sapien.SapienRenderer()
  File "/root/data/miniconda3/envs/robotwin-openwam/lib/python3.10/site-packages/sapien/wrapper/renderer.py", line 9, in __init__
    super().__init__()
RuntimeError: vk::PhysicalDevice::createDeviceUnique: ErrorExtensionNotPresent
[eval_policy_wrapper] expert check skipped seed=100939: RuntimeError
[eval_policy_wrapper] exception in beat_block_hammer.setup_demo
Traceback (most recent call last):
  File "/root/data/robot/OpenWAM/benchmarks/robotwin/eval_policy_wrapper.py", line 218, in wrapped
    return method(*args, **kwargs)
  File "/root/data/robot/work/RoboTwin-openwam-verified/envs/beat_block_hammer.py", line 10, in setup_demo
    super()._init_task_env_(**kwags)
  File "/root/data/robot/work/RoboTwin-openwam-verified/envs/_base_task.py", line 90, in _init_task_env_
    self.setup_scene()
  File "/root/data/robot/work/RoboTwin-openwam-verified/envs/_base_task.py", line 210, in setup_scene
    self.renderer = sapien.SapienRenderer()
  File "/root/data/miniconda3/envs/robotwin-openwam/lib/python3.10/site-packages/sapien/wrapper/renderer.py", line 9, in __init__
    super().__init__()
RuntimeError: vk::PhysicalDevice::createDeviceUnique: ErrorExtensionNotPresent
[eval_policy_wrapper] expert check skipped seed=100940: RuntimeError
[eval_policy_wrapper] exception in beat_block_hammer.setup_demo
Traceback (most recent call last):
  File "/root/data/robot/OpenWAM/benchmarks/robotwin/eval_policy_wrapper.py", line 218, in wrapped
    return method(*args, **kwargs)
  File "/root/data/robot/work/RoboTwin-openwam-verified/envs/beat_block_hammer.py", line 10, in setup_demo
    super()._init_task_env_(**kwags)
  File "/root/data/robot/work/RoboTwin-openwam-verified/envs/_base_task.py", line 90, in _init_task_env_
    self.setup_scene()
  File "/root/data/robot/work/RoboTwin-openwam-verified/envs/_base_task.py", line 210, in setup_scene
    self.renderer = sapien.SapienRenderer()
  File "/root/data/miniconda3/envs/robotwin-openwam/lib/python3.10/site-packages/sapien/wrapper/renderer.py", line 9, in __init__
    super().__init__()
RuntimeError: vk::PhysicalDevice::createDeviceUnique: ErrorExtensionNotPresent
[eval_policy_wrapper] expert check skipped seed=100941: RuntimeError
[eval_policy_wrapper] exception in beat_block_hammer.setup_demo
Traceback (most recent call last):
  File "/root/data/robot/OpenWAM/benchmarks/robotwin/eval_policy_wrapper.py", line 218, in wrapped
    return method(*args, **kwargs)
  File "/root/data/robot/work/RoboTwin-openwam-verified/envs/beat_block_hammer.py", line 10, in setup_demo
    super()._init_task_env_(**kwags)
  File "/root/data/robot/work/RoboTwin-openwam-verified/envs/_base_task.py", line 90, in _init_task_env_
    self.setup_scene()
  File "/root/data/robot/work/RoboTwin-openwam-verified/envs/_base_task.py", line 210, in setup_scene
    self.renderer = sapien.SapienRenderer()
  File "/root/data/miniconda3/envs/robotwin-openwam/lib/python3.10/site-packages/sapien/wrapper/renderer.py", line 9, in __init__
    super().__init__()
RuntimeError: vk::PhysicalDevice::createDeviceUnique: ErrorExtensionNotPresent
[eval_policy_wrapper] expert check skipped seed=100942: RuntimeError
[eval_policy_wrapper] exception in beat_block_hammer.setup_demo
Traceback (most recent call last):
  File "/root/data/robot/OpenWAM/benchmarks/robotwin/eval_policy_wrapper.py", line 218, in wrapped
    return method(*args, **kwargs)
  File "/root/data/robot/work/RoboTwin-openwam-verified/envs/beat_block_hammer.py", line 10, in setup_demo
    super()._init_task_env_(**kwags)
  File "/root/data/robot/work/RoboTwin-openwam-verified/envs/_base_task.py", line 90, in _init_task_env_
    self.setup_scene()
  File "/root/data/robot/work/RoboTwin-openwam-verified/envs/_base_task.py", line 210, in setup_scene
    self.renderer = sapien.SapienRenderer()
  File "/root/data/miniconda3/envs/robotwin-openwam/lib/python3.10/site-packages/sapien/wrapper/renderer.py", line 9, in __init__
    super().__init__()
RuntimeError: vk::PhysicalDevice::createDeviceUnique: ErrorExtensionNotPresent
[eval_policy_wrapper] expert check skipped seed=100943: RuntimeError
[eval_policy_wrapper] exception in beat_block_hammer.setup_demo
Traceback (most recent call last):
  File "/root/data/robot/OpenWAM/benchmarks/robotwin/eval_policy_wrapper.py", line 218, in wrapped
    return method(*args, **kwargs)
  File "/root/data/robot/work/RoboTwin-openwam-verified/envs/beat_block_hammer.py", line 10, in setup_demo
    super()._init_task_env_(**kwags)
  File "/root/data/robot/work/RoboTwin-openwam-verified/envs/_base_task.py", line 90, in _init_task_env_
    self.setup_scene()
  File "/root/data/robot/work/RoboTwin-openwam-verified/envs/_base_task.py", line 210, in setup_scene
    self.renderer = sapien.SapienRenderer()
  File "/root/data/miniconda3/envs/robotwin-openwam/lib/python3.10/site-packages/sapien/wrapper/renderer.py", line 9, in __init__
    super().__init__()
RuntimeError: vk::PhysicalDevice::createDeviceUnique: ErrorExtensionNotPresent
[eval_policy_wrapper] expert check skipped seed=100944: RuntimeError
[eval_policy_wrapper] exception in beat_block_hammer.setup_demo
Traceback (most recent call last):
  File "/root/data/robot/OpenWAM/benchmarks/robotwin/eval_policy_wrapper.py", line 218, in wrapped
    return method(*args, **kwargs)
  File "/root/data/robot/work/RoboTwin-openwam-verified/envs/beat_block_hammer.py", line 10, in setup_demo
    super()._init_task_env_(**kwags)
  File "/root/data/robot/work/RoboTwin-openwam-verified/envs/_base_task.py", line 90, in _init_task_env_
    self.setup_scene()
  File "/root/data/robot/work/RoboTwin-openwam-verified/envs/_base_task.py", line 210, in setup_scene
    self.renderer = sapien.SapienRenderer()
  File "/root/data/miniconda3/envs/robotwin-openwam/lib/python3.10/site-packages/sapien/wrapper/renderer.py", line 9, in __init__
    super().__init__()
RuntimeError: vk::PhysicalDevice::createDeviceUnique: ErrorExtensionNotPresent
[eval_policy_wrapper] expert check skipped seed=100945: RuntimeError
[eval_policy_wrapper] exception in beat_block_hammer.setup_demo
Traceback (most recent call last):
  File "/root/data/robot/OpenWAM/benchmarks/robotwin/eval_policy_wrapper.py", line 218, in wrapped
    return method(*args, **kwargs)
  File "/root/data/robot/work/RoboTwin-openwam-verified/envs/beat_block_hammer.py", line 10, in setup_demo
    super()._init_task_env_(**kwags)
  File "/root/data/robot/work/RoboTwin-openwam-verified/envs/_base_task.py", line 90, in _init_task_env_
    self.setup_scene()
  File "/root/data/robot/work/RoboTwin-openwam-verified/envs/_base_task.py", line 210, in setup_scene
    self.renderer = sapien.SapienRenderer()
  File "/root/data/miniconda3/envs/robotwin-openwam/lib/python3.10/site-packages/sapien/wrapper/renderer.py", line 9, in __init__
    super().__init__()
RuntimeError: vk::PhysicalDevice::createDeviceUnique: ErrorExtensionNotPresent
[eval_policy_wrapper] expert check skipped seed=100946: RuntimeError
[eval_policy_wrapper] exception in beat_block_hammer.setup_demo
Traceback (most recent call last):
  File "/root/data/robot/OpenWAM/benchmarks/robotwin/eval_policy_wrapper.py", line 218, in wrapped
    return method(*args, **kwargs)
  File "/root/data/robot/work/RoboTwin-openwam-verified/envs/beat_block_hammer.py", line 10, in setup_demo
    super()._init_task_env_(**kwags)
  File "/root/data/robot/work/RoboTwin-openwam-verified/envs/_base_task.py", line 90, in _init_task_env_
    self.setup_scene()
  File "/root/data/robot/work/RoboTwin-openwam-verified/envs/_base_task.py", line 210, in setup_scene
    self.renderer = sapien.SapienRenderer()
  File "/root/data/miniconda3/envs/robotwin-openwam/lib/python3.10/site-packages/sapien/wrapper/renderer.py", line 9, in __init__
    super().__init__()
RuntimeError: vk::PhysicalDevice::createDeviceUnique: ErrorExtensionNotPresent
[eval_policy_wrapper] expert check skipped seed=100947: RuntimeError
[eval_policy_wrapper] exception in beat_block_hammer.setup_demo
Traceback (most recent call last):
  File "/root/data/robot/OpenWAM/benchmarks/robotwin/eval_policy_wrapper.py", line 218, in wrapped
    return method(*args, **kwargs)
  File "/root/data/robot/work/RoboTwin-openwam-verified/envs/beat_block_hammer.py", line 10, in setup_demo
    super()._init_task_env_(**kwags)
  File "/root/data/robot/work/RoboTwin-openwam-verified/envs/_base_task.py", line 90, in _init_task_env_
    self.setup_scene()
  File "/root/data/robot/work/RoboTwin-openwam-verified/envs/_base_task.py", line 210, in setup_scene
    self.renderer = sapien.SapienRenderer()
  File "/root/data/miniconda3/envs/robotwin-openwam/lib/python3.10/site-packages/sapien/wrapper/renderer.py", line 9, in __init__
    super().__init__()
RuntimeError: vk::PhysicalDevice::createDeviceUnique: ErrorExtensionNotPresent
[eval_policy_wrapper] expert check skipped seed=100948: RuntimeError
[eval_policy_wrapper] exception in beat_block_hammer.setup_demo
Traceback (most recent call last):
  File "/root/data/robot/OpenWAM/benchmarks/robotwin/eval_policy_wrapper.py", line 218, in wrapped
    return method(*args, **kwargs)
  File "/root/data/robot/work/RoboTwin-openwam-verified/envs/beat_block_hammer.py", line 10, in setup_demo
    super()._init_task_env_(**kwags)
  File "/root/data/robot/work/RoboTwin-openwam-verified/envs/_base_task.py", line 90, in _init_task_env_
    self.setup_scene()
  File "/root/data/robot/work/RoboTwin-openwam-verified/envs/_base_task.py", line 210, in setup_scene
    self.renderer = sapien.SapienRenderer()
  File "/root/data/miniconda3/envs/robotwin-openwam/lib/python3.10/site-packages/sapien/wrapper/renderer.py", line 9, in __init__
    super().__init__()
RuntimeError: vk::PhysicalDevice::createDeviceUnique: ErrorExtensionNotPresent
[eval_policy_wrapper] expert check skipped seed=100949: RuntimeError
[eval_policy_wrapper] exception in beat_block_hammer.setup_demo
Traceback (most recent call last):
  File "/root/data/robot/OpenWAM/benchmarks/robotwin/eval_policy_wrapper.py", line 218, in wrapped
    return method(*args, **kwargs)
  File "/root/data/robot/work/RoboTwin-openwam-verified/envs/beat_block_hammer.py", line 10, in setup_demo
    super()._init_task_env_(**kwags)
  File "/root/data/robot/work/RoboTwin-openwam-verified/envs/_base_task.py", line 90, in _init_task_env_
    self.setup_scene()
  File "/root/data/robot/work/RoboTwin-openwam-verified/envs/_base_task.py", line 210, in setup_scene
    self.renderer = sapien.SapienRenderer()
  File "/root/data/miniconda3/envs/robotwin-openwam/lib/python3.10/site-packages/sapien/wrapper/renderer.py", line 9, in __init__
    super().__init__()
RuntimeError: vk::PhysicalDevice::createDeviceUnique: ErrorExtensionNotPresent
[eval_policy_wrapper] expert check skipped seed=100950: RuntimeError
[eval_policy_wrapper] exception in beat_block_hammer.setup_demo
Traceback (most recent call last):
  File "/root/data/robot/OpenWAM/benchmarks/robotwin/eval_policy_wrapper.py", line 218, in wrapped
    return method(*args, **kwargs)
  File "/root/data/robot/work/RoboTwin-openwam-verified/envs/beat_block_hammer.py", line 10, in setup_demo
    super()._init_task_env_(**kwags)
  File "/root/data/robot/work/RoboTwin-openwam-verified/envs/_base_task.py", line 90, in _init_task_env_
    self.setup_scene()
  File "/root/data/robot/work/RoboTwin-openwam-verified/envs/_base_task.py", line 210, in setup_scene
    self.renderer = sapien.SapienRenderer()
  File "/root/data/miniconda3/envs/robotwin-openwam/lib/python3.10/site-packages/sapien/wrapper/renderer.py", line 9, in __init__
    super().__init__()
RuntimeError: vk::PhysicalDevice::createDeviceUnique: ErrorExtensionNotPresent
[eval_policy_wrapper] expert check skipped seed=100951: RuntimeError
[eval_policy_wrapper] exception in beat_block_hammer.setup_demo
Traceback (most recent call last):
  File "/root/data/robot/OpenWAM/benchmarks/robotwin/eval_policy_wrapper.py", line 218, in wrapped
    return method(*args, **kwargs)
  File "/root/data/robot/work/RoboTwin-openwam-verified/envs/beat_block_hammer.py", line 10, in setup_demo
    super()._init_task_env_(**kwags)
  File "/root/data/robot/work/RoboTwin-openwam-verified/envs/_base_task.py", line 90, in _init_task_env_
    self.setup_scene()
  File "/root/data/robot/work/RoboTwin-openwam-verified/envs/_base_task.py", line 210, in setup_scene
    self.renderer = sapien.SapienRenderer()
  File "/root/data/miniconda3/envs/robotwin-openwam/lib/python3.10/site-packages/sapien/wrapper/renderer.py", line 9, in __init__
    super().__init__()
RuntimeError: vk::PhysicalDevice::createDeviceUnique: ErrorExtensionNotPresent
[eval_policy_wrapper] expert check skipped seed=100952: RuntimeError
[eval_policy_wrapper] exception in beat_block_hammer.setup_demo
Traceback (most recent call last):
  File "/root/data/robot/OpenWAM/benchmarks/robotwin/eval_policy_wrapper.py", line 218, in wrapped
    return method(*args, **kwargs)
  File "/root/data/robot/work/RoboTwin-openwam-verified/envs/beat_block_hammer.py", line 10, in setup_demo
    super()._init_task_env_(**kwags)
  File "/root/data/robot/work/RoboTwin-openwam-verified/envs/_base_task.py", line 90, in _init_task_env_
    self.setup_scene()
  File "/root/data/robot/work/RoboTwin-openwam-verified/envs/_base_task.py", line 210, in setup_scene
    self.renderer = sapien.SapienRenderer()
  File "/root/data/miniconda3/envs/robotwin-openwam/lib/python3.10/site-packages/sapien/wrapper/renderer.py", line 9, in __init__
    super().__init__()
RuntimeError: vk::PhysicalDevice::createDeviceUnique: ErrorExtensionNotPresent
[eval_policy_wrapper] expert check skipped seed=100953: RuntimeError
[eval_policy_wrapper] exception in beat_block_hammer.setup_demo
Traceback (most recent call last):
  File "/root/data/robot/OpenWAM/benchmarks/robotwin/eval_policy_wrapper.py", line 218, in wrapped
    return method(*args, **kwargs)
  File "/root/data/robot/work/RoboTwin-openwam-verified/envs/beat_block_hammer.py", line 10, in setup_demo
    super()._init_task_env_(**kwags)
  File "/root/data/robot/work/RoboTwin-openwam-verified/envs/_base_task.py", line 90, in _init_task_env_
    self.setup_scene()
  File "/root/data/robot/work/RoboTwin-openwam-verified/envs/_base_task.py", line 210, in setup_scene
    self.renderer = sapien.SapienRenderer()
  File "/root/data/miniconda3/envs/robotwin-openwam/lib/python3.10/site-packages/sapien/wrapper/renderer.py", line 9, in __init__
    super().__init__()
RuntimeError: vk::PhysicalDevice::createDeviceUnique: ErrorExtensionNotPresent
[eval_policy_wrapper] expert check skipped seed=100954: RuntimeError
[eval_policy_wrapper] exception in beat_block_hammer.setup_demo
Traceback (most recent call last):
  File "/root/data/robot/OpenWAM/benchmarks/robotwin/eval_policy_wrapper.py", line 218, in wrapped
    return method(*args, **kwargs)
  File "/root/data/robot/work/RoboTwin-openwam-verified/envs/beat_block_hammer.py", line 10, in setup_demo
    super()._init_task_env_(**kwags)
  File "/root/data/robot/work/RoboTwin-openwam-verified/envs/_base_task.py", line 90, in _init_task_env_
    self.setup_scene()
  File "/root/data/robot/work/RoboTwin-openwam-verified/envs/_base_task.py", line 210, in setup_scene
    self.renderer = sapien.SapienRenderer()
  File "/root/data/miniconda3/envs/robotwin-openwam/lib/python3.10/site-packages/sapien/wrapper/renderer.py", line 9, in __init__
    super().__init__()
RuntimeError: vk::PhysicalDevice::createDeviceUnique: ErrorExtensionNotPresent
[eval_policy_wrapper] expert check skipped seed=100955: RuntimeError
[eval_policy_wrapper] exception in beat_block_hammer.setup_demo
Traceback (most recent call last):
  File "/root/data/robot/OpenWAM/benchmarks/robotwin/eval_policy_wrapper.py", line 218, in wrapped
    return method(*args, **kwargs)
  File "/root/data/robot/work/RoboTwin-openwam-verified/envs/beat_block_hammer.py", line 10, in setup_demo
    super()._init_task_env_(**kwags)
  File "/root/data/robot/work/RoboTwin-openwam-verified/envs/_base_task.py", line 90, in _init_task_env_
    self.setup_scene()
  File "/root/data/robot/work/RoboTwin-openwam-verified/envs/_base_task.py", line 210, in setup_scene
    self.renderer = sapien.SapienRenderer()
  File "/root/data/miniconda3/envs/robotwin-openwam/lib/python3.10/site-packages/sapien/wrapper/renderer.py", line 9, in __init__
    super().__init__()
RuntimeError: vk::PhysicalDevice::createDeviceUnique: ErrorExtensionNotPresent
[eval_policy_wrapper] expert check skipped seed=100956: RuntimeError
[eval_policy_wrapper] exception in beat_block_hammer.setup_demo
Traceback (most recent call last):
  File "/root/data/robot/OpenWAM/benchmarks/robotwin/eval_policy_wrapper.py", line 218, in wrapped
    return method(*args, **kwargs)
  File "/root/data/robot/work/RoboTwin-openwam-verified/envs/beat_block_hammer.py", line 10, in setup_demo
    super()._init_task_env_(**kwags)
  File "/root/data/robot/work/RoboTwin-openwam-verified/envs/_base_task.py", line 90, in _init_task_env_
    self.setup_scene()
  File "/root/data/robot/work/RoboTwin-openwam-verified/envs/_base_task.py", line 210, in setup_scene
    self.renderer = sapien.SapienRenderer()
  File "/root/data/miniconda3/envs/robotwin-openwam/lib/python3.10/site-packages/sapien/wrapper/renderer.py", line 9, in __init__
    super().__init__()
RuntimeError: vk::PhysicalDevice::createDeviceUnique: ErrorExtensionNotPresent
[eval_policy_wrapper] expert check skipped seed=100957: RuntimeError
[eval_policy_wrapper] exception in beat_block_hammer.setup_demo
Traceback (most recent call last):
  File "/root/data/robot/OpenWAM/benchmarks/robotwin/eval_policy_wrapper.py", line 218, in wrapped
    return method(*args, **kwargs)
  File "/root/data/robot/work/RoboTwin-openwam-verified/envs/beat_block_hammer.py", line 10, in setup_demo
    super()._init_task_env_(**kwags)
  File "/root/data/robot/work/RoboTwin-openwam-verified/envs/_base_task.py", line 90, in _init_task_env_
    self.setup_scene()
  File "/root/data/robot/work/RoboTwin-openwam-verified/envs/_base_task.py", line 210, in setup_scene
    self.renderer = sapien.SapienRenderer()
  File "/root/data/miniconda3/envs/robotwin-openwam/lib/python3.10/site-packages/sapien/wrapper/renderer.py", line 9, in __init__
    super().__init__()
RuntimeError: vk::PhysicalDevice::createDeviceUnique: ErrorExtensionNotPresent
[eval_policy_wrapper] expert check skipped seed=100958: RuntimeError
[eval_policy_wrapper] exception in beat_block_hammer.setup_demo
Traceback (most recent call last):
  File "/root/data/robot/OpenWAM/benchmarks/robotwin/eval_policy_wrapper.py", line 218, in wrapped
    return method(*args, **kwargs)
  File "/root/data/robot/work/RoboTwin-openwam-verified/envs/beat_block_hammer.py", line 10, in setup_demo
    super()._init_task_env_(**kwags)
  File "/root/data/robot/work/RoboTwin-openwam-verified/envs/_base_task.py", line 90, in _init_task_env_
    self.setup_scene()
  File "/root/data/robot/work/RoboTwin-openwam-verified/envs/_base_task.py", line 210, in setup_scene
    self.renderer = sapien.SapienRenderer()
  File "/root/data/miniconda3/envs/robotwin-openwam/lib/python3.10/site-packages/sapien/wrapper/renderer.py", line 9, in __init__
    super().__init__()
RuntimeError: vk::PhysicalDevice::createDeviceUnique: ErrorExtensionNotPresent
[eval_policy_wrapper] expert check skipped seed=100959: RuntimeError
[eval_policy_wrapper] exception in beat_block_hammer.setup_demo
Traceback (most recent call last):
  File "/root/data/robot/OpenWAM/benchmarks/robotwin/eval_policy_wrapper.py", line 218, in wrapped
    return method(*args, **kwargs)
  File "/root/data/robot/work/RoboTwin-openwam-verified/envs/beat_block_hammer.py", line 10, in setup_demo
    super()._init_task_env_(**kwags)
  File "/root/data/robot/work/RoboTwin-openwam-verified/envs/_base_task.py", line 90, in _init_task_env_
    self.setup_scene()
  File "/root/data/robot/work/RoboTwin-openwam-verified/envs/_base_task.py", line 210, in setup_scene
    self.renderer = sapien.SapienRenderer()
  File "/root/data/miniconda3/envs/robotwin-openwam/lib/python3.10/site-packages/sapien/wrapper/renderer.py", line 9, in __init__
    super().__init__()
RuntimeError: vk::PhysicalDevice::createDeviceUnique: ErrorExtensionNotPresent
[eval_policy_wrapper] expert check skipped seed=100960: RuntimeError
[eval_policy_wrapper] exception in beat_block_hammer.setup_demo
Traceback (most recent call last):
  File "/root/data/robot/OpenWAM/benchmarks/robotwin/eval_policy_wrapper.py", line 218, in wrapped
    return method(*args, **kwargs)
  File "/root/data/robot/work/RoboTwin-openwam-verified/envs/beat_block_hammer.py", line 10, in setup_demo
    super()._init_task_env_(**kwags)
  File "/root/data/robot/work/RoboTwin-openwam-verified/envs/_base_task.py", line 90, in _init_task_env_
    self.setup_scene()
  File "/root/data/robot/work/RoboTwin-openwam-verified/envs/_base_task.py", line 210, in setup_scene
    self.renderer = sapien.SapienRenderer()
  File "/root/data/miniconda3/envs/robotwin-openwam/lib/python3.10/site-packages/sapien/wrapper/renderer.py", line 9, in __init__
    super().__init__()
RuntimeError: vk::PhysicalDevice::createDeviceUnique: ErrorExtensionNotPresent
[eval_policy_wrapper] expert check skipped seed=100961: RuntimeError
[eval_policy_wrapper] exception in beat_block_hammer.setup_demo
Traceback (most recent call last):
  File "/root/data/robot/OpenWAM/benchmarks/robotwin/eval_policy_wrapper.py", line 218, in wrapped
    return method(*args, **kwargs)
  File "/root/data/robot/work/RoboTwin-openwam-verified/envs/beat_block_hammer.py", line 10, in setup_demo
    super()._init_task_env_(**kwags)
  File "/root/data/robot/work/RoboTwin-openwam-verified/envs/_base_task.py", line 90, in _init_task_env_
    self.setup_scene()
  File "/root/data/robot/work/RoboTwin-openwam-verified/envs/_base_task.py", line 210, in setup_scene
    self.renderer = sapien.SapienRenderer()
  File "/root/data/miniconda3/envs/robotwin-openwam/lib/python3.10/site-packages/sapien/wrapper/renderer.py", line 9, in __init__
    super().__init__()
RuntimeError: vk::PhysicalDevice::createDeviceUnique: ErrorExtensionNotPresent
[eval_policy_wrapper] expert check skipped seed=100962: RuntimeError
[eval_policy_wrapper] exception in beat_block_hammer.setup_demo
Traceback (most recent call last):
  File "/root/data/robot/OpenWAM/benchmarks/robotwin/eval_policy_wrapper.py", line 218, in wrapped
    return method(*args, **kwargs)
  File "/root/data/robot/work/RoboTwin-openwam-verified/envs/beat_block_hammer.py", line 10, in setup_demo
    super()._init_task_env_(**kwags)
  File "/root/data/robot/work/RoboTwin-openwam-verified/envs/_base_task.py", line 90, in _init_task_env_
    self.setup_scene()
  File "/root/data/robot/work/RoboTwin-openwam-verified/envs/_base_task.py", line 210, in setup_scene
    self.renderer = sapien.SapienRenderer()
  File "/root/data/miniconda3/envs/robotwin-openwam/lib/python3.10/site-packages/sapien/wrapper/renderer.py", line 9, in __init__
    super().__init__()
RuntimeError: vk::PhysicalDevice::createDeviceUnique: ErrorExtensionNotPresent
[eval_policy_wrapper] expert check skipped seed=100963: RuntimeError
[eval_policy_wrapper] exception in beat_block_hammer.setup_demo
Traceback (most recent call last):
  File "/root/data/robot/OpenWAM/benchmarks/robotwin/eval_policy_wrapper.py", line 218, in wrapped
    return method(*args, **kwargs)
  File "/root/data/robot/work/RoboTwin-openwam-verified/envs/beat_block_hammer.py", line 10, in setup_demo
    super()._init_task_env_(**kwags)
  File "/root/data/robot/work/RoboTwin-openwam-verified/envs/_base_task.py", line 90, in _init_task_env_
    self.setup_scene()
  File "/root/data/robot/work/RoboTwin-openwam-verified/envs/_base_task.py", line 210, in setup_scene
    self.renderer = sapien.SapienRenderer()
  File "/root/data/miniconda3/envs/robotwin-openwam/lib/python3.10/site-packages/sapien/wrapper/renderer.py", line 9, in __init__
    super().__init__()
RuntimeError: vk::PhysicalDevice::createDeviceUnique: ErrorExtensionNotPresent
[eval_policy_wrapper] expert check skipped seed=100964: RuntimeError
[eval_policy_wrapper] exception in beat_block_hammer.setup_demo
Traceback (most recent call last):
  File "/root/data/robot/OpenWAM/benchmarks/robotwin/eval_policy_wrapper.py", line 218, in wrapped
    return method(*args, **kwargs)
  File "/root/data/robot/work/RoboTwin-openwam-verified/envs/beat_block_hammer.py", line 10, in setup_demo
    super()._init_task_env_(**kwags)
  File "/root/data/robot/work/RoboTwin-openwam-verified/envs/_base_task.py", line 90, in _init_task_env_
    self.setup_scene()
  File "/root/data/robot/work/RoboTwin-openwam-verified/envs/_base_task.py", line 210, in setup_scene
    self.renderer = sapien.SapienRenderer()
  File "/root/data/miniconda3/envs/robotwin-openwam/lib/python3.10/site-packages/sapien/wrapper/renderer.py", line 9, in __init__
    super().__init__()
RuntimeError: vk::PhysicalDevice::createDeviceUnique: ErrorExtensionNotPresent
[eval_policy_wrapper] expert check skipped seed=100965: RuntimeError
[eval_policy_wrapper] exception in beat_block_hammer.setup_demo
Traceback (most recent call last):
  File "/root/data/robot/OpenWAM/benchmarks/robotwin/eval_policy_wrapper.py", line 218, in wrapped
    return method(*args, **kwargs)
  File "/root/data/robot/work/RoboTwin-openwam-verified/envs/beat_block_hammer.py", line 10, in setup_demo
    super()._init_task_env_(**kwags)
  File "/root/data/robot/work/RoboTwin-openwam-verified/envs/_base_task.py", line 90, in _init_task_env_
    self.setup_scene()
  File "/root/data/robot/work/RoboTwin-openwam-verified/envs/_base_task.py", line 210, in setup_scene
    self.renderer = sapien.SapienRenderer()
  File "/root/data/miniconda3/envs/robotwin-openwam/lib/python3.10/site-packages/sapien/wrapper/renderer.py", line 9, in __init__
    super().__init__()
RuntimeError: vk::PhysicalDevice::createDeviceUnique: ErrorExtensionNotPresent
[eval_policy_wrapper] expert check skipped seed=100966: RuntimeError
[eval_policy_wrapper] exception in beat_block_hammer.setup_demo
Traceback (most recent call last):
  File "/root/data/robot/OpenWAM/benchmarks/robotwin/eval_policy_wrapper.py", line 218, in wrapped
    return method(*args, **kwargs)
  File "/root/data/robot/work/RoboTwin-openwam-verified/envs/beat_block_hammer.py", line 10, in setup_demo
    super()._init_task_env_(**kwags)
  File "/root/data/robot/work/RoboTwin-openwam-verified/envs/_base_task.py", line 90, in _init_task_env_
    self.setup_scene()
  File "/root/data/robot/work/RoboTwin-openwam-verified/envs/_base_task.py", line 210, in setup_scene
    self.renderer = sapien.SapienRenderer()
  File "/root/data/miniconda3/envs/robotwin-openwam/lib/python3.10/site-packages/sapien/wrapper/renderer.py", line 9, in __init__
    super().__init__()
RuntimeError: vk::PhysicalDevice::createDeviceUnique: ErrorExtensionNotPresent
[eval_policy_wrapper] expert check skipped seed=100967: RuntimeError
[eval_policy_wrapper] exception in beat_block_hammer.setup_demo
Traceback (most recent call last):
  File "/root/data/robot/OpenWAM/benchmarks/robotwin/eval_policy_wrapper.py", line 218, in wrapped
    return method(*args, **kwargs)
  File "/root/data/robot/work/RoboTwin-openwam-verified/envs/beat_block_hammer.py", line 10, in setup_demo
    super()._init_task_env_(**kwags)
  File "/root/data/robot/work/RoboTwin-openwam-verified/envs/_base_task.py", line 90, in _init_task_env_
    self.setup_scene()
  File "/root/data/robot/work/RoboTwin-openwam-verified/envs/_base_task.py", line 210, in setup_scene
    self.renderer = sapien.SapienRenderer()
  File "/root/data/miniconda3/envs/robotwin-openwam/lib/python3.10/site-packages/sapien/wrapper/renderer.py", line 9, in __init__
    super().__init__()
RuntimeError: vk::PhysicalDevice::createDeviceUnique: ErrorExtensionNotPresent
[eval_policy_wrapper] expert check skipped seed=100968: RuntimeError
[eval_policy_wrapper] exception in beat_block_hammer.setup_demo
Traceback (most recent call last):
  File "/root/data/robot/OpenWAM/benchmarks/robotwin/eval_policy_wrapper.py", line 218, in wrapped
    return method(*args, **kwargs)
  File "/root/data/robot/work/RoboTwin-openwam-verified/envs/beat_block_hammer.py", line 10, in setup_demo
    super()._init_task_env_(**kwags)
  File "/root/data/robot/work/RoboTwin-openwam-verified/envs/_base_task.py", line 90, in _init_task_env_
    self.setup_scene()
  File "/root/data/robot/work/RoboTwin-openwam-verified/envs/_base_task.py", line 210, in setup_scene
    self.renderer = sapien.SapienRenderer()
  File "/root/data/miniconda3/envs/robotwin-openwam/lib/python3.10/site-packages/sapien/wrapper/renderer.py", line 9, in __init__
    super().__init__()
RuntimeError: vk::PhysicalDevice::createDeviceUnique: ErrorExtensionNotPresent
[eval_policy_wrapper] expert check skipped seed=100969: RuntimeError
[eval_policy_wrapper] exception in beat_block_hammer.setup_demo
Traceback (most recent call last):
  File "/root/data/robot/OpenWAM/benchmarks/robotwin/eval_policy_wrapper.py", line 218, in wrapped
    return method(*args, **kwargs)
  File "/root/data/robot/work/RoboTwin-openwam-verified/envs/beat_block_hammer.py", line 10, in setup_demo
    super()._init_task_env_(**kwags)
  File "/root/data/robot/work/RoboTwin-openwam-verified/envs/_base_task.py", line 90, in _init_task_env_
    self.setup_scene()
  File "/root/data/robot/work/RoboTwin-openwam-verified/envs/_base_task.py", line 210, in setup_scene
    self.renderer = sapien.SapienRenderer()
  File "/root/data/miniconda3/envs/robotwin-openwam/lib/python3.10/site-packages/sapien/wrapper/renderer.py", line 9, in __init__
    super().__init__()
RuntimeError: vk::PhysicalDevice::createDeviceUnique: ErrorExtensionNotPresent
[eval_policy_wrapper] expert check skipped seed=100970: RuntimeError
[eval_policy_wrapper] exception in beat_block_hammer.setup_demo
Traceback (most recent call last):
  File "/root/data/robot/OpenWAM/benchmarks/robotwin/eval_policy_wrapper.py", line 218, in wrapped
    return method(*args, **kwargs)
  File "/root/data/robot/work/RoboTwin-openwam-verified/envs/beat_block_hammer.py", line 10, in setup_demo
    super()._init_task_env_(**kwags)
  File "/root/data/robot/work/RoboTwin-openwam-verified/envs/_base_task.py", line 90, in _init_task_env_
    self.setup_scene()
  File "/root/data/robot/work/RoboTwin-openwam-verified/envs/_base_task.py", line 210, in setup_scene
    self.renderer = sapien.SapienRenderer()
  File "/root/data/miniconda3/envs/robotwin-openwam/lib/python3.10/site-packages/sapien/wrapper/renderer.py", line 9, in __init__
    super().__init__()
RuntimeError: vk::PhysicalDevice::createDeviceUnique: ErrorExtensionNotPresent
[eval_policy_wrapper] expert check skipped seed=100971: RuntimeError
[eval_policy_wrapper] exception in beat_block_hammer.setup_demo
Traceback (most recent call last):
  File "/root/data/robot/OpenWAM/benchmarks/robotwin/eval_policy_wrapper.py", line 218, in wrapped
    return method(*args, **kwargs)
  File "/root/data/robot/work/RoboTwin-openwam-verified/envs/beat_block_hammer.py", line 10, in setup_demo
    super()._init_task_env_(**kwags)
  File "/root/data/robot/work/RoboTwin-openwam-verified/envs/_base_task.py", line 90, in _init_task_env_
    self.setup_scene()
  File "/root/data/robot/work/RoboTwin-openwam-verified/envs/_base_task.py", line 210, in setup_scene
    self.renderer = sapien.SapienRenderer()
  File "/root/data/miniconda3/envs/robotwin-openwam/lib/python3.10/site-packages/sapien/wrapper/renderer.py", line 9, in __init__
    super().__init__()
RuntimeError: vk::PhysicalDevice::createDeviceUnique: ErrorExtensionNotPresent
[eval_policy_wrapper] expert check skipped seed=100972: RuntimeError
[eval_policy_wrapper] exception in beat_block_hammer.setup_demo
Traceback (most recent call last):
  File "/root/data/robot/OpenWAM/benchmarks/robotwin/eval_policy_wrapper.py", line 218, in wrapped
    return method(*args, **kwargs)
  File "/root/data/robot/work/RoboTwin-openwam-verified/envs/beat_block_hammer.py", line 10, in setup_demo
    super()._init_task_env_(**kwags)
  File "/root/data/robot/work/RoboTwin-openwam-verified/envs/_base_task.py", line 90, in _init_task_env_
    self.setup_scene()
  File "/root/data/robot/work/RoboTwin-openwam-verified/envs/_base_task.py", line 210, in setup_scene
    self.renderer = sapien.SapienRenderer()
  File "/root/data/miniconda3/envs/robotwin-openwam/lib/python3.10/site-packages/sapien/wrapper/renderer.py", line 9, in __init__
    super().__init__()
RuntimeError: vk::PhysicalDevice::createDeviceUnique: ErrorExtensionNotPresent
[eval_policy_wrapper] expert check skipped seed=100973: RuntimeError
[eval_policy_wrapper] exception in beat_block_hammer.setup_demo
Traceback (most recent call last):
  File "/root/data/robot/OpenWAM/benchmarks/robotwin/eval_policy_wrapper.py", line 218, in wrapped
    return method(*args, **kwargs)
  File "/root/data/robot/work/RoboTwin-openwam-verified/envs/beat_block_hammer.py", line 10, in setup_demo
    super()._init_task_env_(**kwags)
  File "/root/data/robot/work/RoboTwin-openwam-verified/envs/_base_task.py", line 90, in _init_task_env_
    self.setup_scene()
  File "/root/data/robot/work/RoboTwin-openwam-verified/envs/_base_task.py", line 210, in setup_scene
    self.renderer = sapien.SapienRenderer()
  File "/root/data/miniconda3/envs/robotwin-openwam/lib/python3.10/site-packages/sapien/wrapper/renderer.py", line 9, in __init__
    super().__init__()
RuntimeError: vk::PhysicalDevice::createDeviceUnique: ErrorExtensionNotPresent
[eval_policy_wrapper] expert check skipped seed=100974: RuntimeError
[eval_policy_wrapper] exception in beat_block_hammer.setup_demo
Traceback (most recent call last):
  File "/root/data/robot/OpenWAM/benchmarks/robotwin/eval_policy_wrapper.py", line 218, in wrapped
    return method(*args, **kwargs)
  File "/root/data/robot/work/RoboTwin-openwam-verified/envs/beat_block_hammer.py", line 10, in setup_demo
    super()._init_task_env_(**kwags)
  File "/root/data/robot/work/RoboTwin-openwam-verified/envs/_base_task.py", line 90, in _init_task_env_
    self.setup_scene()
  File "/root/data/robot/work/RoboTwin-openwam-verified/envs/_base_task.py", line 210, in setup_scene
    self.renderer = sapien.SapienRenderer()
  File "/root/data/miniconda3/envs/robotwin-openwam/lib/python3.10/site-packages/sapien/wrapper/renderer.py", line 9, in __init__
    super().__init__()
RuntimeError: vk::PhysicalDevice::createDeviceUnique: ErrorExtensionNotPresent
[eval_policy_wrapper] expert check skipped seed=100975: RuntimeError
[eval_policy_wrapper] exception in beat_block_hammer.setup_demo
Traceback (most recent call last):
  File "/root/data/robot/OpenWAM/benchmarks/robotwin/eval_policy_wrapper.py", line 218, in wrapped
    return method(*args, **kwargs)
  File "/root/data/robot/work/RoboTwin-openwam-verified/envs/beat_block_hammer.py", line 10, in setup_demo
    super()._init_task_env_(**kwags)
  File "/root/data/robot/work/RoboTwin-openwam-verified/envs/_base_task.py", line 90, in _init_task_env_
    self.setup_scene()
  File "/root/data/robot/work/RoboTwin-openwam-verified/envs/_base_task.py", line 210, in setup_scene
    self.renderer = sapien.SapienRenderer()
  File "/root/data/miniconda3/envs/robotwin-openwam/lib/python3.10/site-packages/sapien/wrapper/renderer.py", line 9, in __init__
    super().__init__()
RuntimeError: vk::PhysicalDevice::createDeviceUnique: ErrorExtensionNotPresent
[eval_policy_wrapper] expert check skipped seed=100976: RuntimeError
[eval_policy_wrapper] exception in beat_block_hammer.setup_demo
Traceback (most recent call last):
  File "/root/data/robot/OpenWAM/benchmarks/robotwin/eval_policy_wrapper.py", line 218, in wrapped
    return method(*args, **kwargs)
  File "/root/data/robot/work/RoboTwin-openwam-verified/envs/beat_block_hammer.py", line 10, in setup_demo
    super()._init_task_env_(**kwags)
  File "/root/data/robot/work/RoboTwin-openwam-verified/envs/_base_task.py", line 90, in _init_task_env_
    self.setup_scene()
  File "/root/data/robot/work/RoboTwin-openwam-verified/envs/_base_task.py", line 210, in setup_scene
    self.renderer = sapien.SapienRenderer()
  File "/root/data/miniconda3/envs/robotwin-openwam/lib/python3.10/site-packages/sapien/wrapper/renderer.py", line 9, in __init__
    super().__init__()
RuntimeError: vk::PhysicalDevice::createDeviceUnique: ErrorExtensionNotPresent
[eval_policy_wrapper] expert check skipped seed=100977: RuntimeError
[eval_policy_wrapper] exception in beat_block_hammer.setup_demo
Traceback (most recent call last):
  File "/root/data/robot/OpenWAM/benchmarks/robotwin/eval_policy_wrapper.py", line 218, in wrapped
    return method(*args, **kwargs)
  File "/root/data/robot/work/RoboTwin-openwam-verified/envs/beat_block_hammer.py", line 10, in setup_demo
    super()._init_task_env_(**kwags)
  File "/root/data/robot/work/RoboTwin-openwam-verified/envs/_base_task.py", line 90, in _init_task_env_
    self.setup_scene()
  File "/root/data/robot/work/RoboTwin-openwam-verified/envs/_base_task.py", line 210, in setup_scene
    self.renderer = sapien.SapienRenderer()
  File "/root/data/miniconda3/envs/robotwin-openwam/lib/python3.10/site-packages/sapien/wrapper/renderer.py", line 9, in __init__
    super().__init__()
RuntimeError: vk::PhysicalDevice::createDeviceUnique: ErrorExtensionNotPresent
[eval_policy_wrapper] expert check skipped seed=100978: RuntimeError
[eval_policy_wrapper] exception in beat_block_hammer.setup_demo
Traceback (most recent call last):
  File "/root/data/robot/OpenWAM/benchmarks/robotwin/eval_policy_wrapper.py", line 218, in wrapped
    return method(*args, **kwargs)
  File "/root/data/robot/work/RoboTwin-openwam-verified/envs/beat_block_hammer.py", line 10, in setup_demo
    super()._init_task_env_(**kwags)
  File "/root/data/robot/work/RoboTwin-openwam-verified/envs/_base_task.py", line 90, in _init_task_env_
    self.setup_scene()
  File "/root/data/robot/work/RoboTwin-openwam-verified/envs/_base_task.py", line 210, in setup_scene
    self.renderer = sapien.SapienRenderer()
  File "/root/data/miniconda3/envs/robotwin-openwam/lib/python3.10/site-packages/sapien/wrapper/renderer.py", line 9, in __init__
    super().__init__()
RuntimeError: vk::PhysicalDevice::createDeviceUnique: ErrorExtensionNotPresent
[eval_policy_wrapper] expert check skipped seed=100979: RuntimeError
[eval_policy_wrapper] exception in beat_block_hammer.setup_demo
Traceback (most recent call last):
  File "/root/data/robot/OpenWAM/benchmarks/robotwin/eval_policy_wrapper.py", line 218, in wrapped
    return method(*args, **kwargs)
  File "/root/data/robot/work/RoboTwin-openwam-verified/envs/beat_block_hammer.py", line 10, in setup_demo
    super()._init_task_env_(**kwags)
  File "/root/data/robot/work/RoboTwin-openwam-verified/envs/_base_task.py", line 90, in _init_task_env_
    self.setup_scene()
  File "/root/data/robot/work/RoboTwin-openwam-verified/envs/_base_task.py", line 210, in setup_scene
    self.renderer = sapien.SapienRenderer()
  File "/root/data/miniconda3/envs/robotwin-openwam/lib/python3.10/site-packages/sapien/wrapper/renderer.py", line 9, in __init__
    super().__init__()
RuntimeError: vk::PhysicalDevice::createDeviceUnique: ErrorExtensionNotPresent
[eval_policy_wrapper] expert check skipped seed=100980: RuntimeError
[eval_policy_wrapper] exception in beat_block_hammer.setup_demo
Traceback (most recent call last):
  File "/root/data/robot/OpenWAM/benchmarks/robotwin/eval_policy_wrapper.py", line 218, in wrapped
    return method(*args, **kwargs)
  File "/root/data/robot/work/RoboTwin-openwam-verified/envs/beat_block_hammer.py", line 10, in setup_demo
    super()._init_task_env_(**kwags)
  File "/root/data/robot/work/RoboTwin-openwam-verified/envs/_base_task.py", line 90, in _init_task_env_
    self.setup_scene()
  File "/root/data/robot/work/RoboTwin-openwam-verified/envs/_base_task.py", line 210, in setup_scene
    self.renderer = sapien.SapienRenderer()
  File "/root/data/miniconda3/envs/robotwin-openwam/lib/python3.10/site-packages/sapien/wrapper/renderer.py", line 9, in __init__
    super().__init__()
RuntimeError: vk::PhysicalDevice::createDeviceUnique: ErrorExtensionNotPresent
[eval_policy_wrapper] expert check skipped seed=100981: RuntimeError
[eval_policy_wrapper] exception in beat_block_hammer.setup_demo
Traceback (most recent call last):
  File "/root/data/robot/OpenWAM/benchmarks/robotwin/eval_policy_wrapper.py", line 218, in wrapped
    return method(*args, **kwargs)
  File "/root/data/robot/work/RoboTwin-openwam-verified/envs/beat_block_hammer.py", line 10, in setup_demo
    super()._init_task_env_(**kwags)
  File "/root/data/robot/work/RoboTwin-openwam-verified/envs/_base_task.py", line 90, in _init_task_env_
    self.setup_scene()
  File "/root/data/robot/work/RoboTwin-openwam-verified/envs/_base_task.py", line 210, in setup_scene
    self.renderer = sapien.SapienRenderer()
  File "/root/data/miniconda3/envs/robotwin-openwam/lib/python3.10/site-packages/sapien/wrapper/renderer.py", line 9, in __init__
    super().__init__()
RuntimeError: vk::PhysicalDevice::createDeviceUnique: ErrorExtensionNotPresent
[eval_policy_wrapper] expert check skipped seed=100982: RuntimeError
[eval_policy_wrapper] exception in beat_block_hammer.setup_demo
Traceback (most recent call last):
  File "/root/data/robot/OpenWAM/benchmarks/robotwin/eval_policy_wrapper.py", line 218, in wrapped
    return method(*args, **kwargs)
  File "/root/data/robot/work/RoboTwin-openwam-verified/envs/beat_block_hammer.py", line 10, in setup_demo
    super()._init_task_env_(**kwags)
  File "/root/data/robot/work/RoboTwin-openwam-verified/envs/_base_task.py", line 90, in _init_task_env_
    self.setup_scene()
  File "/root/data/robot/work/RoboTwin-openwam-verified/envs/_base_task.py", line 210, in setup_scene
    self.renderer = sapien.SapienRenderer()
  File "/root/data/miniconda3/envs/robotwin-openwam/lib/python3.10/site-packages/sapien/wrapper/renderer.py", line 9, in __init__
    super().__init__()
RuntimeError: vk::PhysicalDevice::createDeviceUnique: ErrorExtensionNotPresent
[eval_policy_wrapper] expert check skipped seed=100983: RuntimeError
